,Date,Salinity Value,Temperature (C),Conductivity,Fit
0,2022-05-17 13:05:00-04:00,21.058,17.7,28843.2,[29774.33124941]
1,2022-05-17 13:35:00-04:00,20.413,18.4,28475.6,[29774.33124941]
2,2022-05-17 14:05:00-04:00,20.155,18.68,28321.1,[29773.37787662]
3,2022-05-17 14:35:00-04:00,19.835,18.9,28046.8,[29773.37787662]
4,2022-05-17 15:05:00-04:00,20.127,18.7,28297.4,[29772.42450383]
5,2022-05-17 15:35:00-04:00,20.984,18.09,29000.0,[29772.42450383]
6,2022-05-17 16:05:00-04:00,21.466,17.68,29336.4,[29771.47113105]
7,2022-05-17 16:35:00-04:00,21.483,17.58,29292.7,[29771.47113105]
8,2022-05-17 17:05:00-04:00,22.083,16.98,29634.4,[29770.51775826]
9,2022-05-17 17:35:00-04:00,22.253,16.88,29774.5,[29770.51775826]
10,2022-05-17 18:05:00-04:00,22.478,16.77,29973.7,[29769.56438547]
11,2022-05-17 18:35:00-04:00,22.472,16.81,29993.1,[29769.56438547]
12,2022-05-17 19:05:00-04:00,22.409,16.83,29930.7,[29768.61101269]
13,2022-05-17 19:35:00-04:00,22.575,16.6,29975.9,[29768.61101269]
14,2022-05-17 20:05:00-04:00,22.908,16.2,30103.4,[29767.6576399]
15,2022-05-17 20:35:00-04:00,23.24,15.69,30146.8,[29767.6576399]
16,2022-05-17 21:05:00-04:00,23.529,15.13,30096.9,[29766.70426711]
17,2022-05-17 21:35:00-04:00,23.604,15.03,30114.2,[29766.70426711]
18,2022-05-17 22:05:00-04:00,23.589,15.08,30131.6,[29765.75089433]
19,2022-05-17 22:35:00-04:00,23.556,15.16,30149.0,[29765.75089433]
20,2022-05-17 23:05:00-04:00,23.408,15.37,30122.9,[29764.79752154]
21,2022-05-17 23:35:00-04:00,23.298,15.5,30083.9,[29764.79752154]
22,2022-05-18 00:05:00-04:00,23.031,15.68,29894.2,[29763.84414876]
23,2022-05-18 00:35:00-04:00,22.538,15.89,29453.3,[29763.84414876]
24,2022-05-18 01:05:00-04:00,22.01,16.0,28898.0,[29762.89077597]
25,2022-05-18 01:35:00-04:00,21.561,16.05,28394.2,[29762.89077597]
26,2022-05-18 02:05:00-04:00,20.999,16.09,27745.7,[29761.93740318]
27,2022-05-18 02:35:00-04:00,20.433,16.06,27046.3,[29761.93740318]
28,2022-05-18 03:05:00-04:00,20.359,16.02,26932.2,[29760.9840304]
29,2022-05-18 03:35:00-04:00,20.344,16.03,26921.2,[29760.9840304]
30,2022-05-18 04:05:00-04:00,20.211,15.97,26724.0,[29760.03065761]
31,2022-05-18 04:35:00-04:00,20.642,15.98,27248.6,[29760.03065761]
32,2022-05-18 05:05:00-04:00,20.935,15.97,27593.2,[29759.07728481]
33,2022-05-18 05:35:00-04:00,21.072,15.96,27751.5,[29759.07728481]
34,2022-05-18 06:05:00-04:00,21.397,15.92,28115.0,[29758.12391204]
35,2022-05-18 06:35:00-04:00,21.746,15.85,28485.5,[29758.12391204]
36,2022-05-18 07:05:00-04:00,22.51,15.62,29238.8,[29757.17053925]
37,2022-05-18 07:35:00-04:00,22.409,15.29,28900.1,[29757.17053925]
38,2022-05-18 08:05:00-04:00,22.547,15.28,29055.3,[29756.21716645]
39,2022-05-18 08:35:00-04:00,23.055,15.35,29695.8,[29756.21716645]
40,2022-05-18 09:05:00-04:00,23.391,15.3,30053.6,[29755.26379368]
41,2022-05-18 09:35:00-04:00,23.43,15.29,30092.5,[29755.26379368]
42,2022-05-18 10:05:00-04:00,23.43,15.33,30120.7,[29754.31042089]
43,2022-05-18 10:35:00-04:00,23.489,15.21,30105.5,[29754.31042089]
44,2022-05-18 11:05:00-04:00,23.148,15.76,30086.0,[29753.35704809]
45,2022-05-18 11:35:00-04:00,23.015,15.91,30032.0,[29753.35704809]
46,2022-05-18 12:05:00-04:00,22.651,16.29,29857.8,[29752.40367531]
47,2022-05-18 12:35:00-04:00,22.218,16.67,29592.1,[29752.40367531]
48,2022-05-18 13:05:00-04:00,21.733,17.08,29274.0,[29751.45030253]
49,2022-05-18 13:35:00-04:00,21.063,17.65,28816.8,[29751.45030253]
50,2022-05-18 14:05:00-04:00,20.113,18.3,28033.2,[29750.49692973]
51,2022-05-18 14:35:00-04:00,19.455,18.63,27394.7,[29750.49692973]
52,2022-05-18 15:05:00-04:00,18.942,19.02,26965.2,[29749.54355695]
53,2022-05-18 15:35:00-04:00,19.775,18.65,27816.7,[29749.54355695]
54,2022-05-18 16:05:00-04:00,20.13,18.5,28177.5,[29748.59018417]
55,2022-05-18 16:35:00-04:00,20.95,18.08,28951.0,[29748.59018417]
56,2022-05-18 17:05:00-04:00,21.738,17.52,29568.9,[29747.63681138]
57,2022-05-18 17:35:00-04:00,22.013,17.38,29815.0,[29747.63681138]
58,2022-05-18 18:05:00-04:00,22.163,17.38,29999.6,[29746.68343859]
59,2022-05-18 18:35:00-04:00,22.499,17.15,30255.8,[29746.68343859]
60,2022-05-18 19:05:00-04:00,22.621,17.06,30343.4,[29745.73006581]
61,2022-05-18 19:35:00-04:00,22.839,16.81,30438.1,[29745.73006581]
62,2022-05-18 20:05:00-04:00,22.831,16.68,30339.0,[29744.77669302]
63,2022-05-18 20:35:00-04:00,22.856,16.46,30218.7,[29744.77669302]
64,2022-05-18 21:05:00-04:00,23.345,15.77,30325.9,[29743.82332023]
65,2022-05-18 21:35:00-04:00,23.477,15.49,30286.4,[29743.82332023]
66,2022-05-18 22:05:00-04:00,23.605,15.33,30323.7,[29742.86994745]
67,2022-05-18 22:35:00-04:00,23.684,15.27,30374.2,[29742.86994745]
68,2022-05-18 23:05:00-04:00,23.679,15.3,30389.6,[29741.91657466]
69,2022-05-18 23:35:00-04:00,23.646,15.33,30372.0,[29741.91657466]
70,2022-05-19 00:05:00-04:00,23.462,15.51,30282.0,[29740.96320187]
71,2022-05-19 00:35:00-04:00,23.249,15.69,30157.7,[29740.96320187]
72,2022-05-19 01:05:00-04:00,22.724,15.85,29647.1,[29740.00982909]
73,2022-05-19 01:35:00-04:00,22.283,16.02,29236.7,[29740.00982909]
74,2022-05-19 02:05:00-04:00,22.016,16.09,28965.3,[29739.0564563]
75,2022-05-19 02:35:00-04:00,21.618,16.19,28553.3,[29739.0564563]
76,2022-05-19 03:05:00-04:00,21.117,16.27,28002.1,[29738.10308351]
77,2022-05-19 03:35:00-04:00,20.729,16.27,27534.4,[29738.10308351]
78,2022-05-19 04:05:00-04:00,20.619,16.27,27400.4,[29737.14971073]
79,2022-05-19 04:35:00-04:00,20.514,16.25,27261.7,[29737.14971073]
80,2022-05-19 05:05:00-04:00,20.403,16.25,27127.7,[29736.19633794]
81,2022-05-19 05:35:00-04:00,20.815,16.19,27587.5,[29736.19633794]
82,2022-05-19 06:05:00-04:00,21.002,16.16,27793.7,[29735.24296515]
83,2022-05-19 06:35:00-04:00,21.342,16.12,28177.5,[29735.24296515]
84,2022-05-19 07:05:00-04:00,21.352,16.06,28150.2,[29734.28959237]
85,2022-05-19 07:35:00-04:00,22.079,15.93,28934.7,[29734.28959237]
86,2022-05-19 08:05:00-04:00,22.77,15.58,29518.4,[29733.33621958]
87,2022-05-19 08:35:00-04:00,22.763,15.35,29355.1,[29733.33621958]
88,2022-05-19 09:05:00-04:00,23.137,15.21,29695.8,[29732.3828468]
89,2022-05-19 09:35:00-04:00,23.398,15.16,29965.1,[29732.3828468]
90,2022-05-19 10:05:00-04:00,23.618,15.11,30186.0,[29731.42947401]
91,2022-05-19 10:35:00-04:00,23.708,15.08,30268.9,[29731.42947401]
92,2022-05-19 11:05:00-04:00,23.671,15.06,30212.1,[29730.47610122]
93,2022-05-19 11:35:00-04:00,23.562,15.15,30149.0,[29730.47610122]
94,2022-05-19 12:05:00-04:00,23.513,15.2,30127.2,[29729.52272844]
95,2022-05-19 12:35:00-04:00,23.556,15.17,30155.5,[29729.52272844]
96,2022-05-19 13:05:00-04:00,23.269,15.3,29911.4,[29728.56935565]
97,2022-05-19 13:35:00-04:00,22.705,15.43,29340.5,[29728.56935565]
98,2022-05-19 14:05:00-04:00,22.235,15.5,28835.1,[29727.61598286]
99,2022-05-19 14:35:00-04:00,21.729,15.61,28309.2,[29727.61598286]
100,2022-05-19 15:05:00-04:00,21.228,15.69,27766.8,[29726.66261008]
101,2022-05-19 15:35:00-04:00,20.92,15.71,27411.7,[29726.66261008]
102,2022-05-19 16:05:00-04:00,20.798,15.75,27291.6,[29725.70923729]
103,2022-05-19 16:35:00-04:00,20.803,15.74,27291.6,[29725.70923729]
104,2022-05-19 17:05:00-04:00,21.42,15.68,27988.5,[29724.7558645]
105,2022-05-19 17:35:00-04:00,21.672,15.62,28248.2,[29724.7558645]
106,2022-05-19 18:05:00-04:00,21.927,15.61,28543.4,[29723.80249172]
107,2022-05-19 18:35:00-04:00,22.666,15.42,29288.6,[29723.80249172]
108,2022-05-19 19:05:00-04:00,22.782,15.38,29396.9,[29722.84911893]
109,2022-05-19 19:35:00-04:00,22.995,15.31,29598.4,[29722.84911893]
110,2022-05-19 20:05:00-04:00,23.148,15.24,29729.8,[29721.89574614]
111,2022-05-19 20:35:00-04:00,23.267,15.16,29812.9,[29721.89574614]
112,2022-05-19 21:05:00-04:00,23.443,15.06,29947.9,[29720.94237336]
113,2022-05-19 21:35:00-04:00,23.595,14.97,30062.2,[29720.94237336]
114,2022-05-19 22:05:00-04:00,23.619,14.94,30068.7,[29719.98900057]
115,2022-05-19 22:35:00-04:00,23.821,14.89,30266.7,[29719.98900057]
116,2022-05-19 23:05:00-04:00,23.894,14.82,30301.7,[29719.03562778]
117,2022-05-19 23:35:00-04:00,23.902,14.77,30275.5,[29719.03562778]
118,2022-05-20 00:05:00-04:00,23.904,14.76,30271.1,[29718.082255]
119,2022-05-20 00:35:00-04:00,23.837,14.81,30229.6,[29718.082255]
120,2022-05-20 01:05:00-04:00,23.717,14.84,30112.1,[29717.12888221]
121,2022-05-20 01:35:00-04:00,23.383,14.86,29740.4,[29717.12888221]
122,2022-05-20 02:05:00-04:00,22.897,14.86,29178.8,[29716.17550942]
123,2022-05-20 02:35:00-04:00,22.445,14.83,28635.4,[29716.17550942]
124,2022-05-20 03:05:00-04:00,22.068,14.81,28185.4,[29715.22213664]
125,2022-05-20 03:35:00-04:00,21.772,14.79,27828.2,[29715.22213664]
126,2022-05-20 04:05:00-04:00,21.303,14.73,27244.9,[29714.26876386]
127,2022-05-20 04:35:00-04:00,21.144,14.68,27027.9,[29714.26876386]
128,2022-05-20 05:05:00-04:00,21.154,14.7,27051.9,[29713.31539106]
129,2022-05-20 05:35:00-04:00,21.302,14.72,27237.4,[29713.31539106]
130,2022-05-20 06:05:00-04:00,21.423,14.7,27364.7,[29712.36201828]
131,2022-05-20 06:35:00-04:00,21.251,14.69,27159.3,[29712.36201828]
132,2022-05-20 07:05:00-04:00,20.798,14.56,26550.4,[29711.4086455]
133,2022-05-20 07:35:00-04:00,20.939,14.58,26727.6,[29711.4086455]
134,2022-05-20 08:05:00-04:00,21.863,14.73,27895.7,[29710.4552727]
135,2022-05-20 08:35:00-04:00,22.278,14.77,28402.1,[29710.4552727]
136,2022-05-20 09:05:00-04:00,23.25,14.75,29512.1,[29709.50189992]
137,2022-05-20 09:35:00-04:00,22.698,14.67,28820.9,[29709.50189992]
138,2022-05-20 10:05:00-04:00,23.222,14.73,29465.9,[29708.54852714]
139,2022-05-20 10:35:00-04:00,23.57,14.81,29922.1,[29708.54852714]
140,2022-05-20 11:05:00-04:00,23.695,14.86,30101.2,[29707.59515434]
141,2022-05-20 11:35:00-04:00,23.726,14.94,30192.5,[29707.59515434]
142,2022-05-20 12:05:00-04:00,23.706,14.97,30190.3,[29706.64178156]
143,2022-05-20 12:35:00-04:00,23.686,15.06,30229.6,[29706.64178156]
144,2022-05-20 13:05:00-04:00,23.437,15.34,30135.9,[29705.68840878]
145,2022-05-20 13:35:00-04:00,23.137,15.75,30066.6,[29705.68840878]
146,2022-05-20 14:05:00-04:00,22.759,16.27,29973.7,[29704.73503598]
147,2022-05-20 14:35:00-04:00,22.362,16.53,29672.5,[29704.73503598]
148,2022-05-20 15:05:00-04:00,21.937,16.98,29457.5,[29703.78166319]
149,2022-05-20 15:35:00-04:00,21.267,17.56,29012.3,[29703.78166319]
150,2022-05-20 16:05:00-04:00,21.266,17.62,29049.2,[29702.82829042]
151,2022-05-20 16:35:00-04:00,20.706,18.04,28619.4,[29702.82829042]
152,2022-05-20 17:05:00-04:00,20.867,17.96,28770.3,[29701.87491762]
153,2022-05-20 17:35:00-04:00,20.523,18.07,28408.1,[29701.87491762]
154,2022-05-20 18:05:00-04:00,20.392,18.17,28305.3,[29700.92154483]
155,2022-05-20 18:35:00-04:00,21.88,17.29,29592.1,[29700.92154483]
156,2022-05-20 19:05:00-04:00,22.026,17.04,29604.8,[29699.96817206]
157,2022-05-20 19:35:00-04:00,22.573,16.65,30008.2,[29699.96817206]
158,2022-05-20 20:05:00-04:00,22.784,16.6,30227.4,[29699.01479926]
159,2022-05-20 20:35:00-04:00,22.911,16.36,30216.5,[29699.01479926]
160,2022-05-20 21:05:00-04:00,23.156,16.27,30446.9,[29698.06142648]
161,2022-05-20 21:35:00-04:00,23.336,16.11,30551.0,[29698.06142648]
162,2022-05-20 22:05:00-04:00,23.23,16.12,30431.5,[29697.1080537]
163,2022-05-20 22:35:00-04:00,23.208,15.61,30053.6,[29697.1080537]
164,2022-05-20 23:05:00-04:00,23.309,15.63,30186.0,[29696.1546809]
165,2022-05-20 23:35:00-04:00,23.586,15.37,30330.3,[29696.1546809]
166,2022-05-21 00:05:00-04:00,23.585,15.15,30175.1,[29695.20130812]
167,2022-05-21 00:35:00-04:00,23.857,15.09,30449.1,[29695.20130812]
168,2022-05-21 01:05:00-04:00,23.75,15.16,30374.2,[29694.24793533]
169,2022-05-21 01:35:00-04:00,23.698,15.18,30328.1,[29694.24793533]
170,2022-05-21 02:05:00-04:00,23.665,15.21,30310.5,[29693.29456254]
171,2022-05-21 02:35:00-04:00,23.236,15.44,29969.4,[29693.29456254]
172,2022-05-21 03:05:00-04:00,22.765,15.62,29539.4,[29692.34118976]
173,2022-05-21 03:35:00-04:00,22.401,15.76,29203.6,[29692.34118976]
174,2022-05-21 04:05:00-04:00,21.871,15.88,28653.5,[29691.38781697]
175,2022-05-21 04:35:00-04:00,21.339,15.97,28077.9,[29691.38781697]
176,2022-05-21 05:05:00-04:00,21.258,15.98,27986.6,[29690.43444418]
177,2022-05-21 05:35:00-04:00,21.237,15.97,27955.6,[29690.43444418]
178,2022-05-21 06:05:00-04:00,21.474,15.93,28212.8,[29689.4810714]
179,2022-05-21 06:35:00-04:00,21.618,15.89,28358.6,[29689.4810714]
180,2022-05-21 07:05:00-04:00,21.151,15.98,27859.0,[29688.52769861]
181,2022-05-21 07:35:00-04:00,21.001,16.0,27692.2,[29688.52769861]
182,2022-05-21 08:05:00-04:00,21.95,15.83,28715.8,[29687.57432582]
183,2022-05-21 08:35:00-04:00,21.915,15.78,28641.4,[29687.57432582]
184,2022-05-21 09:05:00-04:00,22.329,15.72,29092.3,[29686.62095304]
185,2022-05-21 09:35:00-04:00,22.545,15.67,29313.5,[29686.62095304]
186,2022-05-21 10:05:00-04:00,23.153,15.41,29851.4,[29685.66758025]
187,2022-05-21 10:35:00-04:00,23.083,15.52,29844.9,[29685.66758025]
188,2022-05-21 11:05:00-04:00,23.166,15.64,30025.5,[29684.71420746]
189,2022-05-21 11:35:00-04:00,23.374,15.67,30290.8,[29684.71420746]
190,2022-05-21 12:05:00-04:00,23.377,15.7,30314.9,[29683.76083468]
191,2022-05-21 12:35:00-04:00,23.559,15.76,30571.0,[29683.76083468]
192,2022-05-21 13:05:00-04:00,23.528,15.88,30617.7,[29682.8074619]
193,2022-05-21 13:35:00-04:00,23.606,15.77,30633.4,[29682.8074619]
194,2022-05-21 14:05:00-04:00,23.325,16.27,30649.0,[29681.8540891]
195,2022-05-21 14:35:00-04:00,23.26,16.34,30620.0,[29681.8540891]
196,2022-05-21 15:05:00-04:00,22.974,16.67,30504.4,[29680.90071632]
197,2022-05-21 15:35:00-04:00,22.938,16.85,30584.4,[29680.90071632]
198,2022-05-21 16:05:00-04:00,22.212,17.74,30301.7,[29679.94734354]
199,2022-05-21 16:35:00-04:00,21.097,18.71,29541.5,[29679.94734354]
200,2022-05-21 17:05:00-04:00,20.702,19.08,29274.0,[29678.99397074]
201,2022-05-21 17:35:00-04:00,20.41,19.38,29086.1,[29678.99397074]
202,2022-05-21 18:05:00-04:00,20.244,19.54,28971.4,[29678.04059796]
203,2022-05-21 18:35:00-04:00,20.216,19.64,28998.0,[29678.04059796]
204,2022-05-21 19:05:00-04:00,20.165,19.57,28887.9,[29677.08722518]
205,2022-05-21 19:35:00-04:00,21.241,18.64,29678.8,[29677.08722518]
206,2022-05-21 20:05:00-04:00,22.213,17.59,30201.2,[29676.13385238]
207,2022-05-21 20:35:00-04:00,22.854,16.91,30524.4,[29676.13385238]
208,2022-05-21 21:05:00-04:00,22.841,16.95,30535.5,[29675.1804796]
209,2022-05-21 21:35:00-04:00,23.035,16.76,30640.0,[29675.1804796]
210,2022-05-21 22:05:00-04:00,23.176,16.53,30651.2,[29674.22710682]
211,2022-05-21 22:35:00-04:00,23.189,16.65,30749.7,[29674.22710682]
212,2022-05-21 23:05:00-04:00,23.252,16.68,30846.4,[29673.27373403]
213,2022-05-21 23:35:00-04:00,23.188,16.6,30713.8,[29673.27373403]
214,2022-05-22 00:05:00-04:00,23.409,16.23,30720.5,[29672.32036124]
215,2022-05-22 00:35:00-04:00,23.608,16.02,30810.4,[29672.32036124]
216,2022-05-22 01:05:00-04:00,23.664,15.84,30749.7,[29671.36698846]
217,2022-05-22 01:35:00-04:00,23.589,16.02,30787.9,[29671.36698846]
218,2022-05-22 02:05:00-04:00,23.669,15.92,30812.6,[29670.41361567]
219,2022-05-22 02:35:00-04:00,23.501,16.06,30711.6,[29670.41361567]
220,2022-05-22 03:05:00-04:00,23.196,16.3,30515.5,[29669.46024288]
221,2022-05-22 03:35:00-04:00,22.726,16.49,30083.9,[29669.46024288]
222,2022-05-22 04:05:00-04:00,22.361,16.58,29704.3,[29668.5068701]
223,2022-05-22 04:35:00-04:00,22.022,16.67,29355.1,[29668.5068701]
224,2022-05-22 05:05:00-04:00,22.066,16.64,29388.5,[29667.55349731]
225,2022-05-22 05:35:00-04:00,21.931,16.73,29284.4,[29667.55349731]
226,2022-05-22 06:05:00-04:00,21.947,16.71,29290.6,[29666.60012452]
227,2022-05-22 06:35:00-04:00,21.829,16.76,29180.9,[29666.60012452]
228,2022-05-22 07:05:00-04:00,21.589,16.79,28908.2,[29665.64675174]
229,2022-05-22 07:35:00-04:00,21.43,16.8,28721.9,[29665.64675174]
230,2022-05-22 08:05:00-04:00,21.52,16.8,28831.0,[29664.69337895]
231,2022-05-22 08:35:00-04:00,21.814,16.77,29168.5,[29664.69337895]
232,2022-05-22 09:05:00-04:00,22.168,16.71,29558.4,[29663.74000616]
233,2022-05-22 09:35:00-04:00,22.148,16.72,29541.5,[29663.74000616]
234,2022-05-22 10:05:00-04:00,22.318,16.65,29700.1,[29662.78663338]
235,2022-05-22 10:35:00-04:00,22.513,16.65,29935.0,[29662.78663338]
236,2022-05-22 11:05:00-04:00,22.839,16.57,30273.3,[29661.83326059]
237,2022-05-22 11:35:00-04:00,22.408,17.2,30179.4,[29661.83326059]
238,2022-05-22 12:05:00-04:00,22.772,17.12,30568.8,[29660.8798878]
239,2022-05-22 12:35:00-04:00,22.964,17.06,30760.9,[29660.8798878]
240,2022-05-22 13:05:00-04:00,23.248,16.88,30980.0,[29659.92651502]
241,2022-05-22 13:35:00-04:00,23.263,16.88,30998.2,[29659.92651502]
242,2022-05-22 14:05:00-04:00,23.358,16.81,31064.2,[29658.97314222]
243,2022-05-22 14:35:00-04:00,23.304,16.95,31096.2,[29658.97314222]
244,2022-05-22 15:05:00-04:00,23.144,17.35,31180.9,[29658.01976945]
245,2022-05-22 15:35:00-04:00,22.774,18.02,31187.8,[29658.01976945]
246,2022-05-22 16:05:00-04:00,22.525,18.48,31192.4,[29657.06639666]
247,2022-05-22 16:35:00-04:00,22.103,19.06,31052.8,[29657.06639666]
248,2022-05-22 17:05:00-04:00,21.936,19.33,31020.9,[29656.11302386]
249,2022-05-22 17:35:00-04:00,21.355,19.91,30655.7,[29656.11302386]
250,2022-05-22 18:05:00-04:00,21.265,19.97,30577.7,[29655.15965109]
251,2022-05-22 18:35:00-04:00,21.109,20.08,30444.7,[29655.15965109]
252,2022-05-22 19:05:00-04:00,21.221,20.02,30553.2,[29654.2062783]
253,2022-05-22 19:35:00-04:00,21.045,20.08,30361.0,[29654.2062783]
254,2022-05-22 20:05:00-04:00,21.766,19.42,30862.2,[29653.2529055]
255,2022-05-22 20:35:00-04:00,21.817,19.25,30814.9,[29653.2529055]
256,2022-05-22 21:05:00-04:00,22.338,18.57,31018.6,[29652.29953272]
257,2022-05-22 21:35:00-04:00,22.361,18.48,30986.8,[29652.29953272]
258,2022-05-22 22:05:00-04:00,22.902,17.68,31112.2,[29651.34615994]
259,2022-05-22 22:35:00-04:00,22.798,17.92,31148.8,[29651.34615994]
260,2022-05-22 23:05:00-04:00,22.663,18.02,31050.5,[29650.39278714]
261,2022-05-22 23:35:00-04:00,22.811,17.79,31075.6,[29650.39278714]
262,2022-05-23 00:05:00-04:00,23.142,17.35,31178.6,[29649.43941436]
263,2022-05-23 00:35:00-04:00,22.913,17.63,31091.6,[29649.43941436]
264,2022-05-23 01:05:00-04:00,23.256,17.0,31073.3,[29648.48604158]
265,2022-05-23 01:35:00-04:00,23.373,16.79,31068.8,[29648.48604158]
266,2022-05-23 02:05:00-04:00,23.414,16.59,30977.7,[29647.53266878]
267,2022-05-23 02:35:00-04:00,23.363,16.68,30980.0,[29647.53266878]
268,2022-05-23 03:05:00-04:00,23.503,16.63,31112.2,[29646.579296]
269,2022-05-23 03:35:00-04:00,22.87,16.86,30508.9,[29646.579296]
270,2022-05-23 04:05:00-04:00,23.093,17.01,30882.5,[29645.62592322]
271,2022-05-23 04:35:00-04:00,22.292,17.29,30096.9,[29645.62592322]
272,2022-05-23 05:05:00-04:00,22.463,17.27,30293.0,[29644.67255042]
273,2022-05-23 05:35:00-04:00,21.88,17.43,29685.2,[29644.67255042]
274,2022-05-23 06:05:00-04:00,21.505,17.55,29301.0,[29643.71917764]
275,2022-05-23 06:35:00-04:00,20.643,17.69,28319.1,[29643.71917764]
276,2022-05-23 07:05:00-04:00,20.382,17.72,28011.8,[29642.76580486]
277,2022-05-23 07:35:00-04:00,20.442,17.69,28068.2,[29642.76580486]
278,2022-05-23 08:05:00-04:00,20.218,17.73,27812.9,[29641.81243207]
279,2022-05-23 08:35:00-04:00,20.479,17.7,28120.8,[29641.81243207]
280,2022-05-23 09:05:00-04:00,19.973,17.82,27560.9,[29640.85905928]
281,2022-05-23 09:35:00-04:00,19.984,17.83,27581.8,[29640.85905928]
282,2022-05-23 10:05:00-04:00,19.909,17.84,27492.7,[29639.9056865]
283,2022-05-23 10:35:00-04:00,20.576,17.7,28242.3,[29639.9056865]
284,2022-05-23 11:05:00-04:00,21.784,17.45,29579.5,[29638.95231371]
285,2022-05-23 11:35:00-04:00,21.227,17.72,29065.6,[29638.95231371]
286,2022-05-23 12:05:00-04:00,22.346,17.34,30196.9,[29637.99894092]
287,2022-05-23 12:35:00-04:00,22.259,17.55,30231.8,[29637.99894092]
288,2022-05-23 13:05:00-04:00,21.826,18.15,30094.7,[29637.04556814]
289,2022-05-23 13:35:00-04:00,22.423,17.92,30684.7,[29637.04556814]
290,2022-05-23 14:05:00-04:00,22.737,17.92,31073.3,[29636.09219535]
291,2022-05-23 14:35:00-04:00,22.922,17.89,31282.2,[29636.09219535]
292,2022-05-23 15:05:00-04:00,22.928,17.99,31358.5,[29635.13882256]
293,2022-05-23 15:35:00-04:00,22.913,17.94,31305.3,[29635.13882256]
294,2022-05-23 16:05:00-04:00,22.883,17.97,31289.1,[29634.18544978]
295,2022-05-23 16:35:00-04:00,22.007,18.67,30669.1,[29634.18544978]
296,2022-05-23 17:05:00-04:00,21.321,18.96,29988.8,[29633.23207699]
297,2022-05-23 17:35:00-04:00,21.28,19.11,30034.1,[29633.23207699]
298,2022-05-23 18:05:00-04:00,21.623,19.02,30413.8,[29632.2787042]
299,2022-05-23 18:35:00-04:00,20.917,19.19,29619.6,[29632.2787042]
300,2022-05-23 19:05:00-04:00,20.772,19.29,29497.4,[29631.32533142]
301,2022-05-23 19:35:00-04:00,20.798,19.25,29505.8,[29631.32533142]
302,2022-05-23 20:05:00-04:00,20.719,19.23,29390.6,[29630.37195863]
303,2022-05-23 20:35:00-04:00,20.6,19.22,29230.5,[29630.37195863]
304,2022-05-23 21:05:00-04:00,20.975,19.08,29623.8,[29629.41858584]
305,2022-05-23 21:35:00-04:00,20.881,19.08,29503.7,[29629.41858584]
306,2022-05-23 22:05:00-04:00,21.332,18.86,29937.1,[29628.46521306]
307,2022-05-23 22:35:00-04:00,22.347,18.15,30745.2,[29628.46521306]
308,2022-05-23 23:05:00-04:00,22.842,17.81,31128.2,[29627.51184027]
309,2022-05-23 23:35:00-04:00,22.898,17.79,31183.2,[29627.51184027]
310,2022-05-24 00:05:00-04:00,22.818,17.82,31105.3,[29626.55846749]
311,2022-05-24 00:35:00-04:00,23.155,17.53,31319.2,[29626.55846749]
312,2022-05-24 01:05:00-04:00,23.187,17.48,31323.8,[29625.6050947]
313,2022-05-24 01:35:00-04:00,23.013,17.32,31000.4,[29625.6050947]
314,2022-05-24 02:05:00-04:00,23.176,17.11,31052.8,[29624.65172191]
315,2022-05-24 02:35:00-04:00,22.982,16.97,30720.5,[29624.65172191]
316,2022-05-24 03:05:00-04:00,23.314,16.84,31032.3,[29623.69834913]
317,2022-05-24 03:35:00-04:00,23.006,16.84,30660.1,[29623.69834913]
318,2022-05-24 04:05:00-04:00,23.485,16.83,31231.5,[29622.74497634]
319,2022-05-24 04:35:00-04:00,23.361,16.88,31116.8,[29622.74497634]
320,2022-05-24 05:05:00-04:00,22.654,16.9,30275.5,[29621.79160355]
321,2022-05-24 05:35:00-04:00,22.344,16.94,29926.4,[29621.79160355]
322,2022-05-24 06:05:00-04:00,22.159,16.85,29640.7,[29620.83823077]
323,2022-05-24 06:35:00-04:00,21.485,16.91,28859.4,[29620.83823077]
324,2022-05-24 07:05:00-04:00,21.302,16.88,28617.4,[29619.88485798]
325,2022-05-24 07:35:00-04:00,21.222,16.92,28545.4,[29619.88485798]
326,2022-05-24 08:05:00-04:00,21.131,16.93,28439.8,[29618.93148519]
327,2022-05-24 08:35:00-04:00,20.792,16.9,28006.0,[29618.93148519]
328,2022-05-24 09:05:00-04:00,20.682,16.92,27884.1,[29617.97811241]
329,2022-05-24 09:35:00-04:00,21.363,16.99,28762.2,[29617.97811241]
330,2022-05-24 10:05:00-04:00,21.419,16.99,28831.0,[29617.02473962]
331,2022-05-24 10:35:00-04:00,21.568,17.01,29026.6,[29617.02473962]
332,2022-05-24 11:05:00-04:00,22.068,17.02,29642.8,[29616.07136683]
333,2022-05-24 11:35:00-04:00,22.607,17.0,30286.4,[29616.07136683]
334,2022-05-24 12:05:00-04:00,22.69,17.02,30400.6,[29615.11799405]
335,2022-05-24 12:35:00-04:00,22.702,17.05,30435.9,[29615.11799405]
336,2022-05-24 13:05:00-04:00,23.103,17.07,30936.9,[29614.16462126]
337,2022-05-24 13:35:00-04:00,23.042,17.24,30980.0,[29614.16462126]
338,2022-05-24 14:05:00-04:00,22.744,17.55,30828.4,[29613.21124847]
339,2022-05-24 14:35:00-04:00,23.004,17.39,31036.8,[29613.21124847]
340,2022-05-24 15:05:00-04:00,23.124,17.31,31128.2,[29612.25787569]
341,2022-05-24 15:35:00-04:00,23.218,17.2,31167.2,[29612.25787569]
342,2022-05-24 16:05:00-04:00,23.19,17.31,31208.5,[29611.3045029]
343,2022-05-24 16:35:00-04:00,23.347,17.2,31323.8,[29611.3045029]
344,2022-05-24 17:05:00-04:00,23.237,17.35,31293.8,[29610.35113011]
345,2022-05-24 17:35:00-04:00,22.568,18.06,30959.5,[29610.35113011]
346,2022-05-24 18:05:00-04:00,22.324,18.02,30628.9,[29609.39775733]
347,2022-05-24 18:35:00-04:00,22.392,18.1,30767.6,[29609.39775733]
348,2022-05-24 19:05:00-04:00,21.688,18.55,30186.0,[29608.44438455]
349,2022-05-24 19:35:00-04:00,20.968,18.61,29313.5,[29608.44438455]
350,2022-05-24 20:05:00-04:00,20.879,18.58,29180.9,[29607.49101175]
351,2022-05-24 20:35:00-04:00,20.906,18.52,29176.7,[29607.49101175]
352,2022-05-24 21:05:00-04:00,20.955,18.45,29193.3,[29606.53763897]
353,2022-05-24 21:35:00-04:00,20.815,18.44,29010.3,[29606.53763897]
354,2022-05-24 22:05:00-04:00,20.689,18.33,28780.4,[29605.58426619]
355,2022-05-24 22:35:00-04:00,21.529,18.24,29780.9,[29605.58426619]
356,2022-05-24 23:05:00-04:00,21.489,18.26,29744.7,[29604.63089339]
357,2022-05-24 23:35:00-04:00,22.06,18.02,30299.6,[29604.63089339]
358,2022-05-25 00:05:00-04:00,22.566,17.65,30678.0,[29603.67752061]
359,2022-05-25 00:35:00-04:00,22.826,17.4,30826.1,[29603.67752061]
360,2022-05-25 01:05:00-04:00,22.848,17.38,30839.7,[29602.72414783]
361,2022-05-25 01:35:00-04:00,23.307,16.93,31087.0,[29602.72414783]
362,2022-05-25 02:05:00-04:00,23.197,16.91,30939.1,[29601.77077503]
363,2022-05-25 02:35:00-04:00,23.348,16.68,30961.8,[29601.77077503]
364,2022-05-25 03:05:00-04:00,23.257,16.49,30720.5,[29600.81740224]
365,2022-05-25 03:35:00-04:00,23.392,16.29,30743.0,[29600.81740224]
366,2022-05-25 04:05:00-04:00,23.531,16.26,30887.1,[29599.86402947]
367,2022-05-25 04:35:00-04:00,23.624,16.17,30934.6,[29599.86402947]
368,2022-05-25 05:05:00-04:00,23.671,16.13,30961.8,[29598.91065667]
369,2022-05-25 05:35:00-04:00,23.659,16.16,30968.6,[29598.91065667]
370,2022-05-25 06:05:00-04:00,23.484,16.25,30823.9,[29597.95728388]
371,2022-05-25 06:35:00-04:00,22.58,16.17,29691.6,[29597.95728388]
372,2022-05-25 07:05:00-04:00,22.084,16.1,29053.3,[29597.00391111]
373,2022-05-25 07:35:00-04:00,22.014,16.19,29028.7,[29597.00391111]
374,2022-05-25 08:05:00-04:00,21.297,16.22,28187.3,[29596.05053831]
375,2022-05-25 08:35:00-04:00,21.161,16.25,28042.9,[29596.05053831]
376,2022-05-25 09:05:00-04:00,21.179,16.4,28159.9,[29595.09716552]
377,2022-05-25 09:35:00-04:00,21.042,16.51,28064.3,[29595.09716552]
378,2022-05-25 10:05:00-04:00,21.07,16.53,28111.1,[29594.14379274]
379,2022-05-25 10:35:00-04:00,21.499,16.56,28649.5,[29594.14379274]
380,2022-05-25 11:05:00-04:00,22.118,16.57,29405.2,[29593.19041995]
381,2022-05-25 11:35:00-04:00,22.5,16.61,29892.1,[29593.19041995]
382,2022-05-25 12:05:00-04:00,22.424,16.67,29840.7,[29592.23704717]
383,2022-05-25 12:35:00-04:00,22.863,16.7,30391.8,[29592.23704717]
384,2022-05-25 13:05:00-04:00,22.884,17.15,30725.0,[29591.28367438]
385,2022-05-25 13:35:00-04:00,23.112,16.94,30857.7,[29591.28367438]
386,2022-05-25 14:05:00-04:00,23.085,17.2,31005.0,[29590.33030159]
387,2022-05-25 14:35:00-04:00,22.697,17.68,30860.0,[29590.33030159]
388,2022-05-25 15:05:00-04:00,22.933,17.72,31178.6,[29589.37692881]
389,2022-05-25 15:35:00-04:00,22.974,17.67,31194.7,[29589.37692881]
390,2022-05-25 16:05:00-04:00,23.044,17.67,31279.9,[29588.42355602]
391,2022-05-25 16:35:00-04:00,23.128,17.63,31356.2,[29588.42355602]
392,2022-05-25 17:05:00-04:00,23.174,17.63,31411.9,[29587.47018323]
393,2022-05-25 17:35:00-04:00,23.289,17.45,31428.2,[29587.47018323]
394,2022-05-25 18:05:00-04:00,23.257,17.43,31374.8,[29586.51681045]
395,2022-05-25 18:35:00-04:00,23.087,17.74,31381.7,[29586.51681045]
396,2022-05-25 19:05:00-04:00,22.781,17.97,31162.6,[29585.56343766]
397,2022-05-25 19:35:00-04:00,22.14,18.42,30669.1,[29585.56343766]
398,2022-05-25 20:05:00-04:00,22.051,18.54,30637.8,[29584.61006487]
399,2022-05-25 20:35:00-04:00,21.576,18.7,30142.5,[29584.61006487]
400,2022-05-25 21:05:00-04:00,20.931,18.89,29445.0,[29583.65669209]
401,2022-05-25 21:35:00-04:00,20.564,18.86,28957.1,[29583.65669209]
402,2022-05-25 22:05:00-04:00,20.357,18.76,28629.4,[29582.7033193]
403,2022-05-25 22:35:00-04:00,20.204,18.7,28396.2,[29582.7033193]
404,2022-05-25 23:05:00-04:00,20.624,18.7,28932.7,[29581.74994651]
405,2022-05-25 23:35:00-04:00,20.646,18.64,28922.5,[29581.74994651]
406,2022-05-26 00:05:00-04:00,21.363,18.5,29742.6,[29580.79657373]
407,2022-05-26 00:35:00-04:00,21.886,18.1,30135.9,[29580.79657373]
408,2022-05-26 01:05:00-04:00,22.328,17.95,30586.6,[29579.84320094]
409,2022-05-26 01:35:00-04:00,22.858,17.49,30927.8,[29579.84320094]
410,2022-05-26 02:05:00-04:00,22.819,17.51,30893.9,[29578.88982815]
411,2022-05-26 02:35:00-04:00,22.422,17.63,30486.7,[29578.88982815]
412,2022-05-26 03:05:00-04:00,23.125,17.09,30977.7,[29577.93645537]
413,2022-05-26 03:35:00-04:00,22.942,16.94,30651.2,[29577.93645537]
414,2022-05-26 04:05:00-04:00,22.9,16.7,30435.9,[29576.98308259]
415,2022-05-26 04:35:00-04:00,23.457,16.27,30805.9,[29576.98308259]
416,2022-05-26 05:05:00-04:00,23.421,16.26,30756.4,[29576.02970979]
417,2022-05-26 05:35:00-04:00,23.567,16.3,30957.3,[29576.02970979]
418,2022-05-26 06:05:00-04:00,23.64,16.25,31009.5,[29575.07633701]
419,2022-05-26 06:35:00-04:00,23.567,16.27,30936.9,[29575.07633701]
420,2022-05-26 07:05:00-04:00,23.035,16.3,30323.7,[29574.12296423]
421,2022-05-26 07:35:00-04:00,22.557,16.39,29812.9,[29574.12296423]
422,2022-05-26 08:05:00-04:00,22.29,16.42,29512.1,[29573.16959143]
423,2022-05-26 08:35:00-04:00,21.996,16.52,29224.3,[29573.16959143]
424,2022-05-26 09:05:00-04:00,21.098,16.52,28138.4,[29572.21621865]
425,2022-05-26 09:35:00-04:00,20.968,16.71,28101.3,[29572.21621865]
426,2022-05-26 10:05:00-04:00,20.945,16.85,28161.9,[29571.26284587]
427,2022-05-26 10:35:00-04:00,20.799,16.92,28027.3,[29571.26284587]
428,2022-05-26 11:05:00-04:00,20.621,16.91,27803.3,[29570.30947307]
429,2022-05-26 11:35:00-04:00,21.382,16.97,28772.3,[29570.30947307]
430,2022-05-26 12:05:00-04:00,21.526,17.07,29014.4,[29569.35610029]
431,2022-05-26 12:35:00-04:00,22.167,16.94,29710.7,[29569.35610029]
432,2022-05-26 13:05:00-04:00,22.728,17.01,30440.3,[29568.40272751]
433,2022-05-26 13:35:00-04:00,22.94,17.26,30869.0,[29568.40272751]
434,2022-05-26 14:05:00-04:00,23.056,17.36,31080.2,[29567.44935472]
435,2022-05-26 14:35:00-04:00,23.095,17.53,31245.3,[29567.44935472]
436,2022-05-26 15:05:00-04:00,23.062,17.67,31303.0,[29566.49598193]
437,2022-05-26 15:35:00-04:00,22.976,17.75,31252.2,[29566.49598193]
438,2022-05-26 16:05:00-04:00,22.731,18.01,31128.2,[29565.54260915]
439,2022-05-26 16:35:00-04:00,22.988,17.93,31391.0,[29565.54260915]
440,2022-05-26 17:05:00-04:00,23.042,17.87,31416.6,[29564.58923636]
441,2022-05-26 17:35:00-04:00,23.066,17.75,31363.2,[29564.58923636]
442,2022-05-26 18:05:00-04:00,23.117,17.63,31342.3,[29563.63586357]
443,2022-05-26 18:35:00-04:00,23.229,17.6,31458.4,[29563.63586357]
444,2022-05-26 19:05:00-04:00,23.134,17.69,31404.9,[29562.68249079]
445,2022-05-26 19:35:00-04:00,23.042,17.76,31340.0,[29562.68249079]
446,2022-05-26 20:05:00-04:00,22.842,17.93,31210.8,[29561.729118]
447,2022-05-26 20:35:00-04:00,22.486,18.14,30912.0,[29561.729118]
448,2022-05-26 21:05:00-04:00,22.135,18.33,30602.2,[29560.77574521]
449,2022-05-26 21:35:00-04:00,21.407,18.54,29823.6,[29560.77574521]
450,2022-05-26 22:05:00-04:00,20.951,18.67,29330.1,[29559.82237243]
451,2022-05-26 22:35:00-04:00,20.895,18.63,29232.6,[29559.82237243]
452,2022-05-26 23:05:00-04:00,20.677,18.61,28942.9,[29558.86899963]
453,2022-05-26 23:35:00-04:00,20.439,18.59,28627.4,[29558.86899963]
454,2022-05-27 00:05:00-04:00,20.392,18.59,28567.3,[29557.91562685]
455,2022-05-27 00:35:00-04:00,21.003,18.5,29286.5,[29557.91562685]
456,2022-05-27 01:05:00-04:00,21.537,18.37,29877.1,[29556.96225407]
457,2022-05-27 01:35:00-04:00,21.966,18.13,30255.8,[29556.96225407]
458,2022-05-27 02:05:00-04:00,22.264,17.95,30506.7,[29556.00888127]
459,2022-05-27 02:35:00-04:00,22.505,17.83,30725.0,[29556.00888127]
460,2022-05-27 03:05:00-04:00,22.784,17.54,30871.3,[29555.05550849]
461,2022-05-27 03:35:00-04:00,23.083,17.26,31043.7,[29555.05550849]
462,2022-05-27 04:05:00-04:00,23.136,17.13,31018.6,[29554.10213571]
463,2022-05-27 04:35:00-04:00,22.975,17.05,30767.6,[29554.10213571]
464,2022-05-27 05:05:00-04:00,23.159,16.95,30921.0,[29553.14876291]
465,2022-05-27 05:35:00-04:00,23.276,16.87,31007.3,[29553.14876291]
466,2022-05-27 06:05:00-04:00,23.364,16.79,31057.4,[29552.19539013]
467,2022-05-27 06:35:00-04:00,23.385,16.78,31075.6,[29552.19539013]
468,2022-05-27 07:05:00-04:00,23.391,16.76,31068.8,[29551.24201735]
469,2022-05-27 07:35:00-04:00,23.318,16.83,31030.0,[29551.24201735]
470,2022-05-27 08:05:00-04:00,23.07,17.02,30862.2,[29550.28864455]
471,2022-05-27 08:35:00-04:00,22.81,17.19,30662.4,[29550.28864455]
472,2022-05-27 09:05:00-04:00,22.478,17.32,30345.6,[29549.33527177]
473,2022-05-27 09:35:00-04:00,21.943,17.49,29802.2,[29549.33527177]
474,2022-05-27 10:05:00-04:00,21.4,17.62,29216.0,[29548.38189899]
475,2022-05-27 10:35:00-04:00,21.085,17.68,28863.5,[29548.38189899]
476,2022-05-27 11:05:00-04:00,20.746,17.75,28485.5,[29547.42852619]
477,2022-05-27 11:35:00-04:00,20.534,17.84,28277.7,[29547.42852619]
478,2022-05-27 12:05:00-04:00,20.719,17.82,28495.5,[29546.47515341]
479,2022-05-27 12:35:00-04:00,21.698,17.63,29592.1,[29546.47515341]
480,2022-05-27 13:05:00-04:00,22.168,17.48,30073.0,[29545.52178063]
481,2022-05-27 13:35:00-04:00,22.617,17.31,30508.9,[29545.52178063]
482,2022-05-27 14:05:00-04:00,22.965,17.17,30837.4,[29544.56840783]
483,2022-05-27 14:35:00-04:00,22.946,17.35,30939.1,[29544.56840783]
484,2022-05-27 15:05:00-04:00,22.764,17.51,30826.1,[29543.61503505]
485,2022-05-27 15:35:00-04:00,22.797,17.58,30914.2,[29543.61503505]
486,2022-05-27 16:05:00-04:00,22.863,17.67,31057.4,[29542.66166227]
487,2022-05-27 16:35:00-04:00,22.972,17.74,31240.7,[29542.66166227]
488,2022-05-27 17:05:00-04:00,22.907,17.74,31160.3,[29541.70828947]
489,2022-05-27 17:35:00-04:00,23.046,17.62,31247.6,[29541.70828947]
490,2022-05-27 18:05:00-04:00,22.86,17.58,30991.3,[29540.75491669]
491,2022-05-27 18:35:00-04:00,23.04,17.48,31144.2,[29540.75491669]
492,2022-05-27 19:05:00-04:00,23.127,17.43,31215.4,[29539.80154391]
493,2022-05-27 19:35:00-04:00,23.146,17.38,31203.9,[29539.80154391]
494,2022-05-27 20:05:00-04:00,23.178,17.4,31256.8,[29538.84817111]
495,2022-05-27 20:35:00-04:00,23.046,17.51,31171.8,[29538.84817111]
496,2022-05-27 21:05:00-04:00,22.712,17.66,30864.5,[29537.89479833]
497,2022-05-27 21:35:00-04:00,22.347,17.84,30535.5,[29537.89479833]
498,2022-05-27 22:05:00-04:00,21.714,18.0,29855.6,[29536.94142555]
499,2022-05-27 22:35:00-04:00,21.337,18.11,29455.4,[29536.94142555]
500,2022-05-27 23:05:00-04:00,20.596,18.21,28587.3,[29535.98805276]
501,2022-05-27 23:35:00-04:00,20.726,18.18,28732.0,[29535.98805276]
502,2022-05-28 00:05:00-04:00,20.561,18.21,28543.4,[29535.03467997]
503,2022-05-28 00:35:00-04:00,20.675,18.17,28661.5,[29535.03467997]
504,2022-05-28 01:05:00-04:00,20.961,18.13,28995.9,[29534.08130719]
505,2022-05-28 01:35:00-04:00,21.107,18.08,29147.9,[29534.08130719]
506,2022-05-28 02:05:00-04:00,21.422,18.01,29497.4,[29533.1279344]
507,2022-05-28 02:35:00-04:00,21.865,17.83,29930.7,[29533.1279344]
508,2022-05-28 03:05:00-04:00,21.948,17.82,30027.6,[29532.17456161]
509,2022-05-28 03:35:00-04:00,21.883,17.87,29980.2,[29532.17456161]
510,2022-05-28 04:05:00-04:00,22.578,17.58,30644.5,[29531.22118883]
511,2022-05-28 04:35:00-04:00,21.888,17.6,29806.5,[29531.22118883]
512,2022-05-28 05:05:00-04:00,22.678,17.32,30591.0,[29530.26781604]
513,2022-05-28 05:35:00-04:00,22.796,17.26,30693.7,[29530.26781604]
514,2022-05-28 06:05:00-04:00,22.983,17.21,30887.1,[29529.31444325]
515,2022-05-28 06:35:00-04:00,22.974,17.19,30862.2,[29529.31444325]
516,2022-05-28 07:05:00-04:00,23.043,17.15,30918.7,[29528.36107047]
517,2022-05-28 07:35:00-04:00,23.089,17.14,30968.6,[29528.36107047]
518,2022-05-28 08:05:00-04:00,22.983,17.19,30873.5,[29527.40769768]
519,2022-05-28 08:35:00-04:00,22.888,17.27,30812.6,[29527.40769768]
520,2022-05-28 09:05:00-04:00,22.46,17.46,30418.3,[29526.45432489]
521,2022-05-28 09:35:00-04:00,22.071,17.53,29986.6,[29526.45432489]
522,2022-05-28 10:05:00-04:00,21.556,17.61,29403.1,[29525.50095211]
523,2022-05-28 10:35:00-04:00,20.767,17.68,28467.6,[29525.50095211]
524,2022-05-28 11:05:00-04:00,19.97,17.73,27502.2,[29524.54757932]
525,2022-05-28 11:35:00-04:00,19.646,17.77,27120.3,[29524.54757932]
526,2022-05-28 12:05:00-04:00,19.552,17.81,27026.0,[29523.59420653]
527,2022-05-28 12:35:00-04:00,19.446,17.82,26899.1,[29523.59420653]
528,2022-05-28 13:05:00-04:00,20.756,17.72,28479.6,[29522.64083375]
529,2022-05-28 13:35:00-04:00,21.26,17.63,29049.2,[29522.64083375]
530,2022-05-28 14:05:00-04:00,22.302,17.51,30258.0,[29521.68746096]
531,2022-05-28 14:35:00-04:00,22.504,17.51,30506.7,[29521.68746096]
532,2022-05-28 15:05:00-04:00,22.552,17.48,30544.4,[29520.73408817]
533,2022-05-28 15:35:00-04:00,22.714,17.42,30702.6,[29520.73408817]
534,2022-05-28 16:05:00-04:00,22.674,17.53,30729.5,[29519.78071539]
535,2022-05-28 16:35:00-04:00,22.531,17.56,30573.2,[29519.78071539]
536,2022-05-28 17:05:00-04:00,22.637,17.62,30745.2,[29518.8273426]
537,2022-05-28 17:35:00-04:00,22.688,17.61,30801.4,[29518.8273426]
538,2022-05-28 18:05:00-04:00,22.692,17.58,30785.6,[29517.87396982]
539,2022-05-28 18:35:00-04:00,22.779,17.53,30857.7,[29517.87396982]
540,2022-05-28 19:05:00-04:00,22.838,17.51,30916.5,[29516.92059703]
541,2022-05-28 19:35:00-04:00,22.876,17.4,30887.1,[29516.92059703]
542,2022-05-28 20:05:00-04:00,22.876,17.33,30839.7,[29515.96722424]
543,2022-05-28 20:35:00-04:00,22.971,17.31,30941.4,[29515.96722424]
544,2022-05-28 21:05:00-04:00,22.752,17.42,30749.7,[29515.01385146]
545,2022-05-28 21:35:00-04:00,22.348,17.53,30328.1,[29515.01385146]
546,2022-05-28 22:05:00-04:00,21.565,17.59,29401.0,[29514.06047867]
547,2022-05-28 22:35:00-04:00,21.427,17.6,29236.7,[29514.06047867]
548,2022-05-28 23:05:00-04:00,20.714,17.65,28382.3,[29513.10710588]
549,2022-05-28 23:35:00-04:00,20.208,17.6,27720.9,[29513.10710588]
550,2022-05-29 00:05:00-04:00,19.715,17.56,27079.6,[29512.1537331]
551,2022-05-29 00:35:00-04:00,19.635,17.55,26974.4,[29512.1537331]
552,2022-05-29 01:05:00-04:00,19.57,17.52,26875.3,[29511.20036031]
553,2022-05-29 01:35:00-04:00,19.393,17.49,26635.2,[29511.20036031]
554,2022-05-29 02:05:00-04:00,20.024,17.53,27447.4,[29510.24698752]
555,2022-05-29 02:35:00-04:00,20.28,17.54,27772.6,[29510.24698752]
556,2022-05-29 03:05:00-04:00,20.775,17.52,28376.4,[29509.29361474]
557,2022-05-29 03:35:00-04:00,20.959,17.48,28579.3,[29509.29361474]
558,2022-05-29 04:05:00-04:00,21.973,17.36,29753.2,[29508.34024195]
559,2022-05-29 04:35:00-04:00,22.44,17.26,30258.0,[29508.34024195]
560,2022-05-29 05:05:00-04:00,22.441,17.18,30205.6,[29507.38686915]
561,2022-05-29 05:35:00-04:00,22.492,17.04,30172.9,[29507.38686915]
562,2022-05-29 06:05:00-04:00,22.425,17.05,30099.0,[29506.43349638]
563,2022-05-29 06:35:00-04:00,22.672,17.02,30378.6,[29506.43349638]
564,2022-05-29 07:05:00-04:00,22.768,17.04,30508.9,[29505.48012359]
565,2022-05-29 07:35:00-04:00,22.821,17.05,30579.9,[29505.48012359]
566,2022-05-29 08:05:00-04:00,22.775,17.04,30517.7,[29504.5267508]
567,2022-05-29 08:35:00-04:00,22.835,17.07,30611.1,[29504.5267508]
568,2022-05-29 09:05:00-04:00,22.316,17.28,30120.7,[29503.57337802]
569,2022-05-29 09:35:00-04:00,22.023,17.38,29827.8,[29503.57337802]
570,2022-05-29 10:05:00-04:00,21.474,17.53,29249.1,[29502.62000524]
571,2022-05-29 10:35:00-04:00,20.916,17.8,28730.0,[29502.62000524]
572,2022-05-29 11:05:00-04:00,20.507,18.03,28362.5,[29501.66663244]
573,2022-05-29 11:35:00-04:00,20.099,18.45,28107.2,[29501.66663244]
574,2022-05-29 12:05:00-04:00,19.95,18.74,28095.5,[29500.71325965]
575,2022-05-29 12:35:00-04:00,19.793,18.95,28023.5,[29500.71325965]
576,2022-05-29 13:05:00-04:00,19.443,19.23,27740.0,[29499.75988688]
577,2022-05-29 13:35:00-04:00,19.329,19.54,27778.3,[29499.75988688]
578,2022-05-29 14:05:00-04:00,19.974,19.12,28360.6,[29498.80651408]
579,2022-05-29 14:35:00-04:00,21.349,18.3,29594.2,[29498.80651408]
580,2022-05-29 15:05:00-04:00,21.502,18.72,30062.2,[29497.85314129]
581,2022-05-29 15:35:00-04:00,22.059,18.51,30626.7,[29497.85314129]
582,2022-05-29 16:05:00-04:00,22.018,18.64,30662.4,[29496.89976852]
583,2022-05-29 16:35:00-04:00,22.228,18.57,30880.3,[29496.89976852]
584,2022-05-29 17:05:00-04:00,22.034,18.83,30810.4,[29495.94639572]
585,2022-05-29 17:35:00-04:00,21.862,19.18,30826.1,[29495.94639572]
586,2022-05-29 18:05:00-04:00,21.875,19.26,30896.1,[29494.99302293]
587,2022-05-29 18:35:00-04:00,21.868,19.2,30846.4,[29494.99302293]
588,2022-05-29 19:05:00-04:00,22.001,18.98,30869.0,[29494.03965015]
589,2022-05-29 19:35:00-04:00,22.098,18.81,30878.0,[29494.03965015]
590,2022-05-29 20:05:00-04:00,22.147,18.56,30772.1,[29493.08627736]
591,2022-05-29 20:35:00-04:00,22.226,18.3,30695.9,[29493.08627736]
592,2022-05-29 21:05:00-04:00,22.377,18.26,30857.7,[29492.13290457]
593,2022-05-29 21:35:00-04:00,22.178,18.5,30769.9,[29492.13290457]
594,2022-05-29 22:05:00-04:00,21.968,18.64,30599.9,[29491.17953179]
595,2022-05-29 22:35:00-04:00,21.491,18.96,30205.6,[29491.17953179]
596,2022-05-29 23:05:00-04:00,21.006,19.19,29734.0,[29490.226159]
597,2022-05-29 23:35:00-04:00,20.549,19.34,29240.9,[29490.226159]
598,2022-05-30 00:05:00-04:00,19.932,19.56,28577.3,[29489.27278621]
599,2022-05-30 00:35:00-04:00,19.427,19.67,27984.6,[29489.27278621]
600,2022-05-30 01:05:00-04:00,19.28,19.65,27780.2,[29488.31941343]
601,2022-05-30 01:35:00-04:00,19.235,19.65,27720.9,[29488.31941343]
602,2022-05-30 02:05:00-04:00,19.132,19.63,27574.2,[29487.36604064]
603,2022-05-30 02:35:00-04:00,19.927,19.47,28515.4,[29487.36604064]
604,2022-05-30 03:05:00-04:00,20.157,19.37,28752.1,[29486.41266786]
605,2022-05-30 03:35:00-04:00,20.381,19.25,28967.3,[29486.41266786]
606,2022-05-30 04:05:00-04:00,20.966,18.98,29547.8,[29485.45929507]
607,2022-05-30 04:35:00-04:00,21.157,18.84,29702.2,[29485.45929507]
608,2022-05-30 05:05:00-04:00,21.783,18.31,30146.8,[29484.50592228]
609,2022-05-30 05:35:00-04:00,22.103,17.94,30299.6,[29484.50592228]
610,2022-05-30 06:05:00-04:00,22.039,17.82,30140.3,[29483.5525495]
611,2022-05-30 06:35:00-04:00,22.0,17.74,30038.4,[29483.5525495]
612,2022-05-30 07:05:00-04:00,22.123,17.6,30096.9,[29482.59917671]
613,2022-05-30 07:35:00-04:00,22.189,17.52,30125.1,[29482.59917671]
614,2022-05-30 08:05:00-04:00,22.267,17.47,30188.1,[29481.64580392]
615,2022-05-30 08:35:00-04:00,22.392,17.43,30314.9,[29481.64580392]
616,2022-05-30 09:05:00-04:00,22.413,17.46,30361.0,[29480.69243114]
617,2022-05-30 09:35:00-04:00,22.388,17.49,30350.0,[29480.69243114]
618,2022-05-30 10:05:00-04:00,22.244,17.77,30361.0,[29479.73905835]
619,2022-05-30 10:35:00-04:00,21.684,18.41,30088.2,[29479.73905835]
620,2022-05-30 11:05:00-04:00,21.035,18.85,29552.1,[29478.78568556]
621,2022-05-30 11:35:00-04:00,20.546,19.13,29104.6,[29478.78568556]
622,2022-05-30 12:05:00-04:00,20.126,19.61,28861.5,[29477.83231278]
623,2022-05-30 12:35:00-04:00,19.308,20.17,28128.7,[29477.83231278]
624,2022-05-30 13:05:00-04:00,19.321,20.31,28230.5,[29476.87893999]
625,2022-05-30 13:35:00-04:00,18.766,20.67,27703.7,[29476.87893999]
626,2022-05-30 14:05:00-04:00,18.523,20.96,27545.7,[29475.9255672]
627,2022-05-30 14:35:00-04:00,19.832,20.14,28804.7,[29475.9255672]
628,2022-05-30 15:05:00-04:00,21.221,19.19,30010.4,[29474.97219442]
629,2022-05-30 15:35:00-04:00,21.285,19.13,30053.6,[29474.97219442]
630,2022-05-30 16:05:00-04:00,21.515,19.23,30413.8,[29474.01882163]
631,2022-05-30 16:35:00-04:00,21.477,19.45,30511.1,[29474.01882163]
632,2022-05-30 17:05:00-04:00,21.489,19.44,30520.0,[29473.06544884]
633,2022-05-30 17:35:00-04:00,21.528,19.52,30622.2,[29473.06544884]
634,2022-05-30 18:05:00-04:00,21.619,19.37,30640.0,[29472.11207606]
635,2022-05-30 18:35:00-04:00,21.576,19.49,30664.6,[29472.11207606]
636,2022-05-30 19:05:00-04:00,21.598,19.39,30626.7,[29471.15870328]
637,2022-05-30 19:35:00-04:00,21.672,19.31,30669.1,[29471.15870328]
638,2022-05-30 20:05:00-04:00,21.663,19.25,30617.7,[29470.20533048]
639,2022-05-30 20:35:00-04:00,21.701,19.12,30579.9,[29470.20533048]
640,2022-05-30 21:05:00-04:00,21.711,19.02,30526.6,[29469.2519577]
641,2022-05-30 21:35:00-04:00,21.797,18.9,30555.5,[29469.2519577]
642,2022-05-30 22:05:00-04:00,21.786,18.9,30542.1,[29468.29858492]
643,2022-05-30 22:35:00-04:00,21.599,19.1,30435.9,[29468.29858492]
644,2022-05-30 23:05:00-04:00,21.237,19.36,30142.5,[29467.34521212]
645,2022-05-30 23:35:00-04:00,20.569,19.67,29476.4,[29467.34521212]
646,2022-05-31 00:05:00-04:00,19.987,19.88,28847.3,[29466.39183934]
647,2022-05-31 00:35:00-04:00,19.672,20.02,28519.4,[29466.39183934]
648,2022-05-31 01:05:00-04:00,19.411,20.05,28193.2,[29465.43846656]
649,2022-05-31 01:35:00-04:00,19.423,20.01,28185.4,[29465.43846656]
650,2022-05-31 02:05:00-04:00,19.361,20.01,28103.3,[29464.48509376]
651,2022-05-31 02:35:00-04:00,19.245,20.01,27949.8,[29464.48509376]
652,2022-05-31 03:05:00-04:00,19.627,19.9,28386.3,[29463.53172098]
653,2022-05-31 03:35:00-04:00,19.919,19.73,28665.5,[29463.53172098]
654,2022-05-31 04:05:00-04:00,20.15,19.67,28930.6,[29462.5783482]
655,2022-05-31 04:35:00-04:00,20.242,19.61,29012.3,[29462.5783482]
656,2022-05-31 05:05:00-04:00,20.582,19.38,29309.3,[29461.62497541]
657,2022-05-31 05:35:00-04:00,21.206,18.85,29770.2,[29461.62497541]
658,2022-05-31 06:05:00-04:00,21.377,18.69,29883.5,[29460.67160262]
659,2022-05-31 06:35:00-04:00,21.327,18.56,29736.2,[29460.67160262]
660,2022-05-31 07:05:00-04:00,21.222,18.54,29590.0,[29459.71822984]
661,2022-05-31 07:35:00-04:00,21.404,18.35,29695.8,[29459.71822984]
662,2022-05-31 08:05:00-04:00,21.538,18.28,29819.3,[29458.76485704]
663,2022-05-31 08:35:00-04:00,21.531,18.29,29817.2,[29458.76485704]
664,2022-05-31 09:05:00-04:00,21.561,18.27,29840.7,[29457.81148426]
665,2022-05-31 09:35:00-04:00,21.619,18.26,29907.1,[29457.81148426]
666,2022-05-31 10:05:00-04:00,21.609,18.34,29947.9,[29456.85811148]
667,2022-05-31 10:35:00-04:00,21.492,18.47,29885.6,[29456.85811148]
668,2022-05-31 11:05:00-04:00,20.429,19.73,29332.2,[29455.90473868]
669,2022-05-31 11:35:00-04:00,20.026,19.67,28768.3,[29455.90473868]
670,2022-05-31 12:05:00-04:00,19.168,20.2,27961.4,[29454.9513659]
671,2022-05-31 12:35:00-04:00,18.988,20.41,27847.5,[29454.9513659]
672,2022-05-31 13:05:00-04:00,18.714,20.76,27686.5,[29453.99799312]
673,2022-05-31 13:35:00-04:00,18.346,21.11,27392.9,[29453.99799312]
674,2022-05-31 14:05:00-04:00,18.172,21.26,27241.2,[29453.04462032]
675,2022-05-31 14:35:00-04:00,18.337,21.23,27449.3,[29453.04462032]
676,2022-05-31 15:05:00-04:00,18.544,21.16,27690.3,[29452.09124754]
677,2022-05-31 15:35:00-04:00,18.714,21.11,27891.8,[29452.09124754]
678,2022-05-31 16:05:00-04:00,19.422,20.75,28631.4,[29451.13787476]
679,2022-05-31 16:35:00-04:00,20.084,20.59,29417.8,[29451.13787476]
680,2022-05-31 17:05:00-04:00,20.678,20.32,30034.1,[29450.18450196]
681,2022-05-31 17:35:00-04:00,20.84,20.04,30066.6,[29450.18450196]
682,2022-05-31 18:05:00-04:00,20.942,19.88,30096.9,[29449.23112918]
683,2022-05-31 18:35:00-04:00,20.879,19.91,30034.1,[29449.23112918]
684,2022-05-31 19:05:00-04:00,20.78,19.98,29950.0,[29448.2777564]
685,2022-05-31 19:35:00-04:00,20.938,19.73,29995.3,[29448.2777564]
686,2022-05-31 20:05:00-04:00,20.995,19.64,30010.4,[29447.3243836]
687,2022-05-31 20:35:00-04:00,21.071,19.4,29954.3,[29447.3243836]
688,2022-05-31 21:05:00-04:00,21.212,19.24,30032.0,[29446.37101082]
689,2022-05-31 21:35:00-04:00,21.219,19.19,30008.2,[29446.37101082]
690,2022-05-31 22:05:00-04:00,21.258,19.13,30019.0,[29445.41763804]
691,2022-05-31 22:35:00-04:00,21.185,19.22,29984.5,[29445.41763804]
692,2022-05-31 23:05:00-04:00,20.683,19.27,29369.7,[29444.46426524]
693,2022-05-31 23:35:00-04:00,20.466,19.5,29234.6,[29444.46426524]
694,2022-06-01 00:05:00-04:00,20.022,19.63,28738.0,[29443.51089246]
695,2022-06-01 00:35:00-04:00,19.61,19.7,28242.3,[29443.51089246]
696,2022-06-01 01:05:00-04:00,19.471,19.68,28048.7,[29442.55751967]
697,2022-06-01 01:35:00-04:00,19.082,19.71,27555.2,[29442.55751967]
698,2022-06-01 02:05:00-04:00,19.056,19.68,27504.1,[29441.60414688]
699,2022-06-01 02:35:00-04:00,19.164,19.64,27621.7,[29441.60414688]
700,2022-06-01 03:05:00-04:00,19.007,19.64,27415.4,[29440.6507741]
701,2022-06-01 03:35:00-04:00,19.176,19.61,27619.8,[29440.6507741]
702,2022-06-01 04:05:00-04:00,19.284,19.58,27743.8,[29439.69740131]
703,2022-06-01 04:35:00-04:00,19.748,19.49,28295.4,[29439.69740131]
704,2022-06-01 05:05:00-04:00,19.873,19.42,28414.0,[29438.74402852]
705,2022-06-01 05:35:00-04:00,20.387,19.27,28987.8,[29438.74402852]
706,2022-06-01 06:05:00-04:00,20.408,19.2,28971.4,[29437.79065574]
707,2022-06-01 06:35:00-04:00,20.683,19.09,29255.4,[29437.79065574]
708,2022-06-01 07:05:00-04:00,20.985,18.83,29476.4,[29436.83728296]
709,2022-06-01 07:35:00-04:00,20.783,18.69,29129.3,[29436.83728296]
710,2022-06-01 08:05:00-04:00,21.085,18.51,29396.9,[29435.88391016]
711,2022-06-01 08:35:00-04:00,21.209,18.43,29501.6,[29435.88391016]
712,2022-06-01 09:05:00-04:00,21.186,18.47,29499.5,[29434.93053738]
713,2022-06-01 09:35:00-04:00,21.336,18.41,29649.2,[29434.93053738]
714,2022-06-01 10:05:00-04:00,21.326,18.41,29636.5,[29433.9771646]
715,2022-06-01 10:35:00-04:00,21.304,18.44,29628.0,[29433.9771646]
716,2022-06-01 11:05:00-04:00,21.287,18.57,29691.6,[29433.0237918]
717,2022-06-01 11:35:00-04:00,21.229,18.63,29657.7,[29433.0237918]
718,2022-06-01 12:05:00-04:00,21.162,18.7,29617.5,[29432.07041902]
719,2022-06-01 12:35:00-04:00,19.96,19.11,28336.8,[29432.07041902]
720,2022-06-01 13:05:00-04:00,19.744,19.3,28173.6,[29431.11704624]
721,2022-06-01 13:35:00-04:00,19.088,19.54,27462.5,[29431.11704624]
722,2022-06-01 14:05:00-04:00,18.981,19.73,27434.3,[29430.16367345]
723,2022-06-01 14:35:00-04:00,18.485,19.87,26862.5,[29430.16367345]
724,2022-06-01 15:05:00-04:00,18.428,19.9,26804.1,[29429.21030066]
725,2022-06-01 15:35:00-04:00,18.521,19.87,26910.1,[29429.21030066]
726,2022-06-01 16:05:00-04:00,18.773,19.74,27166.7,[29428.25692788]
727,2022-06-01 16:35:00-04:00,20.043,19.31,28567.3,[29428.25692788]
728,2022-06-01 17:05:00-04:00,20.109,19.32,28659.5,[29427.30355509]
729,2022-06-01 17:35:00-04:00,20.509,18.91,28918.4,[29427.30355509]
730,2022-06-01 18:05:00-04:00,21.006,18.77,29463.8,[29426.3501823]
731,2022-06-01 18:35:00-04:00,20.975,18.75,29411.5,[29426.3501823]
732,2022-06-01 19:05:00-04:00,21.018,18.7,29434.5,[29425.39680952]
733,2022-06-01 19:35:00-04:00,20.989,18.68,29384.3,[29425.39680952]
734,2022-06-01 20:05:00-04:00,21.057,18.75,29516.3,[29424.44343673]
735,2022-06-01 20:35:00-04:00,21.11,18.64,29512.1,[29424.44343673]
736,2022-06-01 21:05:00-04:00,21.175,18.56,29543.6,[29423.49006394]
737,2022-06-01 21:35:00-04:00,21.187,18.52,29533.1,[29423.49006394]
738,2022-06-01 22:05:00-04:00,21.271,18.49,29619.6,[29422.53669116]
739,2022-06-01 22:35:00-04:00,21.321,18.41,29630.1,[29422.53669116]
740,2022-06-01 23:05:00-04:00,21.293,18.48,29640.7,[29421.58331837]
741,2022-06-01 23:35:00-04:00,21.079,18.48,29369.7,[29421.58331837]
742,2022-06-02 00:05:00-04:00,20.84,18.47,29061.5,[29420.62994558]
743,2022-06-02 00:35:00-04:00,20.346,18.48,28439.8,[29420.62994558]
744,2022-06-02 01:05:00-04:00,20.308,18.48,28392.2,[29419.6765728]
745,2022-06-02 01:35:00-04:00,20.021,18.49,28033.2,[29419.6765728]
746,2022-06-02 02:05:00-04:00,19.509,18.45,27355.3,[29418.72320001]
747,2022-06-02 02:35:00-04:00,19.368,18.4,27146.3,[29418.72320001]
748,2022-06-02 03:05:00-04:00,19.177,18.33,26860.7,[29417.76982722]
749,2022-06-02 03:35:00-04:00,19.161,18.34,26846.1,[29417.76982722]
750,2022-06-02 04:05:00-04:00,19.169,18.31,26838.8,[29416.81645444]
751,2022-06-02 04:35:00-04:00,19.513,18.31,27276.7,[29416.81645444]
752,2022-06-02 05:05:00-04:00,19.522,18.31,27287.9,[29415.86308165]
753,2022-06-02 05:35:00-04:00,20.329,18.34,28330.9,[29415.86308165]
754,2022-06-02 06:05:00-04:00,20.69,18.34,28788.5,[29414.90970886]
755,2022-06-02 06:35:00-04:00,20.291,18.34,28283.6,[29414.90970886]
756,2022-06-02 07:05:00-04:00,20.553,18.26,28565.3,[29413.95633608]
757,2022-06-02 07:35:00-04:00,20.954,18.21,29038.9,[29413.95633608]
758,2022-06-02 08:05:00-04:00,20.884,18.14,28906.2,[29413.00296329]
759,2022-06-02 08:35:00-04:00,20.994,18.03,28973.5,[29413.00296329]
760,2022-06-02 09:05:00-04:00,20.991,17.93,28906.2,[29412.04959051]
761,2022-06-02 09:35:00-04:00,4.905,18.14,7603.2,[29412.04959051]
