Year Day	Temperature C	CO2	Battery Voltage
142.7847	21.51		0.00
142.8264	21.96		0.00
142.8680	22.28		0.00
142.9097	21.36		0.00
142.9514	21.11		0.00
142.9930	19.99		0.00
143.0347	18.59		0.00
143.0764	17.31		0.00
143.1180	16.16		0.00
143.1597	15.12		0.00
143.2014	14.15		0.00
143.2430	13.31		0.00
143.2847	12.54		0.00
143.3264	11.84		0.00
143.3680	11.19		0.00
143.4097	11.23		0.00
143.4514	11.73		0.00
143.4930	13.88		0.00
143.5347	16.11		0.00
143.5764	15.77		0.00
143.6180	15.77		0.00
143.6187	15.72		11.56
143.6193			
143.6598	15.86	529.9	11.69
143.6598			
143.7015	16.72	555.0	11.65
143.7015			
143.7432	17.54	564.9	11.63
143.7432			
143.7848	17.99	538.6	11.63
143.7848			
143.8265	18.73	472.1	11.63
143.8265			
143.8682	17.97	459.8	11.63
143.8682			
143.9098	16.60	516.6	11.62
143.9098			
143.9515	16.79	482.6	11.61
143.9515			
143.9932	16.49	491.3	11.61
143.9932			
144.0348	16.39	504.0	11.60
144.0348			
144.0765	16.35	521.1	11.59
144.0765			
144.1182	16.21	537.6	11.59
144.1182			
144.1598	16.09	533.1	11.59
144.1598			
144.2015	16.11	537.6	11.59
144.2015			
144.2432	16.14	592.5	11.59
144.2432			
144.2848	16.02	663.2	11.59
144.2848			
144.3265	16.02	777.7	11.59
144.3265			
144.3682	15.72	810.6	11.59
144.3682			
144.4098	15.95	809.0	11.59
144.4098			
144.4515	15.95	726.3	11.59
144.4515			
144.4932	16.00	686.8	11.59
144.4932			
144.5348	15.77	686.9	11.59
144.5348			
144.5765	15.79	622.8	11.58
144.5765			
144.6182	15.93	576.6	11.59
144.6182			
144.6598	16.02	551.9	11.59
144.6598			
144.7015	16.02	530.4	11.59
144.7015			
144.7432	16.51	524.5	11.59
144.7432			
144.7848	17.38	515.4	11.60
144.7848			
144.8265	17.95	480.7	11.61
144.8265			
144.8682	18.30	464.7	11.61
144.8682			
144.9098	17.12	478.3	11.61
144.9098			
144.9515	16.98	498.4	11.60
144.9515			
144.9932	17.07	501.8	11.60
144.9932			
145.0348	17.10	495.7	11.60
145.0348			
145.0765	17.05	514.2	11.60
145.0765			
145.1182	16.93	531.6	11.59
145.1182			
145.1598	16.72	527.7	11.59
145.1598			
145.2015	16.74	531.4	11.59
145.2015			
145.2432	16.81	572.2	11.59
145.2432			
145.2848	16.96	621.8	11.59
145.2848			
145.3265	17.00	678.5	11.59
145.3265			
145.3682	16.79	915.4	11.59
145.3682			
145.4098	16.81	1008.7	11.59
145.4098			
145.4515	16.77	986.8	11.59
145.4515			
145.4932	16.77	1063.7	11.59
145.4932			
145.5348	16.81	1051.6	11.59
145.5348			
145.5765	16.58	796.4	11.59
145.5765			
145.6182	16.11	688.6	11.58
145.6182			
145.6598	16.14	633.0	11.58
145.6598			
145.7015	16.21	584.8	11.58
145.7015			
145.7432	16.25	581.0	11.58
145.7432			
145.7848	16.91	572.8	11.58
145.7848			
145.8265	17.24	561.5	11.59
145.8265			
145.8682	17.83	531.0	11.59
145.8682			
145.9098	17.59	496.4	11.59
145.9098			
145.9515	16.98	535.7	11.59
145.9515			
145.9932	16.84	568.1	11.59
145.9932			
146.0348	16.67	554.8	11.59
146.0348			
146.0765	16.77	578.8	11.58
146.0765			
146.1182	16.60	564.5	11.58
146.1182			
146.1598	16.46	584.5	11.58
146.1598			
146.2015	16.39	588.8	11.58
146.2015			
146.2432	16.25	556.2	11.57
146.2432			
146.2848	16.42	629.9	11.57
146.2848			
146.3265	16.67	727.3	11.57
146.3265			
146.3682	16.67	802.1	11.57
146.3682			
146.4098	16.63	836.7	11.58
146.4098			
146.4515	16.63	866.6	11.58
146.4515			
146.4932	16.56	827.6	11.57
146.4932			
146.5348	16.53	766.7	11.57
146.5348			
146.5765	16.42	772.0	11.57
146.5765			
146.6182	16.49	703.0	11.57
146.6182			
146.6598	16.53	649.6	11.57
146.6598			
146.7015	16.74	596.6	11.57
146.7015			
146.7432	16.79	568.5	11.57
146.7432			
146.7848	17.10	582.8	11.58
146.7848			
146.8265	17.50	565.5	11.58
146.8265			
146.8682	17.69	532.4	11.58
146.8682			
146.9098	18.37	504.4	11.59
146.9098			
146.9515	17.95	505.5	11.59
146.9515			
146.9932	17.14	514.5	11.58
146.9932			
147.0348	17.10	582.2	11.58
147.0348			
147.0765	16.93	571.9	11.57
147.0765			
147.1182	16.63	565.9	11.57
147.1182			
147.1603	16.53		11.50
147.1610			
147.2015	16.46	541.7	11.68
147.2015			
147.2432	16.28	566.3	11.64
147.2432			
147.2848	16.23	588.5	11.62
147.2848			
147.3265	16.72	660.6	11.61
147.3265			
147.3682	16.65	736.5	11.60
147.3682			
147.4098	16.77	836.6	11.59
147.4098			
147.4515	16.65	855.4	11.59
147.4515			
147.4932	16.56	784.8	11.59
147.4932			
147.5348	16.51	806.1	11.58
147.5348			
147.5765	16.35	784.3	11.58
147.5765			
147.6182	16.51	738.9	11.58
147.6182			
147.6598	16.58	661.5	11.57
147.6598			
147.7015	17.21	607.5	11.57
147.7015			
147.7432	17.31	602.0	11.58
147.7432			
147.7848	17.31	599.0	11.58
147.7848			
147.8265	17.80	576.5	11.58
147.8265			
147.8682	18.68	544.0	11.59
147.8682			
147.9098	18.54	561.4	11.59
147.9098			
147.9515	19.21	534.2	11.59
147.9515			
147.9932	19.09	534.0	11.59
147.9932			
148.0348	18.09	612.8	11.59
148.0348			
148.0765	17.83	621.3	11.58
148.0765			
148.1182	17.71	594.2	11.58
148.1182			
148.1598	17.69	615.7	11.57
148.1598			
148.2015	17.43	618.1	11.57
148.2015			
148.2432	17.31	596.4	11.56
148.2432			
148.2848	17.05	600.5	11.56
148.2848			
148.3265	17.12	614.4	11.56
148.3265			
148.3682	17.31	673.9	11.56
148.3682			
148.4098	17.33	733.2	11.56
148.4098			
148.4515	17.45	782.6	11.56
148.4515			
148.4932	17.50	839.9	11.56
148.4932			
148.5348	17.28	830.1	11.56
148.5348			
148.5765	17.17	801.2	11.55
148.5765			
148.6182	17.26	740.8	11.55
148.6182			
148.6598	17.31	714.7	11.55
148.6598			
148.7015	17.38	646.0	11.55
148.7015			
148.7432	18.04	607.2	11.56
148.7432			
148.7848	17.95	573.7	11.56
148.7848			
148.8265	17.88	580.9	11.56
148.8265			
148.8682	18.30	568.5	11.56
148.8682			
148.9098	18.85	543.7	11.56
148.9098			
148.9515	19.19	532.3	11.56
148.9515			
148.9932	19.45	482.3	11.57
148.9932			
149.0348	19.60	497.2	11.57
149.0348			
149.0765	18.83	533.7	11.57
149.0765			
149.1182	18.16	597.1	11.56
149.1182			
149.1598	17.95	624.8	11.55
149.1598			
149.2015	17.88	644.6	11.55
149.2015			
149.2432	17.83	628.0	11.55
149.2432			
149.2848	17.45	615.2	11.54
149.2848			
149.3265	17.31	624.1	11.54
149.3265			
149.3682	17.50	638.1	11.54
149.3682			
149.4098	17.64	722.7	11.54
149.4098			
149.4515	17.71	802.5	11.54
149.4515			
149.4932	17.59	953.1	11.54
149.4932			
149.5348	17.52	855.9	11.54
149.5348			
149.5765	17.47	875.4	11.54
149.5765			
149.6182	17.61	923.2	11.54
149.6182			
149.6598	17.64	784.8	11.54
149.6598			
149.7015	18.14	642.9	11.54
149.7015			
149.7432	18.35	598.1	11.54
149.7432			
149.7848	18.33	576.6	11.54
149.7848			
149.8265	18.16	558.7	11.54
149.8265			
149.8682	18.07	566.1	11.54
149.8682			
149.9098	18.33	560.7	11.54
149.9098			
149.9515	18.92	490.5	11.54
149.9515			
149.9932	19.02	506.0	11.55
149.9932			
150.0348	18.52	565.2	11.54
150.0348			
150.0765	18.52	587.2	11.54
150.0765			
150.1182	18.57	646.1	11.54
150.1182			
150.1598	17.99	647.4	11.54
150.1598			
150.2015	17.97	654.7	11.53
150.2015			
150.2432	17.61	661.7	11.53
150.2432			
150.2848	17.52	635.6	11.53
150.2848			
150.3265	17.17	644.1	11.52
150.3265			
150.3682	17.05	652.5	11.52
150.3682			
150.4098	17.07	655.7	11.52
150.4098			
150.4515	17.38	755.4	11.52
150.4515			
150.4932	17.33	849.1	11.52
150.4932			
150.5348	17.24	1005.2	11.51
150.5348			
150.5765	17.36	999.7	11.52
150.5765			
150.6182	17.38	872.8	11.52
150.6182			
150.6598	17.31	721.2	11.52
150.6598			
150.7020	17.33		11.47
150.7027			
150.7432	17.50	609.9	11.65
150.7432			
150.7848	17.71	578.4	11.61
150.7848			
150.8265	17.90	558.2	11.59
150.8265			
150.8682	17.57	553.5	11.57
150.8682			
150.9098	17.54	553.7	11.56
150.9098			
150.9515	17.90	540.9	11.56
150.9515			
150.9932	18.47	529.1	11.55
150.9932			
151.0348	18.95	495.0	11.55
151.0348			
151.0765	19.09	506.8	11.55
151.0765			
151.1182	18.97	551.6	11.56
151.1182			
151.1598	18.71	573.7	11.55
151.1598			
151.2015	17.76	654.0	11.54
151.2015			
151.2432	17.40	678.9	11.54
151.2432			
151.2848	17.19	676.1	11.53
151.2848			
151.3265	17.14	665.8	11.52
151.3265			
151.3682	16.98	677.7	11.52
151.3682			
151.4098	16.77	691.9	11.52
151.4098			
151.4515	17.00	729.3	11.51
151.4515			
151.4932	17.07	869.8	11.52
151.4932			
151.5348	17.10	931.4	11.52
151.5348			
151.5765	17.21	1035.8	11.52
151.5765			
151.6182	17.40	1082.9	11.52
151.6182			
151.6598	17.38	931.9	11.52
151.6598			
151.7015	17.36	775.2	11.52
151.7015			
151.7432	17.88	728.9	11.52
151.7432			
151.7848	18.33	631.9	11.52
151.7848			
151.8265	18.54	602.2	11.53
151.8265			
151.8682	18.54	584.1	11.53
151.8682			
151.9098	18.33	588.9	11.53
151.9098			
151.9515	18.37	604.9	11.53
151.9515			
151.9932	18.95	582.3	11.52
151.9932			
152.0348	19.41	585.7	11.53
152.0348			
152.0765	19.82	595.6	11.54
152.0765			
152.1182	19.84	680.5	11.54
152.1182			
152.1598	19.67	739.6	11.54
152.1598			
152.2015	18.78	744.9	11.54
152.2015			
152.2432	18.52	877.2	11.53
152.2432			
152.2848	18.26	807.3	11.52
152.2848			
152.3265	17.92	712.6	11.51
152.3265			
152.3682	17.57	713.2	11.51
152.3682			
152.4098	17.57	755.0	11.50
152.4098			
152.4515	17.57	757.4	11.50
152.4515			
152.4932	17.88	810.2	11.50
152.4932			
152.5348	18.07	930.6	11.51
152.5348			
152.5765	18.37	1022.5	11.51
152.5765			
152.6182	18.78	1102.9	11.51
152.6182			
152.6598	18.66	1038.1	11.51
152.6598			
152.7015	18.37	942.9	11.51
152.7015			
152.7432	18.40	812.3	11.51
152.7432			
152.7848	19.02	677.0	11.51
152.7848			
152.8265	19.55	653.4	11.52
152.8265			
152.8682	19.62	621.5	11.52
152.8682			
152.9098	19.26	619.0	11.52
152.9098			
152.9515	18.97	631.0	11.52
152.9515			
152.9932	19.26	636.7	11.51
152.9932			
153.0348	19.77	649.0	11.52
153.0348			
153.0765	20.35	729.1	11.52
153.0765			
153.1182	20.72	969.8	11.53
153.1182			
153.1598	20.72	1167.4	11.53
153.1598			
153.2015	20.52	1198.5	11.53
153.2015			
153.2432	20.28	1134.9	11.53
153.2432			
153.2848	19.45	1030.4	11.52
153.2848			
153.3265	18.97	891.3	11.51
153.3265			
153.3682	18.80	833.5	11.51
153.3682			
153.4098	18.47	816.5	11.50
153.4098			
153.4515	18.30	822.9	11.50
153.4515			
153.4932	18.28	827.9	11.49
153.4932			
153.5348	18.83	902.3	11.49
153.5348			
153.5765	19.09	1007.2	11.50
153.5765			
153.6182	19.87	1232.7	11.50
153.6182			
153.6598	20.23	1364.3	11.51
153.6598			
153.7015	20.13	1234.7	11.51
153.7015			
153.7432	19.50	970.6	11.51
153.7432			
153.7848	19.62	759.3	11.51
153.7848			
153.8265	19.87	651.0	11.51
153.8265			
153.8682	19.96	632.8	11.51
153.8682			
153.9098	19.84	629.2	11.51
153.9098			
153.9515	19.26	601.8	11.50
153.9515			
153.9932	19.14	637.2	11.50
153.9932			
154.0348	19.38	647.8	11.50
154.0348			
154.0765	19.91	734.8	11.50
154.0765			
154.1182	20.43	990.9	11.50
154.1182			
154.1598	20.67	1547.4	11.51
154.1598			
154.2015	20.57	2081.7	11.51
154.2015			
154.2437	20.55		11.48
154.2443			
154.2848	20.45	1939.0	11.65
154.2848			
154.3265	20.01	1599.3	11.60
154.3265			
154.3682	19.60	1310.8	11.57
154.3682			
154.4098	18.90	980.9	11.55
154.4098			
154.4515	18.64	864.8	11.54
154.4515			
154.4932	18.49	855.8	11.52
154.4932			
154.5348	18.52	843.7	11.52
154.5348			
154.5765	18.21	1153.1	11.51
154.5765			
154.6182	17.99	1459.5	11.51
154.6182			
154.6598	17.90	1610.6	11.50
154.6598			
154.7015	17.83	1675.6	11.50
154.7015			
154.7432	17.88	1790.3	11.50
154.7432			
154.7848	17.92	1632.1	11.50
154.7848			
154.8265	18.04	1312.7	11.50
154.8265			
154.8682	17.64	839.9	11.50
154.8682			
154.9098	17.59	763.7	11.49
154.9098			
154.9515	17.38	699.6	11.49
154.9515			
154.9932	17.00	650.2	11.48
154.9932			
155.0348	17.00	665.8	11.48
155.0348			
155.0765	16.91	724.4	11.48
155.0765			
155.1182	16.58	889.6	11.48
155.1182			
155.1598	16.30	1228.4	11.48
155.1598			
155.2015	15.97	1768.6	11.47
155.2015			
155.2432	15.90	2028.0	11.47
155.2432			
155.2848	16.02	2111.7	11.47
155.2848			
155.3265	16.11	2003.3	11.47
155.3265			
155.3682	16.35	1566.7	11.47
155.3682			
155.4098	15.65	1082.2	11.47
155.4098			
155.4515	15.77	897.9	11.47
155.4515			
155.4932	15.84	830.1	11.46
155.4932			
155.5348	15.97	777.9	11.47
155.5348			
155.5765	15.86	866.5	11.47
155.5765			
155.6182	15.86	949.4	11.47
155.6182			
155.6598	15.97	1117.1	11.47
155.6598			
155.7015	16.21	1160.7	11.47
155.7015			
155.7432	16.37	1194.1	11.47
155.7432			
155.7848	16.35	1246.9	11.47
155.7848			
155.8265	16.32	1198.9	11.47
155.8265			
155.8682	16.37	933.2	11.47
155.8682			
155.9098	16.39	686.6	11.47
155.9098			
155.9515	16.11	647.4	11.47
155.9515			
155.9932	16.14	605.2	11.47
155.9932			
156.0348	16.02	613.9	11.46
156.0348			
156.0765	16.02	644.1	11.46
156.0765			
156.1182	15.88	681.7	11.46
156.1182			
156.1598	15.65	853.1	11.46
156.1598			
156.2015	15.49	1249.6	11.46
156.2015			
156.2432	15.26	1820.8	11.45
156.2432			
156.2848	15.28	2048.3	11.45
156.2848			
156.3265	15.30	1980.5	11.45
156.3265			
156.3682	15.35	1924.3	11.45
156.3682			
156.4098	15.49	1334.4	11.45
156.4098			
156.4515	15.21	958.5	11.45
156.4515			
156.4932	15.35	815.6	11.45
156.4932			
156.5348	15.44	745.6	11.44
156.5348			
156.5765	15.46	753.6	11.45
156.5765			
156.6182	15.49	804.5	11.45
156.6182			
156.6598	15.63	928.4	11.45
156.6598			
156.7015	15.79	1105.6	11.45
156.7015			
156.7432	16.07	1176.9	11.45
156.7432			
156.7848	16.25	1219.2	11.46
156.7848			
156.8265	16.25	1242.8	11.46
156.8265			
156.8682	16.09	1011.1	11.46
156.8682			
156.9098	16.21	672.8	11.46
156.9098			
156.9515	16.18	613.6	11.45
156.9515			
156.9932	16.07	604.7	11.45
156.9932			
157.0348	16.00	611.9	11.45
157.0348			
157.0765	15.95	628.6	11.45
157.0765			
157.1182	15.97	660.4	11.45
157.1182			
157.1598	15.97	718.4	11.45
157.1598			
157.2015	15.95	893.1	11.44
157.2015			
157.2432	15.90	1236.7	11.44
157.2432			
157.2848	15.88	1697.3	11.44
157.2848			
157.3265	15.88	1880.0	11.44
157.3265			
157.3682	15.86	1916.7	11.44
157.3682			
157.4098	15.88	1861.9	11.44
157.4098			
157.4515	15.88	1396.1	11.44
157.4515			
157.4932	15.70	968.3	11.44
157.4932			
157.5348	15.84	741.3	11.44
157.5348			
157.5765	15.97	684.5	11.44
157.5765			
157.6182	16.00	740.7	11.44
157.6182			
157.6598	16.51	718.8	11.44
157.6598			
157.7015	17.07	796.6	11.45
157.7015			
157.7432	17.76	865.4	11.45
157.7432			
157.7853	18.37		11.40
157.7860			
157.8265	18.73	920.5	11.60
157.8265			
157.8682	17.78	747.6	11.55
157.8682			
157.9098	17.71	647.9	11.53
157.9098			
157.9515	17.50	660.0	11.51
157.9515			
157.9932	17.14	650.6	11.50
157.9932			
158.0348	16.89	618.3	11.48
158.0348			
158.0765	16.56	601.6	11.47
158.0765			
158.1182	16.42	613.9	11.47
158.1182			
158.1598	16.56	670.9	11.46
158.1598			
158.2015	16.63	746.9	11.46
158.2015			
158.2432	16.72	1056.7	11.46
158.2432			
158.2848	16.67	1557.9	11.46
158.2848			
158.3265	16.60	2167.9	11.46
158.3265			
158.3682	16.60	2440.9	11.46
158.3682			
158.4098	16.58	2270.3	11.46
158.4098			
158.4515	16.60	2152.9	11.46
158.4515			
158.4932	16.44	1308.0	11.46
158.4932			
158.5348	16.16	941.8	11.46
158.5348			
158.5765	16.32	732.5	11.45
158.5765			
158.6182	16.37	652.7	11.45
158.6182			
158.6598	16.44	667.8	11.45
158.6598			
158.7015	16.77	696.2	11.45
158.7015			
158.7432	17.10	806.3	11.46
158.7432			
158.7848	17.36	976.6	11.46
158.7848			
158.8265	17.50	1160.8	11.46
158.8265			
158.8682	17.43	1325.1	11.46
158.8682			
158.9098	17.19	1079.0	11.46
158.9098			
158.9515	17.05	976.4	11.46
158.9515			
158.9932	16.84	920.2	11.45
158.9932			
159.0348	16.79	745.1	11.45
159.0348			
159.0765	16.58	696.2	11.45
159.0765			
159.1182	16.37	664.4	11.44
159.1182			
159.1598	16.32	698.4	11.44
159.1598			
159.2015	16.39	747.0	11.44
159.2015			
159.2432	16.37	862.9	11.44
159.2432			
159.2848	16.32	1214.5	11.44
159.2848			
159.3265	16.23	1909.9	11.44
159.3265			
159.3682	16.21	2235.9	11.43
159.3682			
159.4098	16.18	2525.5	11.43
159.4098			
159.4515	16.18	2531.2	11.43
159.4515			
159.4932	16.25	1988.4	11.43
159.4932			
159.5348	16.28	1187.3	11.43
159.5348			
159.5765	16.21	957.1	11.43
159.5765			
159.6182	16.46	843.9	11.43
159.6182			
159.6598	16.63	694.3	11.43
159.6598			
159.7015	16.77	709.6	11.43
159.7015			
159.7432	17.40	737.6	11.44
159.7432			
159.7848	17.92	818.8	11.44
159.7848			
159.8265	18.66	906.7	11.45
159.8265			
159.8682	18.88	932.2	11.46
159.8682			
159.9098	18.76	1134.2	11.46
159.9098			
159.9515	18.28	1049.3	11.46
159.9515			
159.9932	17.47	845.2	11.45
159.9932			
160.0348	17.59	904.6	11.44
160.0348			
160.0765	17.17	770.8	11.44
160.0765			
160.1182	17.00	696.0	11.44
160.1182			
160.1598	16.74	670.7	11.43
160.1598			
160.2015	16.65	703.5	11.43
160.2015			
160.2432	16.72	750.5	11.43
160.2432			
160.2848	16.72	905.1	11.42
160.2848			
160.3265	16.63	1213.7	11.42
160.3265			
160.3682	16.49	1807.2	11.42
160.3682			
160.4098	16.49	2366.2	11.42
160.4098			
160.4515	16.51	2409.1	11.42
160.4515			
160.4932	16.53	2363.2	11.42
160.4932			
160.5348	16.60	1969.4	11.42
160.5348			
160.5765	16.67	1113.8	11.42
160.5765			
160.6182	16.91	868.5	11.42
160.6182			
160.6598	16.86	730.7	11.43
160.6598			
160.7015	16.86	745.0	11.42
160.7015			
160.7432	17.07	766.2	11.42
160.7432			
160.7848	17.52	789.8	11.43
160.7848			
160.8265	17.97	839.5	11.43
160.8265			
160.8682	18.66	861.3	11.44
160.8682			
160.9098	18.64	907.9	11.44
160.9098			
160.9515	18.83	955.9	11.44
160.9515			
160.9932	18.68	1100.3	11.44
160.9932			
161.0348	17.76	949.0	11.44
161.0348			
161.0765	17.97	1025.6	11.43
161.0765			
161.1182	17.59	798.4	11.43
161.1182			
161.1598	17.14	725.8	11.42
161.1598			
161.2015	16.96	703.4	11.41
161.2015			
161.2432	16.91	753.5	11.41
161.2432			
161.2848	16.91	772.6	11.41
161.2848			
161.3270	16.89		11.36
161.3277			
161.3682	16.74	1189.6	11.55
161.3682			
161.4098	16.63	1849.8	11.51
161.4098			
161.4515	16.60	2452.5	11.49
161.4515			
161.4932	16.67	2314.7	11.47
161.4932			
161.5348	16.70	2396.5	11.46
161.5348			
161.5765	16.81	1877.6	11.46
161.5765			
161.6182	16.91	1083.5	11.45
161.6182			
161.6598	17.36	904.6	11.45
161.6598			
161.7015	17.69	806.3	11.46
161.7015			
161.7432	17.43	729.4	11.45
161.7432			
161.7848	17.59	755.1	11.45
161.7848			
161.8265	18.11	769.5	11.45
161.8265			
161.8682	18.47	824.9	11.46
161.8682			
161.9098	18.88	903.5	11.46
161.9098			
161.9515	18.88	970.2	11.46
161.9515			
161.9932	18.80	1231.2	11.46
161.9932			
162.0348	18.47	1091.5	11.46
162.0348			
162.0765	18.07	1192.6	11.45
162.0765			
162.1182	17.90	1156.9	11.44
162.1182			
162.1598	17.54	818.4	11.44
162.1598			
162.2015	17.33	737.2	11.43
162.2015			
162.2432	17.21	722.1	11.43
162.2432			
162.2848	17.14	762.9	11.43
162.2848			
162.3265	17.17	801.5	11.42
162.3265			
162.3682	17.14	1011.6	11.43
162.3682			
162.4098	16.98	1412.6	11.42
162.4098			
162.4515	16.84	1777.8	11.42
162.4515			
162.4932	16.86	2308.2	11.41
162.4932			
162.5348	16.96	2123.1	11.41
162.5348			
162.5765	17.14	1699.0	11.42
162.5765			
162.6182	17.26	1754.0	11.42
162.6182			
162.6598	17.45	981.3	11.42
162.6598			
162.7015	18.21	804.9	11.43
162.7015			
162.7432	18.52	752.9	11.43
162.7432			
162.7848	18.30	694.5	11.43
162.7848			
162.8265	18.18	684.9	11.43
162.8265			
162.8682	19.00	681.7	11.43
162.8682			
162.9098	19.82	682.2	11.44
162.9098			
162.9515	20.60	743.0	11.45
162.9515			
162.9932	20.57	831.2	11.46
162.9932			
163.0348	20.47	1083.4	11.45
163.0348			
163.0765	20.16	969.6	11.45
163.0765			
163.1182	19.21	997.1	11.44
163.1182			
163.1598	18.95	1220.9	11.44
163.1598			
163.2015	18.64	771.6	11.43
163.2015			
163.2432	18.04	722.0	11.42
163.2432			
163.2848	17.90	724.3	11.41
163.2848			
163.3265	17.80	792.0	11.41
163.3265			
163.3682	18.02	838.8	11.41
163.3682			
163.4098	18.28	1005.1	11.41
163.4098			
163.4515	18.33	1292.8	11.41
163.4515			
163.4932	18.33	1561.2	11.41
163.4932			
163.5348	18.35	1871.6	11.41
163.5348			
163.5765	18.37	2020.8	11.41
163.5765			
163.6182	18.28	1564.0	11.41
163.6182			
163.6598	18.11	1198.8	11.41
163.6598			
163.7015	18.28	950.8	11.41
163.7015			
163.7432	18.61	749.3	11.41
163.7432			
163.7848	18.66	711.2	11.41
163.7848			
163.8265	18.57	657.5	11.41
163.8265			
163.8682	18.95	706.8	11.41
163.8682			
163.9098	19.48	690.2	11.41
163.9098			
163.9515	19.70	703.8	11.42
163.9515			
163.9932	20.16	742.9	11.43
163.9932			
164.0348	20.47	821.2	11.43
164.0348			
164.0765	20.28	977.3	11.43
164.0765			
164.1182	20.23	1228.8	11.43
164.1182			
164.1598	19.77	1055.4	11.43
164.1598			
164.2015	18.78	879.6	11.42
164.2015			
164.2432	18.59	859.4	11.41
164.2432			
164.2848	18.54	789.1	11.40
164.2848			
164.3265	18.35	770.5	11.40
164.3265			
164.3682	18.23	897.7	11.40
164.3682			
164.4098	18.45	867.0	11.40
164.4098			
164.4515	18.57	1100.5	11.40
164.4515			
164.4932	18.59	1533.2	11.40
164.4932			
164.5348	18.59	1763.3	11.40
164.5348			
164.5765	18.64	2094.3	11.40
164.5765			
164.6182	18.64	2004.4	11.40
164.6182			
164.6598	18.54	1480.5	11.40
164.6598			
164.7015	18.54	1194.4	11.40
164.7015			
164.7437	18.85		11.38
164.7444			
164.7848	19.48	1236.1	11.55
164.7850			
164.8265	19.33	800.8	11.51
164.8266			
164.8682	19.19	692.0	11.49
164.8683			
164.9098	19.24	647.1	11.48
164.9100			
164.9515	19.67	655.5	11.48
164.9516			
164.9932	20.38	709.1	11.48
164.9933			
165.0348	20.74	843.2	11.48
165.0350			
165.0765	20.89	1086.8	11.48
165.0766			
165.1182	20.77	1070.8	11.48
165.1183			
165.1598	20.67	1076.8	11.48
165.1600			
165.2015	20.60	1164.3	11.48
165.2016			
165.2432	20.28	955.5	11.47
165.2433			
165.2848	19.41	864.7	11.47
165.2850			
165.3265	18.88	790.6	11.46
165.3266			
165.3682	18.78	773.6	11.46
165.3683			
165.4098	18.61	746.9	11.46
165.4100			
165.4515	18.85	813.5	11.46
165.4516			
165.4932	19.09	1178.2	11.46
165.4933			
165.5348	19.36	1396.0	11.46
165.5350			
165.5765	19.65	1770.3	11.47
165.5766			
165.6182	19.82	1798.6	11.47
165.6183			
165.6598	19.79	1532.2	11.47
165.6600			
165.7015	19.38	1087.6	11.47
165.7016			
165.7432	19.60	875.6	11.46
165.7433			
165.7848	20.65	807.9	11.47
165.7850			
165.8265	20.30	686.7	11.47
165.8266			
165.8682	19.82	635.5	11.47
165.8683			
165.9098	19.77	630.3	11.47
165.9100			
165.9515	19.72	637.8	11.46
165.9516			
165.9932	20.08	648.3	11.47
165.9933			
166.0348	20.52	727.6	11.46
166.0350			
166.0765	20.97	1044.7	11.47
166.0766			
166.1182	21.14	1346.1	11.47
166.1183			
166.1598	20.99	1556.5	11.47
166.1600			
166.2015	20.89	1396.8	11.47
166.2016			
166.2432	20.79	1166.9	11.47
166.2433			
166.2848	20.55	1734.0	11.46
166.2850			
166.3265	19.79	1146.5	11.46
166.3266			
166.3682	19.07	846.0	11.45
166.3683			
166.4098	18.83	766.3	11.44
166.4100			
166.4515	18.95	812.5	11.44
166.4516			
166.4932	19.07	943.2	11.44
166.4933			
166.5348	19.16	1252.6	11.44
166.5350			
166.5765	19.26	1535.7	11.44
166.5766			
166.6182	19.55	2378.4	11.44
166.6183			
166.6598	19.79	2406.2	11.44
166.6600			
166.7015	19.70	2120.7	11.44
166.7016			
166.7432	19.57	1193.4	11.44
166.7433			
166.7848	19.62	943.6	11.44
166.7850			
166.8265	19.89	788.1	11.44
166.8266			
166.8682	20.08	717.2	11.44
166.8683			
166.9098	19.94	662.9	11.44
166.9100			
166.9515	19.62	634.8	11.44
166.9516			
166.9932	19.77	652.1	11.43
166.9933			
167.0348	20.01	728.2	11.43
167.0350			
167.0765	20.28	908.8	11.44
167.0766			
167.1182	20.40	1296.7	11.44
167.1183			
167.1598	20.40	1718.6	11.44
167.1600			
167.2015	20.38	1718.6	11.44
167.2016			
167.2432	20.38	1835.2	11.44
167.2433			
167.2848	20.16	1305.8	11.44
167.2850			
167.3265	20.08	1385.6	11.43
167.3266			
167.3682	19.41	945.8	11.43
167.3683			
167.4098	19.19	951.3	11.42
167.4100			
167.4515	19.04	833.5	11.41
167.4516			
167.4932	19.02	813.0	11.41
167.4933			
167.5348	19.21	841.6	11.41
167.5350			
167.5765	19.65	1146.4	11.41
167.5766			
167.6182	20.16	1514.4	11.42
167.6183			
167.6598	20.60	1679.7	11.43
167.6600			
167.7015	20.79	1720.1	11.43
167.7016			
167.7432	20.57	1557.2	11.43
167.7433			
167.7848	20.52	947.0	11.43
167.7850			
167.8265	20.50	719.6	11.43
167.8266			
167.8682	20.57	638.5	11.42
167.8683			
167.9098	20.79	648.5	11.42
167.9100			
167.9515	19.99	594.3	11.42
167.9516			
167.9932	20.13	602.3	11.41
167.9933			
168.0348	20.16	650.5	11.41
168.0350			
168.0765	20.38	713.3	11.41
168.0766			
168.1182	20.55	828.2	11.41
168.1183			
168.1598	20.99	1377.9	11.42
168.1600			
168.2015	21.14	2131.0	11.42
168.2016			
168.2432	21.06	2380.1	11.42
168.2433			
168.2853	20.99		11.36
168.2861			
168.3265	20.65	1511.1	11.54
168.3266			
168.3682	20.16	1026.7	11.50
168.3683			
168.4098	19.57	882.9	11.47
168.4100			
168.4515	19.50	855.8	11.46
168.4516			
168.4932	19.43	824.7	11.45
168.4933			
168.5348	19.53	856.3	11.44
168.5350			
168.5765	19.62	1054.9	11.44
168.5766			
168.6182	19.74	1465.5	11.44
168.6183			
168.6598	19.79	2356.3	11.44
168.6600			
168.7015	19.77	2591.9	11.44
168.7016			
168.7432	19.79	2816.2	11.44
168.7433			
168.7848	19.67	2364.3	11.44
168.7850			
168.8265	19.72	1363.9	11.44
168.8266			
168.8682	19.65	955.6	11.44
168.8683			
168.9098	19.67	868.9	11.44
168.9100			
168.9515	19.67	815.5	11.44
168.9516			
168.9932	19.53	711.0	11.43
168.9933			
169.0348	19.48	739.8	11.43
169.0350			
169.0765	19.50	779.4	11.43
169.0766			
169.1182	19.45	1092.7	11.43
169.1183			
169.1598	19.26	1953.0	11.43
169.1600			
169.2015	19.14	3259.2	11.43
169.2016			
169.2432	19.12	3455.7	11.43
169.2433			
169.2848	19.12	3582.3	11.43
169.2850			
169.3265	19.19	2852.1	11.43
169.3266			
169.3682	19.21	2196.3	11.42
169.3683			
169.4098	19.14	1363.3	11.42
169.4100			
169.4515	18.90	1083.5	11.42
169.4516			
169.4932	18.95	947.2	11.42
169.4933			
169.5348	18.97	871.8	11.42
169.5350			
169.5765	19.07	879.5	11.42
169.5766			
169.6182	19.29	1228.8	11.42
169.6183			
169.6598	19.41	1620.7	11.42
169.6600			
169.7015	19.87	1937.9	11.42
169.7016			
169.7432	19.94	2106.3	11.43
169.7433			
169.7848	20.04	2081.3	11.43
169.7850			
169.8265	19.82	1294.2	11.43
169.8266			
169.8682	19.57	788.4	11.42
169.8683			
169.9098	19.53	741.1	11.41
169.9100			
169.9515	19.50	712.0	11.41
169.9516			
169.9932	19.62	694.6	11.41
169.9933			
170.0348	19.33	698.7	11.41
170.0350			
170.0765	19.38	714.8	11.41
170.0766			
170.1182	19.41	793.3	11.41
170.1183			
170.1598	19.50	1079.2	11.41
170.1600			
170.2015	19.50	1754.0	11.41
170.2016			
170.2432	19.48	2203.4	11.40
170.2433			
170.2848	19.43	2237.5	11.40
170.2850			
170.3265	19.38	2379.5	11.40
170.3266			
170.3682	19.41	1845.4	11.40
170.3683			
170.4098	19.38	1488.1	11.40
170.4100			
170.4515	19.16	1172.5	11.40
170.4516			
170.4932	18.95	1086.9	11.39
170.4933			
170.5348	19.07	904.7	11.39
170.5350			
170.5765	19.04	889.4	11.39
170.5766			
170.6182	19.24	881.8	11.39
170.6183			
170.6598	19.48	1128.8	11.39
170.6600			
170.7015	19.62	1349.3	11.39
170.7016			
170.7432	19.82	1466.0	11.39
170.7433			
170.7848	19.94	1520.5	11.40
170.7850			
170.8265	19.82	1439.7	11.40
170.8266			
170.8682	19.72	948.3	11.39
170.8683			
170.9098	19.74	898.0	11.39
170.9100			
170.9515	19.74	699.0	11.39
170.9516			
170.9932	19.77	674.9	11.39
170.9933			
171.0348	19.65	679.9	11.39
171.0350			
171.0765	19.60	694.2	11.39
171.0766			
171.1182	19.57	718.3	11.38
171.1183			
171.1598	19.55	826.2	11.38
171.1600			
171.2015	19.50	983.6	11.38
171.2016			
171.2432	19.21	1485.8	11.37
171.2433			
171.2848	19.12	1713.3	11.37
171.2850			
171.3265	19.07	1874.3	11.37
171.3266			
171.3682	19.16	1812.0	11.37
171.3683			
171.4098	19.33	1319.3	11.37
171.4100			
171.4515	19.33	1218.5	11.37
171.4516			
171.4932	18.85	1048.5	11.37
171.4933			
171.5348	18.97	911.8	11.36
171.5350			
171.5765	19.07	862.6	11.36
171.5766			
171.6182	19.09	822.8	11.36
171.6183			
171.6598	19.50	801.5	11.36
171.6600			
171.7015	20.28	929.4	11.37
171.7016			
171.7432	20.79	942.3	11.37
171.7433			
171.7848	21.21	929.7	11.38
171.7850			
171.8270	21.19		11.32
171.8278			
171.8682	20.35	785.4	11.51
171.8683			
171.9098	20.13	685.3	11.46
171.9100			
171.9515	20.04	682.1	11.44
171.9516			
171.9932	20.13	644.9	11.42
171.9933			
172.0348	19.89	670.6	11.42
172.0350			
172.0765	19.72	704.2	11.41
172.0766			
172.1182	19.67	721.8	11.41
172.1183			
172.1598	19.84	716.0	11.40
172.1600			
172.2015	20.04	814.7	11.40
172.2016			
172.2432	19.79	1023.1	11.41
172.2433			
172.2848	19.70	1279.6	11.40
172.2850			
172.3265	19.65	1373.3	11.40
172.3266			
172.3682	19.74	1335.6	11.40
172.3683			
172.4098	19.77	1225.9	11.40
172.4100			
172.4515	19.70	1312.0	11.40
172.4516			
172.4932	19.57	985.0	11.40
172.4933			
172.5348	19.26	986.5	11.40
172.5350			
172.5765	19.38	872.4	11.39
172.5766			
172.6182	19.41	843.9	11.40
172.6183			
172.6598	19.43	774.2	11.40
172.6600			
172.7015	19.89	780.5	11.40
172.7016			
172.7432	20.99	811.4	11.40
172.7433			
172.7848	21.56	747.1	11.41
172.7850			
172.8265	21.91	709.7	11.42
172.8266			
172.8682	22.21	697.9	11.42
172.8683			
172.9098	21.51	713.8	11.42
172.9100			
172.9515	20.94	610.3	11.41
172.9516			
172.9932	20.55	662.4	11.40
172.9933			
173.0348	20.40	626.5	11.40
173.0350			
173.0765	20.43	617.8	11.39
173.0766			
173.1182	20.25	634.4	11.39
173.1183			
173.1598	20.16	676.5	11.39
173.1600			
173.2015	20.18	718.6	11.39
173.2016			
173.2432	20.28	795.9	11.39
173.2433			
173.2848	20.16	1030.3	11.39
173.2850			
173.3265	19.99	1152.0	11.38
173.3266			
173.3682	19.99	1351.2	11.38
173.3683			
173.4098	20.04	1225.1	11.38
173.4100			
173.4515	20.06	1098.9	11.38
173.4516			
173.4932	20.08	1073.2	11.37
173.4933			
173.5348	19.77	971.8	11.37
173.5350			
173.5765	19.50	910.9	11.37
173.5766			
173.6182	19.45	882.4	11.36
173.6183			
173.6598	19.48	843.7	11.37
173.6600			
173.7015	19.91	763.6	11.36
173.7016			
173.7432	20.74	786.2	11.37
173.7433			
173.7848	20.82	748.4	11.38
173.7850			
173.8265	21.86	649.5	11.39
173.8266			
173.8682	21.83	645.1	11.39
173.8683			
173.9098	21.68	690.4	11.39
173.9100			
173.9515	20.45	764.4	11.38
173.9516			
173.9932	20.45	824.1	11.37
173.9933			
174.0348	20.25	738.4	11.37
174.0350			
174.0765	20.13	726.5	11.36
174.0766			
174.1182	20.13	704.6	11.36
174.1183			
174.1598	19.91	711.2	11.36
174.1600			
174.2015	19.87	756.9	11.35
174.2016			
174.2432	19.99	797.6	11.35
174.2433			
174.2848	20.11	943.7	11.35
174.2850			
174.3265	20.04	1223.0	11.35
174.3266			
174.3682	20.04	1534.5	11.35
174.3683			
174.4098	20.04	1580.9	11.35
174.4100			
174.4515	20.01	1575.1	11.35
174.4516			
174.4932	19.94	1172.3	11.35
174.4933			
174.5348	19.94	1274.7	11.35
174.5350			
174.5765	19.70	1132.8	11.35
174.5766			
174.6182	19.70	975.8	11.34
174.6183			
174.6598	19.65	977.6	11.34
174.6600			
174.7015	19.72	898.0	11.34
174.7016			
174.7432	20.57	845.6	11.34
174.7433			
174.7848	20.87	809.1	11.35
174.7850			
174.8265	21.68	767.4	11.35
174.8266			
174.8682	21.83	789.8	11.36
174.8683			
174.9098	21.78	760.2	11.36
174.9100			
174.9515	21.24	759.3	11.36
174.9516			
174.9932	20.62	748.3	11.35
174.9933			
175.0348	20.50	758.2	11.35
175.0350			
175.0765	20.72	811.3	11.34
175.0766			
175.1182	20.60	727.4	11.34
175.1183			
175.1598	20.40	733.6	11.34
175.1600			
175.2015	20.25	794.0	11.33
175.2016			
175.2432	20.40	841.9	11.33
175.2433			
175.2848	20.72	952.4	11.33
175.2850			
175.3265	20.92	1172.1	11.34
175.3266			
175.3687	20.79		11.29
175.3694			
175.4098	20.82	1676.6	11.47
175.4100			
175.4515	20.50	1295.5	11.43
175.4516			
175.4932	20.50	1205.7	11.41
175.4933			
175.5348	20.45	1148.7	11.39
175.5350			
175.5765	20.18	1178.1	11.39
175.5766			
175.6182	20.21	962.6	11.38
175.6183			
175.6598	20.33	916.1	11.38
175.6600			
175.7015	20.28	893.6	11.38
175.7016			
175.7432	20.30	906.9	11.37
175.7433			
175.7848	21.26	842.0	11.37
175.7850			
175.8265	21.44	802.3	11.38
175.8266			
175.8682	21.81	743.1	11.39
175.8683			
175.9098	22.03	772.6	11.39
175.9100			
175.9515	22.23	727.9	11.39
175.9516			
175.9932	21.44	803.6	11.39
175.9933			
176.0348	21.16	817.6	11.38
176.0350			
176.0765	21.26	847.2	11.37
176.0766			
176.1182	21.19	764.6	11.37
176.1183			
176.1598	21.16	774.0	11.37
176.1600			
176.2015	21.06	819.9	11.37
176.2016			
176.2432	21.02	864.3	11.37
176.2433			
176.2848	21.06	869.9	11.37
176.2850			
176.3265	21.21	1032.9	11.37
176.3266			
176.3682	21.26	1246.2	11.37
176.3683			
176.4098	21.19	1524.6	11.37
176.4100			
176.4515	21.16	1906.0	11.36
176.4516			
176.4932	21.02	1482.7	11.36
176.4933			
176.5348	21.02	1502.2	11.36
176.5350			
176.5765	20.97	1175.3	11.36
176.5766			
176.6182	20.89	1150.3	11.36
176.6183			
176.6598	20.94	936.8	11.36
176.6600			
176.7015	21.04	841.8	11.36
176.7016			
176.7432	21.14	878.0	11.36
176.7433			
176.7848	21.19	828.0	11.36
176.7850			
176.8265	22.41	811.8	11.36
176.8266			
176.8682	22.58	794.9	11.37
176.8683			
176.9098	22.91	673.0	11.37
176.9100			
176.9515	23.27	644.7	11.37
176.9516			
176.9932	23.12	724.6	11.37
176.9933			
177.0348	22.11	778.8	11.37
177.0350			
177.0765	21.78	906.7	11.36
177.0766			
177.1182	21.76	858.0	11.36
177.1183			
177.1598	21.68	878.4	11.35
177.1600			
177.2015	21.61	818.2	11.35
177.2016			
177.2432	21.56	841.9	11.35
177.2433			
177.2848	21.36	863.2	11.34
177.2850			
177.3265	21.53	889.6	11.34
177.3266			
177.3682	21.71	1080.3	11.34
177.3683			
177.4098	21.83	1299.5	11.35
177.4100			
177.4515	21.86	1525.1	11.35
177.4516			
177.4932	21.83	1804.1	11.34
177.4933			
177.5348	21.51	1426.9	11.34
177.5350			
177.5765	21.51	1401.7	11.34
177.5766			
177.6182	21.56	1169.3	11.33
177.6183			
177.6598	21.56	1072.8	11.34
177.6600			
177.7015	21.76	855.4	11.33
177.7016			
177.7432	21.88	772.5	11.34
177.7433			
177.7848	21.73	773.0	11.34
177.7850			
177.8265	22.46	714.7	11.34
177.8266			
177.8682	23.01	693.5	11.35
177.8683			
177.9098	23.55	654.1	11.35
177.9100			
177.9515	23.60	795.9	11.35
177.9516			
177.9932	23.63	809.4	11.35
177.9933			
178.0348	22.94	840.2	11.35
178.0350			
178.0765	23.24	1014.3	11.35
178.0766			
178.1182	22.21	953.6	11.34
178.1183			
178.1598	22.26	1115.2	11.33
178.1600			
178.2015	22.01	1078.0	11.33
178.2016			
178.2432	21.63	1113.0	11.32
178.2433			
178.2848	21.63	1172.3	11.32
178.2850			
178.3265	21.39	1117.6	11.32
178.3266			
178.3682	21.81	1043.1	11.32
178.3683			
178.4098	21.93	1201.9	11.32
178.4100			
178.4515	22.01	1790.0	11.32
178.4516			
178.4932	22.06	2877.7	11.32
178.4933			
