Year Day,Temperature C,SalinityConst,pHConstSal,Battery Voltage,DateStr,TimeStr,Date (UTC),Depth (dbar),Sal/TA Date (UTC),Salinity,TA (Approximated)
220.625,23.19,35.0,7.8263,10.8,2019-08-08,15:00:00,2019-08-08 15:00:00,11.65237,2019-08-08 15:01:00,30.739,2087.3494
220.6667,23.65,35.0,7.7761,10.81,2019-08-08,15:59:59,2019-08-08 16:00:02,11.65237,2019-08-08 16:01:00,30.161,2055.7906000000003
220.7083,24.5,35.0,7.8447,10.82,2019-08-08,16:59:59,2019-08-08 16:59:57,11.65237,2019-08-08 17:01:00,29.506,2020.0276
220.75,25.6,35.0,7.9054,10.83,2019-08-08,17:59:59,2019-08-08 18:00:00,11.65237,2019-08-08 18:01:00,29.057,1995.5122
220.7917,26.43,35.0,7.8768,10.84,2019-08-08,18:59:59,2019-08-08 19:00:02,11.65237,2019-08-08 19:01:00,30.284,2062.5064
220.8333,26.53,35.0,7.8856,10.85,2019-08-08,19:59:59,2019-08-08 19:59:57,11.65237,2019-08-08 20:01:00,30.456,2071.8976
220.875,22.91,35.0,7.8775,10.84,2019-08-08,20:59:59,2019-08-08 21:00:00,11.65237,2019-08-08 21:01:00,30.697,2085.0562
220.9167,23.63,35.0,7.8936,10.83,2019-08-08,21:59:59,2019-08-08 22:00:02,11.65237,2019-08-08 22:01:00,30.954,2099.0884
220.9583,22.16,35.0,7.9687,10.82,2019-08-08,22:59:59,2019-08-08 22:59:57,11.65237,2019-08-08 23:01:00,31.376,2122.1296
221.0,22.23,35.0,7.9255,10.81,2019-08-08,23:59:59,2019-08-09 00:00:00,11.65237,2019-08-09 00:01:00,31.403,2123.6038
221.0417,23.47,35.0,7.8974,10.81,2019-08-09,00:59:59,2019-08-09 01:00:02,11.65237,2019-08-09 01:01:00,31.419,2124.4774
221.0833,23.27,35.0,7.9249,10.82,2019-08-09,01:59:59,2019-08-09 01:59:57,11.65237,2019-08-09 02:01:00,31.24,2114.704
221.125,23.14,35.0,7.9545,10.82,2019-08-09,02:59:59,2019-08-09 03:00:00,11.65237,2019-08-09 03:01:00,30.987,2100.8902
221.1667,23.04,35.0,7.9394,10.81,2019-08-09,03:59:59,2019-08-09 04:00:02,11.65237,2019-08-09 04:01:00,30.712,2085.8752
221.2083,22.94,35.0,7.9923,10.81,2019-08-09,04:59:59,2019-08-09 04:59:57,11.65237,2019-08-09 05:01:00,30.251,2060.7046
221.25,22.84,35.0,7.9681,10.81,2019-08-09,05:59:59,2019-08-09 06:00:00,11.65237,2019-08-09 06:01:00,29.802,2036.1892
221.2917,22.64,35.0,7.9292,10.81,2019-08-09,06:59:59,2019-08-09 07:00:02,11.65237,2019-08-09 07:01:00,29.511,2020.3006
221.3333,22.46,35.0,7.9206,10.81,2019-08-09,07:59:59,2019-08-09 07:59:57,11.65237,2019-08-09 08:01:00,30.421,2069.9866
221.375,22.28,35.0,7.918,10.8,2019-08-09,08:59:59,2019-08-09 09:00:00,11.65237,2019-08-09 09:01:00,30.569,2078.0674
221.4167,20.47,35.0,7.7322,10.79,2019-08-09,09:59:59,2019-08-09 10:00:02,11.65237,2019-08-09 10:01:00,30.848,2093.3008
221.4583,20.72,35.0,7.7122,10.78,2019-08-09,10:59:59,2019-08-09 10:59:57,11.65237,2019-08-09 11:01:00,30.958,2099.3068000000003
221.5,21.09,35.0,7.7093,10.78,2019-08-09,11:59:59,2019-08-09 12:00:00,11.65237,2019-08-09 12:01:00,31.371,2121.8566
221.5417,21.31,35.0,7.7086,10.78,2019-08-09,12:59:59,2019-08-09 13:00:02,11.65237,2019-08-09 13:01:00,31.408,2123.8768
221.5833,21.88,35.0,7.7981,10.79,2019-08-09,13:59:59,2019-08-09 13:59:57,11.65237,2019-08-09 14:01:00,31.434,2125.2964
221.625,23.09,35.0,7.8936,10.8,2019-08-09,14:59:59,2019-08-09 15:00:00,11.65237,2019-08-09 15:01:00,31.31,2118.526
221.6667,23.99,35.0,7.9163,10.81,2019-08-09,15:59:59,2019-08-09 16:00:02,11.65237,2019-08-09 16:01:00,30.83,2092.318
221.7083,24.63,35.0,7.94,10.82,2019-08-09,16:59:59,2019-08-09 16:59:57,11.65237,2019-08-09 17:01:00,30.432,2070.5872
221.75,25.89,35.0,7.9434,10.83,2019-08-09,17:59:59,2019-08-09 18:00:00,11.65237,2019-08-09 18:01:00,29.892,2041.1032
221.7917,26.56,35.0,7.8934,10.84,2019-08-09,18:59:59,2019-08-09 19:00:02,11.65237,2019-08-09 19:01:00,29.513,2020.4098
221.8333,27.1,35.0,7.9224,10.85,2019-08-09,19:59:59,2019-08-09 19:59:57,11.65237,2019-08-09 20:01:00,30.188,2057.2648
221.875,27.46,35.0,7.9176,10.85,2019-08-09,20:59:59,2019-08-09 21:00:00,11.65237,2019-08-09 21:01:00,30.52,2075.392
221.9167,23.57,35.0,7.9502,10.84,2019-08-09,21:59:59,2019-08-09 22:00:02,11.65237,2019-08-09 22:01:00,30.828,2092.2088000000003
221.9583,24.17,35.0,7.9899,10.83,2019-08-09,22:59:59,2019-08-09 22:59:57,11.65237,2019-08-09 23:01:00,30.965,2099.6890000000003
222.0,23.12,35.0,7.9988,10.82,2019-08-09,23:59:59,2019-08-10 00:00:00,11.65237,2019-08-10 00:01:00,31.318,2118.9628
222.0417,24.27,35.0,7.9486,10.81,2019-08-10,00:59:59,2019-08-10 01:00:02,11.65237,2019-08-10 01:01:00,31.363,2121.4198
222.0833,24.11,35.0,7.9247,10.82,2019-08-10,01:59:59,2019-08-10 01:59:57,11.65237,2019-08-10 02:01:00,31.374,2122.0204
222.125,23.93,35.0,7.9403,10.81,2019-08-10,02:59:59,2019-08-10 03:00:00,11.65237,2019-08-10 03:01:00,31.328,2119.5088
222.1667,23.63,35.0,7.9257,10.81,2019-08-10,03:59:59,2019-08-10 04:00:02,11.65237,2019-08-10 04:01:00,31.006,2101.9276
222.2083,23.47,35.0,7.9907,10.81,2019-08-10,04:59:59,2019-08-10 04:59:57,11.65237,2019-08-10 05:01:00,30.749,2087.8954
222.25,23.34,35.0,7.9996,10.8,2019-08-10,05:59:59,2019-08-10 06:00:00,11.65237,2019-08-10 06:01:00,30.111,2053.0606
222.2917,23.12,35.0,7.9284,10.81,2019-08-10,06:59:59,2019-08-10 07:00:02,11.65237,2019-08-10 07:01:00,29.401,2014.2946
222.3333,22.81,35.0,7.9357,10.8,2019-08-10,07:59:59,2019-08-10 07:59:57,11.65237,2019-08-10 08:01:00,29.197,2003.1562
222.375,22.56,35.0,7.9109,10.8,2019-08-10,08:59:59,2019-08-10 09:00:00,11.65237,2019-08-10 09:01:00,30.042,2049.2932
222.4167,22.28,35.0,7.8536,10.8,2019-08-10,09:59:59,2019-08-10 10:00:02,11.65237,2019-08-10 10:01:00,30.416,2069.7136
222.4583,20.43,35.0,7.7773,10.78,2019-08-10,10:59:59,2019-08-10 10:59:57,11.65237,2019-08-10 11:01:00,30.765,2088.769
222.5,20.6,35.0,7.7367,10.77,2019-08-10,11:59:59,2019-08-10 12:00:00,11.65237,2019-08-10 12:01:00,30.853,2093.5738
222.5417,21.21,35.0,7.725,10.77,2019-08-10,12:59:59,2019-08-10 13:00:02,11.65237,2019-08-10 13:01:00,31.285,2117.161
222.5833,21.53,35.0,7.7275,10.77,2019-08-10,13:59:59,2019-08-10 13:59:57,11.65237,2019-08-10 14:01:00,31.288,2117.3248000000003
222.625,22.48,35.0,7.7755,10.78,2019-08-10,14:59:59,2019-08-10 15:00:00,11.65237,2019-08-10 15:01:00,31.277,2116.7242
222.6667,23.12,35.0,7.7929,10.78,2019-08-10,15:59:59,2019-08-10 16:00:02,11.65237,2019-08-10 16:01:00,31.277,2116.7242
222.7083,24.06,35.0,7.8345,10.79,2019-08-10,16:59:59,2019-08-10 16:59:57,11.65237,2019-08-10 17:01:00,30.782,2089.6972
222.75,24.53,35.0,7.8728,10.8,2019-08-10,17:59:59,2019-08-10 18:00:00,11.65237,2019-08-10 18:01:00,30.312,2064.0352000000003
222.7917,24.79,35.0,7.9353,10.81,2019-08-10,18:59:59,2019-08-10 19:00:02,11.65237,2019-08-10 19:01:00,29.798,2035.9708
222.8333,24.71,35.0,7.8477,10.81,2019-08-10,19:59:59,2019-08-10 19:59:57,11.65237,2019-08-10 20:01:00,29.35,2011.51
222.875,24.81,35.0,7.8398,10.81,2019-08-10,20:59:59,2019-08-10 21:00:00,11.65237,2019-08-10 21:01:00,30.289,2062.7794000000004
222.9167,24.63,35.0,7.8799,10.81,2019-08-10,21:59:59,2019-08-10 22:00:02,11.65237,2019-08-10 22:01:00,30.371,2067.2566
222.9583,22.48,35.0,7.9233,10.8,2019-08-10,22:59:59,2019-08-10 22:59:57,11.65237,2019-08-10 23:01:00,30.677,2083.9642000000003
223.0,23.07,35.0,8.0124,10.79,2019-08-10,23:59:59,2019-08-11 00:00:00,11.65237,2019-08-11 00:01:00,30.779,2089.5334000000003
223.0417,22.66,35.0,7.9783,10.79,2019-08-11,00:59:59,2019-08-11 01:00:02,11.65237,2019-08-11 01:01:00,31.083,2106.1318
223.0833,22.94,35.0,7.9105,10.78,2019-08-11,01:59:59,2019-08-11 01:59:57,11.65237,2019-08-11 02:01:00,31.156,2110.1176
223.125,22.76,35.0,7.8922,10.78,2019-08-11,02:59:59,2019-08-11 03:00:00,11.65237,2019-08-11 03:01:00,31.183,2111.5918
223.1667,22.58,35.0,7.9343,10.78,2019-08-11,03:59:59,2019-08-11 04:00:02,11.65237,2019-08-11 04:01:00,31.016,2102.4736000000003
223.2083,22.43,35.0,7.9468,10.78,2019-08-11,04:59:59,2019-08-11 04:59:57,11.65237,2019-08-11 05:01:00,30.793,2090.2978000000003
223.25,22.08,35.0,7.9361,10.78,2019-08-11,05:59:59,2019-08-11 06:00:00,11.65237,2019-08-11 06:01:00,30.552,2077.1392
223.2917,21.81,35.0,7.9487,10.77,2019-08-11,06:59:59,2019-08-11 07:00:02,11.65237,2019-08-11 07:01:00,30.106,2052.7876
223.3333,21.48,35.0,7.8894,10.77,2019-08-11,07:59:59,2019-08-11 07:59:57,11.65237,2019-08-11 08:01:00,29.546,2022.2116
223.375,21.24,35.0,7.8841,10.76,2019-08-11,08:59:59,2019-08-11 09:00:00,11.65237,2019-08-11 09:01:00,29.156,2000.9176
223.4167,20.89,35.0,7.8751,10.76,2019-08-11,09:59:59,2019-08-11 10:00:02,11.65237,2019-08-11 10:01:00,30.068,2050.7128
223.4583,20.65,35.0,7.8353,10.76,2019-08-11,10:59:59,2019-08-11 10:59:57,11.65237,2019-08-11 11:01:00,30.326,2064.7996000000003
223.5,19.89,35.0,7.8126,10.75,2019-08-11,11:59:59,2019-08-11 12:00:00,11.65237,2019-08-11 12:01:00,30.537,2076.3202
223.5417,19.62,35.0,7.7794,10.74,2019-08-11,12:59:59,2019-08-11 13:00:02,11.65237,2019-08-11 13:01:00,30.645,2082.217
223.5833,20.38,35.0,7.7609,10.74,2019-08-11,13:59:59,2019-08-11 13:59:57,11.65237,2019-08-11 14:01:00,30.879,2094.9934000000003
223.625,21.04,35.0,7.7811,10.74,2019-08-11,14:59:59,2019-08-11 15:00:00,11.65237,2019-08-11 15:01:00,31.033,2103.4018
223.6667,21.96,35.0,7.9071,10.75,2019-08-11,15:59:59,2019-08-11 16:00:02,11.65237,2019-08-11 16:01:00,30.977,2100.3442
223.7083,22.94,35.0,7.9555,10.76,2019-08-11,16:59:59,2019-08-11 16:59:57,11.65237,2019-08-11 17:01:00,30.7,2085.2200000000003
223.75,23.86,35.0,7.9324,10.77,2019-08-11,17:59:59,2019-08-11 18:00:00,11.65237,2019-08-11 18:01:00,30.552,2077.1392
223.7917,24.79,35.0,7.9028,10.79,2019-08-11,18:59:59,2019-08-11 19:00:02,11.65237,2019-08-11 19:01:00,30.212,2058.5752
223.8333,25.15,35.0,7.9183,10.8,2019-08-11,19:59:59,2019-08-11 19:59:57,11.65237,2019-08-11 20:01:00,29.96,2044.816
223.875,25.66,35.0,7.9801,10.8,2019-08-11,20:59:59,2019-08-11 21:00:00,11.65237,2019-08-11 21:01:00,29.702,2030.7292
223.9167,25.95,35.0,7.9377,10.8,2019-08-11,21:59:59,2019-08-11 22:00:02,11.65237,2019-08-11 22:01:00,30.319,2064.4174000000003
223.9583,25.42,35.0,7.907,10.8,2019-08-11,22:59:59,2019-08-11 22:59:57,11.65237,2019-08-11 23:01:00,30.644,2082.1624
224.0,22.33,35.0,7.9516,10.79,2019-08-11,23:59:59,2019-08-12 00:00:00,11.65237,2019-08-12 00:01:00,30.856,2093.7376000000004
224.0417,22.94,35.0,8.0164,10.78,2019-08-12,00:59:59,2019-08-12 01:00:02,11.65237,2019-08-12 01:01:00,30.992,2101.1632
224.0833,22.99,35.0,8.0149,10.77,2019-08-12,01:59:59,2019-08-12 01:59:57,11.65237,2019-08-12 02:01:00,31.312,2118.6352
224.125,22.89,35.0,7.9548,10.77,2019-08-12,02:59:59,2019-08-12 03:00:00,11.65237,2019-08-12 03:01:00,31.397,2123.2762
224.1667,22.74,35.0,7.8919,10.77,2019-08-12,03:59:59,2019-08-12 04:00:02,11.65237,2019-08-12 04:01:00,31.4,2123.44
224.2083,22.53,35.0,8.03,10.76,2019-08-12,04:59:59,2019-08-12 04:59:57,11.65237,2019-08-12 05:01:00,31.184,2111.6464
224.25,22.36,35.0,8.052,10.76,2019-08-12,05:59:59,2019-08-12 06:00:00,11.65237,2019-08-12 06:01:00,30.983,2100.6718
224.2917,22.16,35.0,8.0425,10.76,2019-08-12,06:59:59,2019-08-12 07:00:02,11.65237,2019-08-12 07:01:00,30.716,2086.0936
224.3333,22.01,35.0,8.0071,10.75,2019-08-12,07:59:59,2019-08-12 07:59:57,11.65237,2019-08-12 08:01:00,30.188,2057.2648
224.375,21.86,35.0,8.0192,10.75,2019-08-12,08:59:59,2019-08-12 09:00:00,11.65237,2019-08-12 09:01:00,29.391,2013.7486
224.4167,21.71,35.0,7.9964,10.75,2019-08-12,09:59:59,2019-08-12 10:00:02,11.65237,2019-08-12 10:01:00,29.021,1993.5466
224.4583,21.53,35.0,7.9562,10.75,2019-08-12,10:59:59,2019-08-12 10:59:57,11.65237,2019-08-12 11:01:00,30.277,2062.1242
224.5,21.44,35.0,7.9497,10.74,2019-08-12,11:59:59,2019-08-12 12:00:00,11.65237,2019-08-12 12:01:00,30.556,2077.3576000000003
224.5417,21.66,35.0,7.919,10.74,2019-08-12,12:59:59,2019-08-12 13:00:02,11.65237,2019-08-12 13:01:00,30.717,2086.1482
224.5833,21.29,35.0,7.8459,10.74,2019-08-12,13:59:59,2019-08-12 13:59:57,11.65237,2019-08-12 14:01:00,30.812,2091.3352000000004
224.625,22.48,35.0,7.7904,10.74,2019-08-12,14:59:59,2019-08-12 15:00:00,11.65237,2019-08-12 15:01:00,31.248,2115.1408
224.6667,23.01,35.0,7.8427,10.75,2019-08-12,15:59:59,2019-08-12 16:00:02,11.65237,2019-08-12 16:01:00,31.347,2120.5462
224.7083,23.86,35.0,7.8928,10.76,2019-08-12,16:59:59,2019-08-12 16:59:57,11.65237,2019-08-12 17:01:00,31.33,2119.618
224.75,24.61,35.0,7.9438,10.77,2019-08-12,17:59:59,2019-08-12 18:00:00,11.65237,2019-08-12 18:01:00,31.23,2114.1580000000004
224.7917,24.92,35.0,7.9393,10.77,2019-08-12,18:59:59,2019-08-12 19:00:02,11.65237,2019-08-12 19:01:00,30.847,2093.2462
224.8333,25.02,35.0,7.9247,10.77,2019-08-12,19:59:59,2019-08-12 19:59:57,11.65237,2019-08-12 20:01:00,30.446,2071.3516
224.875,25.23,35.0,7.9306,10.78,2019-08-12,20:59:59,2019-08-12 21:00:00,11.65237,2019-08-12 21:01:00,29.912,2042.1952
224.9167,25.15,35.0,7.9787,10.78,2019-08-12,21:59:59,2019-08-12 22:00:02,11.65237,2019-08-12 22:01:00,29.517,2020.6282
224.9583,24.97,35.0,8.0005,10.78,2019-08-12,22:59:59,2019-08-12 22:59:57,11.65237,2019-08-12 23:01:00,30.522,2075.5012
225.0,24.68,35.0,8.0134,10.78,2019-08-12,23:59:59,2019-08-13 00:00:00,11.65237,2019-08-13 00:01:00,30.578,2078.5588
225.0417,22.48,35.0,7.9737,10.76,2019-08-13,00:59:59,2019-08-13 01:00:02,11.65237,2019-08-13 01:01:00,30.853,2093.5738
225.0833,22.66,35.0,8.0016,10.75,2019-08-13,01:59:59,2019-08-13 01:59:57,11.65237,2019-08-13 02:01:00,30.993,2101.2178
225.125,22.11,35.0,7.9843,10.74,2019-08-13,02:59:59,2019-08-13 03:00:00,11.65237,2019-08-13 03:01:00,31.322,2119.1812
225.1667,22.61,35.0,7.9281,10.74,2019-08-13,03:59:59,2019-08-13 04:00:02,11.65237,2019-08-13 04:01:00,31.327,2119.4542
225.2083,22.48,35.0,7.9025,10.74,2019-08-13,04:59:59,2019-08-13 04:59:57,11.65237,2019-08-13 05:01:00,31.302,2118.0892000000003
225.25,22.28,35.0,7.9295,10.74,2019-08-13,05:59:59,2019-08-13 06:00:00,11.65237,2019-08-13 06:01:00,31.178,2111.3188
225.2917,22.11,35.0,7.9454,10.74,2019-08-13,06:59:59,2019-08-13 07:00:02,11.65237,2019-08-13 07:01:00,31.0,2101.6000000000004
225.3333,22.01,35.0,7.9451,10.74,2019-08-13,07:59:59,2019-08-13 07:59:57,11.65237,2019-08-13 08:01:00,30.725,2086.585
225.375,21.93,35.0,7.924,10.73,2019-08-13,08:59:59,2019-08-13 09:00:00,11.65237,2019-08-13 09:01:00,30.291,2062.8886
225.4167,21.86,35.0,7.8907,10.73,2019-08-13,09:59:59,2019-08-13 10:00:02,11.65237,2019-08-13 10:01:00,29.591,2024.6686
225.4583,21.86,35.0,7.8915,10.73,2019-08-13,10:59:59,2019-08-13 10:59:57,11.65237,2019-08-13 11:01:00,29.392,2013.8032
225.5,21.96,35.0,7.8725,10.73,2019-08-13,11:59:59,2019-08-13 12:00:00,11.65237,2019-08-13 12:01:00,30.32,2064.472
225.5417,22.31,35.0,7.795,10.73,2019-08-13,12:59:59,2019-08-13 13:00:02,11.65237,2019-08-13 13:01:00,30.514,2075.0644
225.5833,21.21,35.0,7.8252,10.73,2019-08-13,13:59:59,2019-08-13 13:59:57,11.65237,2019-08-13 14:01:00,30.706,2085.5476
225.625,21.44,35.0,7.8493,10.72,2019-08-13,14:59:59,2019-08-13 15:00:00,11.65237,2019-08-13 15:01:00,30.862,2094.0652
225.6667,22.23,35.0,7.8251,10.72,2019-08-13,15:59:59,2019-08-13 16:00:02,11.65237,2019-08-13 16:01:00,31.135,2108.9710000000005
225.7083,22.21,35.0,7.8394,10.73,2019-08-13,16:59:59,2019-08-13 16:59:57,11.65237,2019-08-13 17:01:00,31.164,2110.5544
225.75,22.16,35.0,7.9493,10.73,2019-08-13,17:59:59,2019-08-13 18:00:00,11.65237,2019-08-13 18:01:00,31.146,2109.5716
225.7917,22.08,35.0,8.0235,10.73,2019-08-13,18:59:59,2019-08-13 19:00:02,11.65237,2019-08-13 19:01:00,30.942,2098.4332
225.8333,22.13,35.0,7.9642,10.73,2019-08-13,19:59:59,2019-08-13 19:59:57,11.65237,2019-08-13 20:01:00,30.629,2081.3434
225.875,22.13,35.0,8.03,10.72,2019-08-13,20:59:59,2019-08-13 21:00:00,11.65237,2019-08-13 21:01:00,30.182,2056.9372000000003
225.9167,22.18,35.0,8.0083,10.72,2019-08-13,21:59:59,2019-08-13 22:00:02,11.65237,2019-08-13 22:01:00,29.591,2024.6686
225.9583,22.13,35.0,7.9952,10.72,2019-08-13,22:59:59,2019-08-13 22:59:57,11.65237,2019-08-13 23:01:00,29.488,2019.0448
226.0,22.23,35.0,7.9423,10.72,2019-08-13,23:59:59,2019-08-14 00:00:00,11.65237,2019-08-14 00:01:00,30.128,2053.9888
226.0417,22.16,35.0,7.9119,10.72,2019-08-14,00:59:59,2019-08-14 01:00:02,11.65237,2019-08-14 01:01:00,30.226,2059.3396
226.0833,20.77,35.0,7.9134,10.71,2019-08-14,01:59:59,2019-08-14 01:59:57,11.65237,2019-08-14 02:01:00,30.529,2075.8834
226.125,20.7,35.0,7.9251,10.7,2019-08-14,02:59:59,2019-08-14 03:00:00,11.65237,2019-08-14 03:01:00,30.686,2084.4556
226.1667,20.77,35.0,7.9649,10.7,2019-08-14,03:59:59,2019-08-14 04:00:02,11.65237,2019-08-14 04:01:00,30.867,2094.3382
226.2083,21.02,35.0,7.8873,10.7,2019-08-14,04:59:59,2019-08-14 04:59:57,11.65237,2019-08-14 05:01:00,30.888,2095.4848
226.25,21.19,35.0,7.8227,10.7,2019-08-14,05:59:59,2019-08-14 06:00:00,11.65237,2019-08-14 06:01:00,30.83,2092.318
226.2917,21.16,35.0,7.9435,10.7,2019-08-14,06:59:59,2019-08-14 07:00:02,11.65237,2019-08-14 07:01:00,30.746,2087.7316
226.3333,21.14,35.0,7.9371,10.7,2019-08-14,07:59:59,2019-08-14 07:59:57,11.65237,2019-08-14 08:01:00,30.481,2073.2626
226.375,21.11,35.0,7.9458,10.7,2019-08-14,08:59:59,2019-08-14 09:00:00,11.65237,2019-08-14 09:01:00,30.043,2049.3478
226.4167,21.11,35.0,8.0086,10.7,2019-08-14,09:59:59,2019-08-14 10:00:02,11.65237,2019-08-14 10:01:00,29.4,2014.24
226.4583,21.06,35.0,7.909,10.7,2019-08-14,10:59:59,2019-08-14 10:59:57,11.65237,2019-08-14 11:01:00,28.642,1972.8532
226.5,21.04,35.0,7.8764,10.7,2019-08-14,11:59:59,2019-08-14 12:00:00,11.65237,2019-08-14 12:01:00,28.855,1984.483
226.5417,21.06,35.0,7.8601,10.69,2019-08-14,12:59:59,2019-08-14 13:00:02,11.65237,2019-08-14 13:01:00,29.623,2026.4158
226.5833,21.14,35.0,7.8741,10.69,2019-08-14,13:59:59,2019-08-14 13:59:57,11.65237,2019-08-14 14:01:00,30.055,2050.003
226.625,20.43,35.0,7.8552,10.69,2019-08-14,14:59:59,2019-08-14 15:00:00,11.65237,2019-08-14 15:01:00,30.39,2068.294
226.6667,20.74,35.0,7.8612,10.69,2019-08-14,15:59:59,2019-08-14 16:00:02,11.65237,2019-08-14 16:01:00,30.496,2074.0816
226.7083,21.29,35.0,7.8308,10.69,2019-08-14,16:59:59,2019-08-14 16:59:57,11.65237,2019-08-14 17:01:00,30.762,2088.6052
226.75,21.34,35.0,7.8463,10.69,2019-08-14,17:59:59,2019-08-14 18:00:00,11.65237,2019-08-14 18:01:00,30.706,2085.5476
226.7917,21.71,35.0,7.9541,10.69,2019-08-14,18:59:59,2019-08-14 19:00:02,11.65237,2019-08-14 19:01:00,30.365,2066.929
226.8333,21.88,35.0,7.9934,10.7,2019-08-14,19:59:59,2019-08-14 19:59:57,11.65237,2019-08-14 20:01:00,30.257,2061.0322
226.875,21.83,35.0,7.9993,10.69,2019-08-14,20:59:59,2019-08-14 21:00:00,11.65237,2019-08-14 21:01:00,30.006,2047.3276
226.9167,21.83,35.0,8.0035,10.7,2019-08-14,21:59:59,2019-08-14 22:00:02,11.65237,2019-08-14 22:01:00,29.466,2017.8436
226.9583,21.73,35.0,8.0026,10.7,2019-08-14,22:59:59,2019-08-14 22:59:57,11.65237,2019-08-14 23:01:00,28.81,1982.026
227.0,21.66,35.0,7.995,10.69,2019-08-14,23:59:59,2019-08-15 00:00:00,11.65237,2019-08-15 00:01:00,28.985,1991.581
227.0417,21.58,35.0,7.9859,10.69,2019-08-15,00:59:59,2019-08-15 01:00:02,11.65237,2019-08-15 01:01:00,29.84,2038.264
227.0833,20.7,35.0,7.9492,10.69,2019-08-15,01:59:59,2019-08-15 01:59:57,11.65237,2019-08-15 02:01:00,30.231,2059.6126000000004
227.125,20.52,35.0,7.9722,10.68,2019-08-15,02:59:59,2019-08-15 03:00:00,11.65237,2019-08-15 03:01:00,30.293,2062.9978
227.1667,20.3,35.0,7.9625,10.68,2019-08-15,03:59:59,2019-08-15 04:00:02,11.65237,2019-08-15 04:01:00,30.537,2076.3202
227.2083,20.6,35.0,7.9467,10.67,2019-08-15,04:59:59,2019-08-15 04:59:57,11.65237,2019-08-15 05:01:00,30.73,2086.858
227.25,20.55,35.0,7.8992,10.67,2019-08-15,05:59:59,2019-08-15 06:00:00,11.65237,2019-08-15 06:01:00,30.747,2087.7862
227.2917,20.52,35.0,7.8984,10.67,2019-08-15,06:59:59,2019-08-15 07:00:02,11.65237,2019-08-15 07:01:00,30.523,2075.5558
227.3333,20.52,35.0,7.9523,10.67,2019-08-15,07:59:59,2019-08-15 07:59:57,11.65237,2019-08-15 08:01:00,30.463,2072.2798000000003
227.375,20.5,35.0,8.0028,10.66,2019-08-15,08:59:59,2019-08-15 09:00:00,11.65237,2019-08-15 09:01:00,30.172,2056.3912
227.4167,20.47,35.0,7.9479,10.67,2019-08-15,09:59:59,2019-08-15 10:00:02,11.65237,2019-08-15 10:01:00,29.703,2030.7838
227.4583,20.45,35.0,7.9224,10.66,2019-08-15,10:59:59,2019-08-15 10:59:57,11.65237,2019-08-15 11:01:00,28.9,1986.94
227.5,20.43,35.0,7.9092,10.66,2019-08-15,11:59:59,2019-08-15 12:00:00,11.65237,2019-08-15 12:01:00,28.163,1946.6998
227.5417,20.57,35.0,7.8956,10.66,2019-08-15,12:59:59,2019-08-15 13:00:02,11.65237,2019-08-15 13:01:00,29.064,1995.8944
227.5833,21.39,35.0,7.8996,10.67,2019-08-15,13:59:59,2019-08-15 13:59:57,11.65237,2019-08-15 14:01:00,29.838,2038.1548
227.625,22.76,35.0,7.9232,10.68,2019-08-15,14:59:59,2019-08-15 15:00:00,11.65237,2019-08-15 15:01:00,30.155,2055.463
227.6667,21.41,35.0,7.9265,10.68,2019-08-15,15:59:59,2019-08-15 16:00:02,11.65237,2019-08-15 16:01:00,30.131,2054.1526000000003
227.7083,22.33,35.0,7.9265,10.68,2019-08-15,16:59:59,2019-08-15 16:59:57,11.65237,2019-08-15 17:01:00,30.535,2076.211
227.75,23.34,35.0,7.9044,10.68,2019-08-15,17:59:59,2019-08-15 18:00:00,11.65237,2019-08-15 18:01:00,30.797,2090.5162
227.7917,24.22,35.0,7.9128,10.69,2019-08-15,18:59:59,2019-08-15 19:00:02,11.65237,2019-08-15 19:01:00,30.629,2081.3434
227.8333,24.53,35.0,7.9903,10.7,2019-08-15,19:59:59,2019-08-15 19:59:57,11.65237,2019-08-15 20:01:00,30.273,2061.9058
227.875,24.81,35.0,7.9905,10.71,2019-08-15,20:59:59,2019-08-15 21:00:00,11.65237,2019-08-15 21:01:00,30.151,2055.2446
227.9167,25.23,35.0,8.006,10.72,2019-08-15,21:59:59,2019-08-15 22:00:02,11.65237,2019-08-15 22:01:00,29.875,2040.175
227.9583,24.95,35.0,8.0343,10.72,2019-08-15,22:59:59,2019-08-15 22:59:57,11.65237,2019-08-15 23:01:00,29.272,2007.2512
228.0,24.74,35.0,8.0289,10.72,2019-08-15,23:59:59,2019-08-16 00:00:00,11.65237,2019-08-16 00:01:00,28.585,1969.741
228.0417,24.48,35.0,8.0004,10.71,2019-08-16,00:59:59,2019-08-16 01:00:02,11.65237,2019-08-16 01:01:00,29.417,2015.1682
228.0833,24.22,35.0,7.989,10.7,2019-08-16,01:59:59,2019-08-16 01:59:57,11.65237,2019-08-16 02:01:00,30.132,2054.2072
228.125,21.46,35.0,8.0907,10.69,2019-08-16,02:59:59,2019-08-16 03:00:00,11.65237,2019-08-16 03:01:00,30.318,2064.3628
228.1667,21.66,35.0,7.9754,10.68,2019-08-16,03:59:59,2019-08-16 04:00:02,11.65237,2019-08-16 04:01:00,30.415,2069.659
228.2083,21.04,35.0,7.9764,10.67,2019-08-16,04:59:59,2019-08-16 04:59:57,11.65237,2019-08-16 05:01:00,30.867,2094.3382
228.25,21.81,35.0,7.9151,10.66,2019-08-16,05:59:59,2019-08-16 06:00:00,11.65237,2019-08-16 06:01:00,30.953,2099.0338
228.2917,21.71,35.0,7.8913,10.66,2019-08-16,06:59:59,2019-08-16 07:00:02,11.65237,2019-08-16 07:01:00,30.938,2098.2148
228.3333,21.63,35.0,7.8947,10.66,2019-08-16,07:59:59,2019-08-16 07:59:57,11.65237,2019-08-16 08:01:00,30.69,2084.674
228.375,21.58,35.0,7.8838,10.66,2019-08-16,08:59:59,2019-08-16 09:00:00,11.65237,2019-08-16 09:01:00,30.42,2069.932
228.4167,21.51,35.0,7.8746,10.66,2019-08-16,09:59:59,2019-08-16 10:00:02,11.65237,2019-08-16 10:01:00,30.108,2052.8968
228.4583,21.41,35.0,7.8506,10.66,2019-08-16,10:59:59,2019-08-16 10:59:57,11.65237,2019-08-16 11:01:00,29.637,2027.1802
228.5,21.41,35.0,7.8376,10.65,2019-08-16,11:59:59,2019-08-16 12:00:00,11.65237,2019-08-16 12:01:00,28.894,1986.6124
228.5417,21.58,35.0,7.8421,10.65,2019-08-16,12:59:59,2019-08-16 13:00:02,11.65237,2019-08-16 13:01:00,28.663,1973.9998
228.5833,22.31,35.0,7.8248,10.66,2019-08-16,13:59:59,2019-08-16 13:59:57,11.65237,2019-08-16 14:01:00,29.759,2033.8414
228.625,23.57,35.0,7.8328,10.67,2019-08-16,14:59:59,2019-08-16 15:00:00,11.65237,2019-08-16 15:01:00,30.241,2060.1586
228.6667,21.86,35.0,7.893,10.66,2019-08-16,15:59:59,2019-08-16 16:00:02,11.65237,2019-08-16 16:01:00,30.604,2079.9784
228.7083,22.13,35.0,7.9227,10.66,2019-08-16,16:59:59,2019-08-16 16:59:57,11.65237,2019-08-16 17:01:00,30.789,2090.0794
228.75,22.89,35.0,7.9266,10.66,2019-08-16,17:59:59,2019-08-16 18:00:00,11.65237,2019-08-16 18:01:00,31.233,2114.3218
228.7917,24.68,35.0,7.8738,10.67,2019-08-16,18:59:59,2019-08-16 19:00:02,11.65237,2019-08-16 19:01:00,31.212,2113.1752
228.8333,23.65,35.0,7.9247,10.68,2019-08-16,19:59:59,2019-08-16 19:59:57,11.65237,2019-08-16 20:01:00,31.07,2105.422
228.875,24.11,35.0,7.9622,10.68,2019-08-16,20:59:59,2019-08-16 21:00:00,11.65237,2019-08-16 21:01:00,30.642,2082.0532000000003
228.9167,24.32,35.0,7.9615,10.68,2019-08-16,21:59:59,2019-08-16 22:00:02,11.65237,2019-08-16 22:01:00,30.506,2074.6276
228.9583,24.35,35.0,7.9588,10.68,2019-08-16,22:59:59,2019-08-16 22:59:57,11.65237,2019-08-16 23:01:00,30.146,2054.9716
229.0,24.24,35.0,7.9497,10.68,2019-08-16,23:59:59,2019-08-17 00:00:00,11.65237,2019-08-17 00:01:00,29.543,2022.0478
229.0417,24.14,35.0,7.9179,10.68,2019-08-17,00:59:59,2019-08-17 01:00:02,11.65237,2019-08-17 01:01:00,29.199,2003.2654
229.0833,24.04,35.0,7.9052,10.68,2019-08-17,01:59:59,2019-08-17 01:59:57,11.65237,2019-08-17 02:01:00,30.202,2058.0292
229.125,23.88,35.0,7.8765,10.67,2019-08-17,02:59:59,2019-08-17 03:00:00,11.65237,2019-08-17 03:01:00,30.34,2065.5640000000003
229.1667,21.19,35.0,7.9491,10.66,2019-08-17,03:59:59,2019-08-17 04:00:02,11.65237,2019-08-17 04:01:00,30.595,2079.487
229.2083,21.34,35.0,7.9701,10.64,2019-08-17,04:59:59,2019-08-17 04:59:57,11.65237,2019-08-17 05:01:00,30.826,2092.0996
229.2917,21.63,35.0,7.9222,10.63,2019-08-17,06:59:59,2019-08-17 07:00:02,11.65237,2019-08-17 07:01:00,31.233,2114.3218
229.3333,21.78,35.0,7.8877,10.63,2019-08-17,07:59:59,2019-08-17 07:59:57,11.65237,2019-08-17 08:01:00,31.224,2113.8304
229.375,21.63,35.0,7.8802,10.64,2019-08-17,08:59:59,2019-08-17 09:00:00,11.65237,2019-08-17 09:01:00,30.852,2093.5192
229.4167,21.61,35.0,7.8587,10.63,2019-08-17,09:59:59,2019-08-17 10:00:02,11.65237,2019-08-17 10:01:00,30.629,2081.3434
229.4583,21.56,35.0,7.8499,10.63,2019-08-17,10:59:59,2019-08-17 10:59:57,11.65237,2019-08-17 11:01:00,30.272,2061.8512
229.5,21.53,35.0,7.847,10.63,2019-08-17,11:59:59,2019-08-17 12:00:00,11.65237,2019-08-17 12:01:00,29.708,2031.0568
229.5417,21.58,35.0,7.8229,10.63,2019-08-17,12:59:59,2019-08-17 13:00:02,11.65237,2019-08-17 13:01:00,28.866,1985.0836
229.5833,21.86,35.0,7.8322,10.63,2019-08-17,13:59:59,2019-08-17 13:59:57,11.65237,2019-08-17 14:01:00,29.195,2003.047
229.625,22.38,35.0,7.8303,10.63,2019-08-17,14:59:59,2019-08-17 15:00:00,11.65237,2019-08-17 15:01:00,29.982,2046.0172
229.6667,22.96,35.0,7.8356,10.64,2019-08-17,15:59:59,2019-08-17 16:00:02,11.65237,2019-08-17 16:01:00,30.466,2072.4436
229.7083,20.89,35.0,7.9667,10.62,2019-08-17,16:59:59,2019-08-17 16:59:57,11.65237,2019-08-17 17:01:00,30.593,2079.3778
229.75,21.46,35.0,7.9885,10.62,2019-08-17,17:59:59,2019-08-17 18:00:00,11.65237,2019-08-17 18:01:00,31.021,2102.7466000000004
229.7917,21.86,35.0,7.9854,10.62,2019-08-17,18:59:59,2019-08-17 19:00:02,11.65237,2019-08-17 19:01:00,31.24,2114.704
229.8333,22.79,35.0,7.9757,10.63,2019-08-17,19:59:59,2019-08-17 19:59:57,11.65237,2019-08-17 20:01:00,31.268,2116.2328
229.875,22.91,35.0,8.004,10.63,2019-08-17,20:59:59,2019-08-17 21:00:00,11.65237,2019-08-17 21:01:00,31.025,2102.965
229.9167,23.09,35.0,7.9939,10.63,2019-08-17,21:59:59,2019-08-17 22:00:02,11.65237,2019-08-17 22:01:00,30.634,2081.6164
229.9583,23.32,35.0,7.981,10.63,2019-08-17,22:59:59,2019-08-17 22:59:57,11.65237,2019-08-17 23:01:00,30.41,2069.386
230.0,23.5,35.0,7.992,10.63,2019-08-17,23:59:59,2019-08-18 00:00:00,11.65237,2019-08-18 00:01:00,29.894,2041.2124
230.0417,23.45,35.0,7.9582,10.64,2019-08-18,00:59:59,2019-08-18 01:00:02,11.65237,2019-08-18 01:01:00,29.24,2005.504
230.0833,23.4,35.0,7.9356,10.64,2019-08-18,01:59:59,2019-08-18 01:59:57,11.65237,2019-08-18 02:01:00,29.535,2021.611
230.125,23.29,35.0,7.9168,10.64,2019-08-18,02:59:59,2019-08-18 03:00:00,11.65237,2019-08-18 03:01:00,30.192,2057.4832
230.1667,23.19,35.0,7.9093,10.63,2019-08-18,03:59:59,2019-08-18 04:00:02,11.65237,2019-08-18 04:01:00,30.523,2075.5558
230.2083,20.7,35.0,7.9765,10.61,2019-08-18,04:59:59,2019-08-18 04:59:57,11.65237,2019-08-18 05:01:00,30.684,2084.3464000000004
230.25,20.38,35.0,7.972,10.6,2019-08-18,05:59:59,2019-08-18 06:00:00,11.65237,2019-08-18 06:01:00,31.1,2107.0600000000004
230.2917,20.92,35.0,7.9301,10.59,2019-08-18,06:59:59,2019-08-18 07:00:02,11.65237,2019-08-18 07:01:00,31.26,2115.7960000000003
230.3333,21.68,35.0,7.9039,10.59,2019-08-18,07:59:59,2019-08-18 07:59:57,11.65237,2019-08-18 08:01:00,31.298,2117.8708
230.375,21.16,35.0,7.9373,10.6,2019-08-18,08:59:59,2019-08-18 09:00:00,11.65237,2019-08-18 09:01:00,31.147,2109.6262
230.4167,21.24,35.0,7.9441,10.59,2019-08-18,09:59:59,2019-08-18 10:00:02,11.65237,2019-08-18 10:01:00,30.848,2093.3008
230.4583,21.39,35.0,7.9347,10.6,2019-08-18,10:59:59,2019-08-18 10:59:57,11.65237,2019-08-18 11:01:00,30.575,2078.395
230.5,21.41,35.0,7.9215,10.6,2019-08-18,11:59:59,2019-08-18 12:00:00,11.65237,2019-08-18 12:01:00,30.053,2049.8938
230.5417,21.66,35.0,7.899,10.6,2019-08-18,12:59:59,2019-08-18 13:00:02,11.65237,2019-08-18 13:01:00,29.424,2015.5504
230.5833,21.91,35.0,7.9082,10.6,2019-08-18,13:59:59,2019-08-18 13:59:57,11.65237,2019-08-18 14:01:00,28.871,1985.3566
230.625,22.74,35.0,7.8852,10.61,2019-08-18,14:59:59,2019-08-18 15:00:00,11.65237,2019-08-18 15:01:00,29.705,2030.893
230.6667,23.63,35.0,7.8918,10.62,2019-08-18,15:59:59,2019-08-18 16:00:02,11.65237,2019-08-18 16:01:00,30.415,2069.659
230.7083,22.81,35.0,7.9087,10.63,2019-08-18,16:59:59,2019-08-18 16:59:57,11.65237,2019-08-18 17:01:00,30.752,2088.0592
230.75,22.96,35.0,7.9642,10.62,2019-08-18,17:59:59,2019-08-18 18:00:00,11.65237,2019-08-18 18:01:00,30.861,2094.0106
230.7917,23.17,35.0,7.9682,10.62,2019-08-18,18:59:59,2019-08-18 19:00:02,11.65237,2019-08-18 19:01:00,31.283,2117.0518
230.8333,23.68,35.0,7.9557,10.62,2019-08-18,19:59:59,2019-08-18 19:59:57,11.65237,2019-08-18 20:01:00,31.293,2117.5978
230.875,24.37,35.0,7.9529,10.62,2019-08-18,20:59:59,2019-08-18 21:00:00,11.65237,2019-08-18 21:01:00,31.263,2115.9598
230.9167,24.19,35.0,7.956,10.63,2019-08-18,21:59:59,2019-08-18 22:00:02,11.65237,2019-08-18 22:01:00,31.018,2102.5828
230.9583,24.5,35.0,7.9347,10.63,2019-08-18,22:59:59,2019-08-18 22:59:57,11.65237,2019-08-18 23:01:00,30.665,2083.309
231.0,24.42,35.0,7.9205,10.63,2019-08-18,23:59:59,2019-08-19 00:00:00,11.65237,2019-08-19 00:01:00,30.372,2067.3112
231.0417,24.45,35.0,7.9168,10.62,2019-08-19,00:59:59,2019-08-19 01:00:02,11.65237,2019-08-19 01:01:00,29.747,2033.1862
231.0833,24.48,35.0,7.8851,10.62,2019-08-19,01:59:59,2019-08-19 01:59:57,11.65237,2019-08-19 02:01:00,29.199,2003.2654
231.125,24.45,35.0,7.8846,10.62,2019-08-19,02:59:59,2019-08-19 03:00:00,11.65237,2019-08-19 03:01:00,30.116,2053.3336
231.1667,24.4,35.0,7.873,10.62,2019-08-19,03:59:59,2019-08-19 04:00:02,11.65237,2019-08-19 04:01:00,30.476,2072.9896
231.2083,21.71,35.0,7.8969,10.62,2019-08-19,04:59:59,2019-08-19 04:59:57,11.65237,2019-08-19 05:01:00,30.726,2086.6396
231.25,21.86,35.0,7.9133,10.59,2019-08-19,05:59:59,2019-08-19 06:00:00,11.65237,2019-08-19 06:01:00,30.856,2093.7376000000004
231.2917,21.83,35.0,7.8994,10.58,2019-08-19,06:59:59,2019-08-19 07:00:02,11.65237,2019-08-19 07:01:00,31.254,2115.4684
231.3333,22.18,35.0,7.8531,10.58,2019-08-19,07:59:59,2019-08-19 07:59:57,11.65237,2019-08-19 08:01:00,31.312,2118.6352
231.375,22.58,35.0,7.8139,10.59,2019-08-19,08:59:59,2019-08-19 09:00:00,11.65237,2019-08-19 09:01:00,31.303,2118.1438
231.4167,22.86,35.0,7.8395,10.59,2019-08-19,09:59:59,2019-08-19 10:00:02,11.65237,2019-08-19 10:01:00,31.02,2102.692
231.4583,22.96,35.0,7.8539,10.59,2019-08-19,10:59:59,2019-08-19 10:59:57,11.65237,2019-08-19 11:01:00,30.806,2091.0076
231.5,23.09,35.0,7.8011,10.59,2019-08-19,11:59:59,2019-08-19 12:00:00,11.65237,2019-08-19 12:01:00,30.548,2076.9208
231.5417,23.37,35.0,7.7823,10.59,2019-08-19,12:59:59,2019-08-19 13:00:02,11.65237,2019-08-19 13:01:00,29.903,2041.7038
231.5833,24.04,35.0,7.7668,10.6,2019-08-19,13:59:59,2019-08-19 13:59:57,11.65237,2019-08-19 14:01:00,29.072,1996.3312
231.625,24.87,35.0,7.7598,10.6,2019-08-19,14:59:59,2019-08-19 15:00:00,11.65237,2019-08-19 15:01:00,29.469,2018.0074
231.6667,26.32,35.0,7.7558,10.61,2019-08-19,15:59:59,2019-08-19 16:00:02,11.65237,2019-08-19 16:01:00,30.256,2060.9776
231.7083,26.8,35.0,7.7655,10.62,2019-08-19,16:59:59,2019-08-19 16:59:57,11.65237,2019-08-19 17:01:00,30.663,2083.1998000000003
231.75,23.14,35.0,7.8919,10.61,2019-08-19,17:59:59,2019-08-19 18:00:00,11.65237,2019-08-19 18:01:00,30.925,2097.505
231.7917,23.93,35.0,7.91,10.6,2019-08-19,18:59:59,2019-08-19 19:00:02,11.65237,2019-08-19 19:01:00,31.175,2111.155
231.8333,24.32,35.0,7.9162,10.59,2019-08-19,19:59:59,2019-08-19 19:59:57,11.65237,2019-08-19 20:01:00,31.387,2122.7302
231.875,25.42,35.0,7.9038,10.61,2019-08-19,20:59:59,2019-08-19 21:00:00,11.65237,2019-08-19 21:01:00,31.403,2123.6038
231.9167,26.45,35.0,7.8755,10.62,2019-08-19,21:59:59,2019-08-19 22:00:02,11.65237,2019-08-19 22:01:00,31.446,2125.9516000000003
231.9583,26.19,35.0,7.8744,10.62,2019-08-19,22:59:59,2019-08-19 22:59:57,11.65237,2019-08-19 23:01:00,31.251,2115.3046000000004
232.0,25.87,35.0,7.8566,10.62,2019-08-19,23:59:59,2019-08-20 00:00:00,11.65237,2019-08-20 00:01:00,30.739,2087.3494
232.0417,25.66,35.0,7.8614,10.61,2019-08-20,00:59:59,2019-08-20 01:00:02,11.65237,2019-08-20 01:01:00,30.345,2065.837
232.0833,25.47,35.0,7.8396,10.61,2019-08-20,01:59:59,2019-08-20 01:59:57,11.65237,2019-08-20 02:01:00,29.638,2027.2348
232.125,25.29,35.0,7.8273,10.6,2019-08-20,02:59:59,2019-08-20 03:00:00,11.65237,2019-08-20 03:01:00,29.582,2024.1772
232.1667,25.08,35.0,7.7681,10.6,2019-08-20,03:59:59,2019-08-20 04:00:02,11.65237,2019-08-20 04:01:00,30.214,2058.6844
232.2083,24.92,35.0,7.7642,10.6,2019-08-20,04:59:59,2019-08-20 04:59:57,11.65237,2019-08-20 05:01:00,30.7,2085.2200000000003
232.2917,22.23,35.0,7.8074,10.56,2019-08-20,06:59:59,2019-08-20 07:00:02,11.65237,2019-08-20 07:01:00,31.058,2104.7668000000003
232.3333,22.48,35.0,7.7742,10.55,2019-08-20,07:59:59,2019-08-20 07:59:57,11.65237,2019-08-20 08:01:00,31.371,2121.8566
232.375,22.71,35.0,7.7359,10.55,2019-08-20,08:59:59,2019-08-20 09:00:00,11.65237,2019-08-20 09:01:00,31.307,2118.3622
232.4167,22.71,35.0,7.7626,10.55,2019-08-20,09:59:59,2019-08-20 10:00:02,11.65237,2019-08-20 10:01:00,31.269,2116.2874
232.4583,22.66,35.0,7.7326,10.55,2019-08-20,10:59:59,2019-08-20 10:59:57,11.65237,2019-08-20 11:01:00,30.902,2096.2492
232.5,22.69,35.0,7.6988,10.55,2019-08-20,11:59:59,2019-08-20 12:00:00,11.65237,2019-08-20 12:01:00,30.748,2087.8408
232.5417,22.94,35.0,7.6973,10.55,2019-08-20,12:59:59,2019-08-20 13:00:02,11.65237,2019-08-20 13:01:00,30.268,2061.6328000000003
232.7917,25.0,35.0,7.9051,10.56,2019-08-20,18:59:59,2019-08-20 19:00:02,11.65237,2019-08-20 19:01:00,30.698,2085.1108000000004
232.8333,25.34,35.0,7.9175,10.56,2019-08-20,19:59:59,2019-08-20 19:59:57,11.65237,2019-08-20 20:01:00,31.073,2105.5858
232.875,26.32,35.0,7.8712,10.56,2019-08-20,20:59:59,2019-08-20 21:00:00,11.65237,2019-08-20 21:01:00,31.128,2108.5888
232.9167,26.0,35.0,7.9092,10.57,2019-08-20,21:59:59,2019-08-20 22:00:02,11.65237,2019-08-20 22:01:00,31.073,2105.5858
232.9583,25.97,35.0,7.9043,10.57,2019-08-20,22:59:59,2019-08-20 22:59:57,11.65237,2019-08-20 23:01:00,30.796,2090.4616
233.0,25.84,35.0,7.8778,10.57,2019-08-20,23:59:59,2019-08-21 00:00:00,11.65237,2019-08-21 00:01:00,30.655,2082.763
233.0417,25.68,35.0,7.8459,10.57,2019-08-21,00:59:59,2019-08-21 01:00:02,11.65237,2019-08-21 01:01:00,30.444,2071.2424
233.0833,25.47,35.0,7.8243,10.56,2019-08-21,01:59:59,2019-08-21 01:59:57,11.65237,2019-08-21 02:01:00,29.886,2040.7756
233.125,25.31,35.0,7.7983,10.56,2019-08-21,02:59:59,2019-08-21 03:00:00,11.65237,2019-08-21 03:01:00,29.196,2003.1016
233.1667,25.13,35.0,7.7892,10.55,2019-08-21,03:59:59,2019-08-21 04:00:02,11.65237,2019-08-21 04:01:00,29.723,2031.8758
233.2083,24.97,35.0,7.7711,10.55,2019-08-21,04:59:59,2019-08-21 04:59:57,11.65237,2019-08-21 05:01:00,30.3,2063.38
233.25,24.79,35.0,7.7254,10.55,2019-08-21,05:59:59,2019-08-21 06:00:00,11.65237,2019-08-21 06:01:00,30.647,2082.3262
233.2917,21.36,35.0,7.867,10.52,2019-08-21,06:59:59,2019-08-21 07:00:02,11.65237,2019-08-21 07:01:00,30.734,2087.0764
233.3333,21.83,35.0,7.8743,10.5,2019-08-21,07:59:59,2019-08-21 07:59:57,11.65237,2019-08-21 08:01:00,30.939,2098.2694
233.375,22.01,35.0,7.8198,10.5,2019-08-21,08:59:59,2019-08-21 09:00:00,11.65237,2019-08-21 09:01:00,31.082,2106.0772
233.4167,22.38,35.0,7.8128,10.5,2019-08-21,09:59:59,2019-08-21 10:00:02,11.65237,2019-08-21 10:01:00,31.091,2106.5686
233.4583,22.18,35.0,7.8604,10.5,2019-08-21,10:59:59,2019-08-21 10:59:57,11.65237,2019-08-21 11:01:00,30.907,2096.5222000000003
233.5,22.23,35.0,7.856,10.5,2019-08-21,11:59:59,2019-08-21 12:00:00,11.65237,2019-08-21 12:01:00,30.733,2087.0218
233.5417,22.38,35.0,7.8407,10.5,2019-08-21,12:59:59,2019-08-21 13:00:02,11.65237,2019-08-21 13:01:00,30.489,2073.6994000000004
233.5833,22.81,35.0,7.7947,10.5,2019-08-21,13:59:59,2019-08-21 13:59:57,11.65237,2019-08-21 14:01:00,29.941,2043.7786
233.625,23.32,35.0,7.7923,10.5,2019-08-21,14:59:59,2019-08-21 15:00:00,11.65237,2019-08-21 15:01:00,29.233,2005.1218
233.6667,23.86,35.0,7.7879,10.51,2019-08-21,15:59:59,2019-08-21 16:00:02,11.65237,2019-08-21 16:01:00,29.243,2005.6678
233.7083,23.99,35.0,7.7769,10.51,2019-08-21,16:59:59,2019-08-21 16:59:57,11.65237,2019-08-21 17:01:00,30.062,2050.3852
233.75,24.55,35.0,7.7989,10.52,2019-08-21,17:59:59,2019-08-21 18:00:00,11.65237,2019-08-21 18:01:00,30.339,2065.5094
233.7917,21.63,35.0,7.9375,10.48,2019-08-21,18:59:59,2019-08-21 19:00:02,11.65237,2019-08-21 19:01:00,30.55,2077.03
233.8333,22.03,35.0,7.9487,10.48,2019-08-21,19:59:59,2019-08-21 19:59:57,11.65237,2019-08-21 20:01:00,30.806,2091.0076
233.875,22.38,35.0,7.9582,10.47,2019-08-21,20:59:59,2019-08-21 21:00:00,11.65237,2019-08-21 21:01:00,31.124,2108.3704
233.9167,23.86,35.0,7.9227,10.48,2019-08-21,21:59:59,2019-08-21 22:00:02,11.65237,2019-08-21 22:01:00,31.115,2107.879
233.9583,23.93,35.0,7.9249,10.49,2019-08-21,22:59:59,2019-08-21 22:59:57,11.65237,2019-08-21 23:01:00,31.153,2109.9538
234.0,23.63,35.0,7.9199,10.5,2019-08-21,23:59:59,2019-08-22 00:00:00,11.65237,2019-08-22 00:01:00,30.833,2092.4818
234.0417,23.57,35.0,7.9032,10.49,2019-08-22,00:59:59,2019-08-22 01:00:02,11.65237,2019-08-22 01:01:00,30.616,2080.6336
234.0833,23.55,35.0,7.8736,10.49,2019-08-22,01:59:59,2019-08-22 01:59:57,11.65237,2019-08-22 02:01:00,30.273,2061.9058
234.125,23.57,35.0,7.8406,10.49,2019-08-22,02:59:59,2019-08-22 03:00:00,11.65237,2019-08-22 03:01:00,29.654,2028.1084
234.1667,23.47,35.0,7.8142,10.49,2019-08-22,03:59:59,2019-08-22 04:00:02,11.65237,2019-08-22 04:01:00,29.683,2029.6918
234.2083,23.32,35.0,7.7948,10.49,2019-08-22,04:59:59,2019-08-22 04:59:57,11.65237,2019-08-22 05:01:00,30.276,2062.0696
234.25,23.24,35.0,7.7756,10.48,2019-08-22,05:59:59,2019-08-22 06:00:00,11.65237,2019-08-22 06:01:00,30.404,2069.0584
234.2917,23.24,35.0,7.7457,10.48,2019-08-22,06:59:59,2019-08-22 07:00:02,11.65237,2019-08-22 07:01:00,30.568,2078.0128000000004
234.3333,21.61,35.0,7.8176,10.46,2019-08-22,07:59:59,2019-08-22 07:59:57,11.65237,2019-08-22 08:01:00,30.776,2089.3696
234.375,22.21,35.0,7.7793,10.46,2019-08-22,08:59:59,2019-08-22 09:00:00,11.65237,2019-08-22 09:01:00,30.969,2099.9074
234.4167,22.13,35.0,7.7557,10.46,2019-08-22,09:59:59,2019-08-22 10:00:02,11.65237,2019-08-22 10:01:00,30.859,2093.9014
234.4583,22.11,35.0,7.7771,10.46,2019-08-22,10:59:59,2019-08-22 10:59:57,11.65237,2019-08-22 11:01:00,31.008,2102.0368
234.5,22.48,35.0,7.8027,10.46,2019-08-22,11:59:59,2019-08-22 12:00:00,11.65237,2019-08-22 12:01:00,31.101,2107.1146
234.5417,22.89,35.0,7.7899,10.46,2019-08-22,12:59:59,2019-08-22 13:00:02,11.65237,2019-08-22 13:01:00,30.562,2077.6852
234.5833,23.4,35.0,7.7832,10.46,2019-08-22,13:59:59,2019-08-22 13:59:57,11.65237,2019-08-22 14:01:00,30.349,2066.0554
234.625,24.19,35.0,7.7548,10.47,2019-08-22,14:59:59,2019-08-22 15:00:00,11.65237,2019-08-22 15:01:00,29.807,2036.4622
234.6667,26.03,35.0,7.7539,10.48,2019-08-22,15:59:59,2019-08-22 16:00:02,11.65237,2019-08-22 16:01:00,29.456,2017.2976
234.7083,26.78,35.0,7.7398,10.49,2019-08-22,16:59:59,2019-08-22 16:59:57,11.65237,2019-08-22 17:01:00,29.872,2040.0112
234.75,27.54,35.0,7.7375,10.51,2019-08-22,17:59:59,2019-08-22 18:00:00,11.65237,2019-08-22 18:01:00,30.233,2059.7218000000003
234.7917,28.11,35.0,7.7866,10.51,2019-08-22,18:59:59,2019-08-22 19:00:02,11.65237,2019-08-22 19:01:00,30.394,2068.5124
234.8333,22.86,35.0,7.9332,10.48,2019-08-22,19:59:59,2019-08-22 19:59:57,11.65237,2019-08-22 20:01:00,30.445,2071.297
234.9167,24.55,35.0,7.9261,10.46,2019-08-22,21:59:59,2019-08-22 22:00:02,11.65237,2019-08-22 22:01:00,30.864,2094.1744
234.9583,24.63,35.0,7.9298,10.46,2019-08-22,22:59:59,2019-08-22 22:59:57,11.65237,2019-08-22 23:01:00,31.025,2102.965
235.0,25.23,35.0,7.9115,10.47,2019-08-22,23:59:59,2019-08-23 00:00:00,11.65237,2019-08-23 00:01:00,31.098,2106.9508
235.0417,24.95,35.0,7.9193,10.47,2019-08-23,00:59:59,2019-08-23 01:00:02,11.65237,2019-08-23 01:01:00,31.093,2106.6778
235.0833,24.76,35.0,7.9149,10.47,2019-08-23,01:59:59,2019-08-23 01:59:57,11.65237,2019-08-23 02:01:00,30.46,2072.116
235.125,24.58,35.0,7.8961,10.46,2019-08-23,02:59:59,2019-08-23 03:00:00,11.65237,2019-08-23 03:01:00,30.182,2056.9372000000003
235.1667,24.45,35.0,7.8586,10.46,2019-08-23,03:59:59,2019-08-23 04:00:02,11.65237,2019-08-23 04:01:00,29.625,2026.525
235.2083,24.35,35.0,7.8406,10.46,2019-08-23,04:59:59,2019-08-23 04:59:57,11.65237,2019-08-23 05:01:00,29.472,2018.1712
235.25,24.17,35.0,7.8485,10.45,2019-08-23,05:59:59,2019-08-23 06:00:00,11.65237,2019-08-23 06:01:00,30.135,2054.371
235.2917,24.04,35.0,7.8087,10.44,2019-08-23,06:59:59,2019-08-23 07:00:02,11.65237,2019-08-23 07:01:00,30.44,2071.0240000000003
235.3333,22.46,35.0,7.7824,10.44,2019-08-23,07:59:59,2019-08-23 07:59:57,11.65237,2019-08-23 08:01:00,30.701,2085.2746
235.375,21.88,35.0,7.7675,10.42,2019-08-23,08:59:59,2019-08-23 09:00:00,11.65237,2019-08-23 09:01:00,30.749,2087.8954
235.4167,22.71,35.0,7.7221,10.41,2019-08-23,09:59:59,2019-08-23 10:00:02,11.65237,2019-08-23 10:01:00,30.847,2093.2462
235.4583,22.46,35.0,7.7261,10.41,2019-08-23,10:59:59,2019-08-23 10:59:57,11.65237,2019-08-23 11:01:00,30.964,2099.6344
235.5,22.43,35.0,7.7373,10.41,2019-08-23,11:59:59,2019-08-23 12:00:00,11.65237,2019-08-23 12:01:00,30.89,2095.594
235.5417,22.46,35.0,7.7538,10.4,2019-08-23,12:59:59,2019-08-23 13:00:02,11.65237,2019-08-23 13:01:00,30.485,2073.481
235.5833,22.36,35.0,7.7126,10.4,2019-08-23,13:59:59,2019-08-23 13:59:57,11.65237,2019-08-23 14:01:00,30.569,2078.0674
235.625,22.31,35.0,7.7468,10.4,2019-08-23,14:59:59,2019-08-23 15:00:00,11.65237,2019-08-23 15:01:00,30.154,2055.4084000000003
235.6667,22.26,35.0,7.7245,10.4,2019-08-23,15:59:59,2019-08-23 16:00:02,11.65237,2019-08-23 16:01:00,29.691,2030.1286
235.7083,22.38,35.0,7.7228,10.4,2019-08-23,16:59:59,2019-08-23 16:59:57,11.65237,2019-08-23 17:01:00,29.266,2006.9236
235.75,22.66,35.0,7.7361,10.4,2019-08-23,17:59:59,2019-08-23 18:00:00,11.65237,2019-08-23 18:01:00,29.777,2034.8242
235.7917,23.07,35.0,7.7632,10.4,2019-08-23,18:59:59,2019-08-23 19:00:02,11.65237,2019-08-23 19:01:00,30.392,2068.4032
235.8333,22.21,35.0,7.8098,10.4,2019-08-23,19:59:59,2019-08-23 19:59:57,11.65237,2019-08-23 20:01:00,30.624,2081.0704
235.875,21.71,35.0,7.9167,10.38,2019-08-23,20:59:59,2019-08-23 21:00:00,11.65237,2019-08-23 21:01:00,30.6,2079.76
235.9167,22.23,35.0,7.902,10.37,2019-08-23,21:59:59,2019-08-23 22:00:02,11.65237,2019-08-23 22:01:00,30.988,2100.9448
235.9583,22.26,35.0,7.8702,10.37,2019-08-23,22:59:59,2019-08-23 22:59:57,11.65237,2019-08-23 23:01:00,31.028,2103.1288
236.0417,22.08,35.0,7.8699,10.37,2019-08-24,00:59:59,2019-08-24 01:00:02,11.65237,2019-08-24 01:01:00,31.021,2102.7466000000004
236.0833,22.01,35.0,7.9045,10.37,2019-08-24,01:59:59,2019-08-24 01:59:57,11.65237,2019-08-24 02:01:00,30.608,2080.1968
236.125,21.93,35.0,7.8566,10.37,2019-08-24,02:59:59,2019-08-24 03:00:00,11.65237,2019-08-24 03:01:00,30.477,2073.0442000000003
236.1667,21.73,35.0,7.842,10.37,2019-08-24,03:59:59,2019-08-24 04:00:02,11.65237,2019-08-24 04:01:00,29.965,2045.089
236.2083,21.46,35.0,7.8344,10.36,2019-08-24,04:59:59,2019-08-24 04:59:57,11.65237,2019-08-24 05:01:00,29.134,1999.7164
236.25,21.24,35.0,7.8201,10.35,2019-08-24,05:59:59,2019-08-24 06:00:00,11.65237,2019-08-24 06:01:00,29.18,2002.228
236.2917,20.99,35.0,7.7986,10.35,2019-08-24,06:59:59,2019-08-24 07:00:02,11.65237,2019-08-24 07:01:00,29.867,2039.7382
236.3333,20.74,35.0,7.777,10.35,2019-08-24,07:59:59,2019-08-24 07:59:57,11.65237,2019-08-24 08:01:00,30.307,2063.7622
236.375,20.5,35.0,7.7599,10.34,2019-08-24,08:59:59,2019-08-24 09:00:00,11.65237,2019-08-24 09:01:00,30.507,2074.6822
236.4167,19.14,35.0,7.7321,10.32,2019-08-24,09:59:59,2019-08-24 10:00:02,11.65237,2019-08-24 10:01:00,30.562,2077.6852
236.4583,19.43,35.0,7.7075,10.31,2019-08-24,10:59:59,2019-08-24 10:59:57,11.65237,2019-08-24 11:01:00,30.726,2086.6396
236.5,19.45,35.0,7.7141,10.31,2019-08-24,11:59:59,2019-08-24 12:00:00,11.65237,2019-08-24 12:01:00,30.782,2089.6972
236.5417,19.79,35.0,7.7456,10.31,2019-08-24,12:59:59,2019-08-24 13:00:02,11.65237,2019-08-24 13:01:00,30.601,2079.8146
236.5833,20.38,35.0,7.7708,10.31,2019-08-24,13:59:59,2019-08-24 13:59:57,11.65237,2019-08-24 14:01:00,30.547,2076.8662000000004
236.625,21.26,35.0,7.7742,10.32,2019-08-24,14:59:59,2019-08-24 15:00:00,11.65237,2019-08-24 15:01:00,30.323,2064.6358
236.6667,22.26,35.0,7.7731,10.33,2019-08-24,15:59:59,2019-08-24 16:00:02,11.65237,2019-08-24 16:01:00,29.855,2039.083
236.7083,23.04,35.0,7.7557,10.34,2019-08-24,16:59:59,2019-08-24 16:59:57,11.65237,2019-08-24 17:01:00,29.192,2002.8832
236.75,23.93,35.0,7.786,10.36,2019-08-24,17:59:59,2019-08-24 18:00:00,11.65237,2019-08-24 18:01:00,28.954,1989.8884
236.7917,24.89,35.0,7.804,10.37,2019-08-24,18:59:59,2019-08-24 19:00:02,11.65237,2019-08-24 19:01:00,29.659,2028.3814
236.8333,25.44,35.0,7.8096,10.38,2019-08-24,19:59:59,2019-08-24 19:59:57,11.65237,2019-08-24 20:01:00,30.117,2053.3882000000003
236.875,22.69,35.0,7.9452,10.38,2019-08-24,20:59:59,2019-08-24 21:00:00,11.65237,2019-08-24 21:01:00,30.406,2069.1676
236.9167,22.71,35.0,8.0053,10.35,2019-08-24,21:59:59,2019-08-24 22:00:02,11.65237,2019-08-24 22:01:00,30.271,2061.7966
236.9583,22.86,35.0,7.9758,10.34,2019-08-24,22:59:59,2019-08-24 22:59:57,11.65237,2019-08-24 23:01:00,30.647,2082.3262
237.0,23.01,35.0,7.9706,10.34,2019-08-24,23:59:59,2019-08-25 00:00:00,11.65237,2019-08-25 00:01:00,30.729,2086.8034
237.0417,22.76,35.0,7.9753,10.34,2019-08-25,00:59:59,2019-08-25 01:00:02,11.65237,2019-08-25 01:01:00,30.614,2080.5244
237.0833,22.56,35.0,7.9628,10.33,2019-08-25,01:59:59,2019-08-25 01:59:57,11.65237,2019-08-25 02:01:00,30.185,2057.101
237.125,22.36,35.0,7.9315,10.33,2019-08-25,02:59:59,2019-08-25 03:00:00,11.65237,2019-08-25 03:01:00,30.393,2068.4578
237.1667,21.91,35.0,7.9217,10.33,2019-08-25,03:59:59,2019-08-25 04:00:02,11.65237,2019-08-25 04:01:00,30.061,2050.3306
237.2083,21.56,35.0,7.9048,10.32,2019-08-25,04:59:59,2019-08-25 04:59:57,11.65237,2019-08-25 05:01:00,29.47,2018.062
237.25,21.19,35.0,7.8973,10.31,2019-08-25,05:59:59,2019-08-25 06:00:00,11.65237,2019-08-25 06:01:00,28.685,1975.201
237.2917,20.87,35.0,7.8875,10.3,2019-08-25,06:59:59,2019-08-25 07:00:02,11.65237,2019-08-25 07:01:00,28.711,1976.6206
237.3333,20.62,35.0,7.8624,10.3,2019-08-25,07:59:59,2019-08-25 07:59:57,11.65237,2019-08-25 08:01:00,29.465,2017.789
237.375,20.35,35.0,7.862,10.29,2019-08-25,08:59:59,2019-08-25 09:00:00,11.65237,2019-08-25 09:01:00,30.016,2047.8736
237.4167,19.19,35.0,7.8152,10.28,2019-08-25,09:59:59,2019-08-25 10:00:02,11.65237,2019-08-25 10:01:00,30.285,2062.561
237.4583,18.47,35.0,7.8345,10.23,2019-08-25,10:59:59,2019-08-25 10:59:57,11.65237,2019-08-25 11:01:00,30.355,2066.383
237.5,19.09,35.0,7.8302,10.23,2019-08-25,11:59:59,2019-08-25 12:00:00,11.65237,2019-08-25 12:01:00,30.507,2074.6822
237.5417,19.33,35.0,7.8289,10.23,2019-08-25,12:59:59,2019-08-25 13:00:02,11.65237,2019-08-25 13:01:00,30.644,2082.1624
237.5833,19.77,35.0,7.8456,10.24,2019-08-25,13:59:59,2019-08-25 13:59:57,11.65237,2019-08-25 14:01:00,30.294,2063.0524
237.625,20.52,35.0,7.8569,10.25,2019-08-25,14:59:59,2019-08-25 15:00:00,11.65237,2019-08-25 15:01:00,30.16,2055.736
237.6667,20.7,35.0,7.8877,10.25,2019-08-25,15:59:59,2019-08-25 16:00:02,11.65237,2019-08-25 16:01:00,29.854,2039.0284
237.7083,21.68,35.0,7.8926,10.26,2019-08-25,16:59:59,2019-08-25 16:59:57,11.65237,2019-08-25 17:01:00,29.528,2021.2288
237.75,22.51,35.0,7.9162,10.28,2019-08-25,17:59:59,2019-08-25 18:00:00,11.65237,2019-08-25 18:01:00,28.931,1988.6326
237.7917,22.74,35.0,7.9399,10.29,2019-08-25,18:59:59,2019-08-25 19:00:02,11.65237,2019-08-25 19:01:00,28.582,1969.5772
237.8333,22.91,35.0,7.9456,10.29,2019-08-25,19:59:59,2019-08-25 19:59:57,11.65237,2019-08-25 20:01:00,29.418,2015.2228
237.875,22.94,35.0,7.9409,10.29,2019-08-25,20:59:59,2019-08-25 21:00:00,11.65237,2019-08-25 21:01:00,29.665,2028.709
237.9167,19.62,35.0,8.0487,10.17,2019-08-25,21:59:59,2019-08-25 22:00:02,11.65237,2019-08-25 22:01:00,29.959,2044.7614
237.9583,20.11,35.0,8.0362,10.23,2019-08-25,22:59:59,2019-08-25 22:59:57,11.65237,2019-08-25 23:01:00,30.25,2060.65
238.0,20.04,35.0,8.0085,10.22,2019-08-25,23:59:59,2019-08-26 00:00:00,11.65237,2019-08-26 00:01:00,30.373,2067.3658
238.0417,20.45,35.0,8.0132,10.22,2019-08-26,00:59:59,2019-08-26 01:00:02,11.65237,2019-08-26 01:01:00,30.518,2075.2828
238.0833,20.25,35.0,7.9881,10.22,2019-08-26,01:59:59,2019-08-26 01:59:57,11.65237,2019-08-26 02:01:00,30.214,2058.6844
238.125,20.08,35.0,7.9921,10.22,2019-08-26,02:59:59,2019-08-26 03:00:00,11.65237,2019-08-26 03:01:00,30.19,2057.374
238.1667,19.91,35.0,7.9779,10.21,2019-08-26,03:59:59,2019-08-26 04:00:02,11.65237,2019-08-26 04:01:00,30.001,2047.0546
238.2083,19.7,35.0,7.9836,10.21,2019-08-26,04:59:59,2019-08-26 04:59:57,11.65237,2019-08-26 05:01:00,29.786,2035.3156
238.25,19.55,35.0,7.9718,10.21,2019-08-26,05:59:59,2019-08-26 06:00:00,11.65237,2019-08-26 06:01:00,29.183,2002.3918
238.2917,19.38,35.0,7.9548,10.2,2019-08-26,06:59:59,2019-08-26 07:00:02,11.65237,2019-08-26 07:01:00,28.361,1957.5106
238.3333,19.26,35.0,7.9416,10.2,2019-08-26,07:59:59,2019-08-26 07:59:57,11.65237,2019-08-26 08:01:00,28.509,1965.5914
238.375,19.14,35.0,7.9318,10.19,2019-08-26,08:59:59,2019-08-26 09:00:00,11.65237,2019-08-26 09:01:00,29.527,2021.1742
238.4167,18.97,35.0,7.9252,10.19,2019-08-26,09:59:59,2019-08-26 10:00:02,11.65237,2019-08-26 10:01:00,29.827,2037.5542
238.4583,17.73,35.0,7.9081,10.17,2019-08-26,10:59:59,2019-08-26 10:59:57,11.65237,2019-08-26 11:01:00,30.196,2057.7016000000003
238.5,16.74,35.0,7.8937,10.13,2019-08-26,11:59:59,2019-08-26 12:00:00,11.65237,2019-08-26 12:01:00,30.372,2067.3112
238.5417,17.8,35.0,7.8777,10.13,2019-08-26,12:59:59,2019-08-26 13:00:02,11.65237,2019-08-26 13:01:00,30.56,2077.576
238.5833,18.42,35.0,7.8849,10.14,2019-08-26,13:59:59,2019-08-26 13:59:57,11.65237,2019-08-26 14:01:00,30.454,2071.7884000000004
238.625,19.07,35.0,7.9043,10.15,2019-08-26,14:59:59,2019-08-26 15:00:00,11.65237,2019-08-26 15:01:00,30.333,2065.1818000000003
238.6667,20.06,35.0,7.9183,10.16,2019-08-26,15:59:59,2019-08-26 16:00:02,11.65237,2019-08-26 16:01:00,30.152,2055.2992000000004
238.7083,20.79,35.0,7.9429,10.18,2019-08-26,16:59:59,2019-08-26 16:59:57,11.65237,2019-08-26 17:01:00,30.057,2050.1122
238.75,21.51,35.0,7.9451,10.19,2019-08-26,17:59:59,2019-08-26 18:00:00,11.65237,2019-08-26 18:01:00,29.651,2027.9446
238.7917,22.21,35.0,7.9716,10.2,2019-08-26,18:59:59,2019-08-26 19:00:02,11.65237,2019-08-26 19:01:00,28.905,1987.213
238.8333,22.81,35.0,7.9522,10.22,2019-08-26,19:59:59,2019-08-26 19:59:57,11.65237,2019-08-26 20:01:00,28.736,1977.9856
238.875,23.12,35.0,7.9765,10.23,2019-08-26,20:59:59,2019-08-26 21:00:00,11.65237,2019-08-26 21:01:00,29.49,2019.154
238.9167,23.37,35.0,7.9821,10.24,2019-08-26,21:59:59,2019-08-26 22:00:02,11.65237,2019-08-26 22:01:00,30.012,2047.6552
238.9583,20.5,35.0,8.0536,10.2,2019-08-26,22:59:59,2019-08-26 22:59:57,11.65237,2019-08-26 23:01:00,30.372,2067.3112
239.0,20.38,35.0,8.0535,10.19,2019-08-26,23:59:59,2019-08-27 00:00:00,11.65237,2019-08-27 00:01:00,30.722,2086.4212
239.0417,20.16,35.0,8.0329,10.18,2019-08-27,00:59:59,2019-08-27 01:00:02,11.65237,2019-08-27 01:01:00,30.637,2081.7802
239.0833,20.74,35.0,8.0325,10.17,2019-08-27,01:59:59,2019-08-27 01:59:57,11.65237,2019-08-27 02:01:00,30.913,2096.8498
239.125,20.62,35.0,8.04,10.17,2019-08-27,02:59:59,2019-08-27 03:00:00,11.65237,2019-08-27 03:01:00,30.703,2085.3838
239.1667,20.5,35.0,8.023,10.16,2019-08-27,03:59:59,2019-08-27 04:00:02,11.65237,2019-08-27 04:01:00,30.547,2076.8662000000004
239.2083,20.4,35.0,7.9987,10.16,2019-08-27,04:59:59,2019-08-27 04:59:57,11.65237,2019-08-27 05:01:00,30.45,2071.57
239.25,20.25,35.0,8.006,10.16,2019-08-27,05:59:59,2019-08-27 06:00:00,11.65237,2019-08-27 06:01:00,30.131,2054.1526000000003
239.2917,20.08,35.0,7.9799,10.16,2019-08-27,06:59:59,2019-08-27 07:00:02,11.65237,2019-08-27 07:01:00,29.656,2028.2176
239.3333,19.94,35.0,7.9693,10.14,2019-08-27,07:59:59,2019-08-27 07:59:57,11.65237,2019-08-27 08:01:00,28.946,1989.4516
239.375,19.77,35.0,7.962,10.13,2019-08-27,08:59:59,2019-08-27 09:00:00,11.65237,2019-08-27 09:01:00,28.906,1987.2676
239.4167,19.6,35.0,7.9407,10.13,2019-08-27,09:59:59,2019-08-27 10:00:02,11.65237,2019-08-27 10:01:00,29.824,2037.3904
239.4583,19.43,35.0,7.9322,10.12,2019-08-27,10:59:59,2019-08-27 10:59:57,11.65237,2019-08-27 11:01:00,30.251,2060.7046
239.5,18.11,35.0,7.8897,10.08,2019-08-27,11:59:59,2019-08-27 12:00:00,11.65237,2019-08-27 12:01:00,30.314,2064.1444
239.5417,18.02,35.0,7.886,10.09,2019-08-27,12:59:59,2019-08-27 13:00:02,11.65237,2019-08-27 13:01:00,30.633,2081.5618
239.5833,18.83,35.0,7.904,10.08,2019-08-27,13:59:59,2019-08-27 13:59:57,11.65237,2019-08-27 14:01:00,30.804,2090.8984
239.625,19.62,35.0,7.8921,10.09,2019-08-27,14:59:59,2019-08-27 15:00:00,11.65237,2019-08-27 15:01:00,30.788,2090.0248
239.6667,20.16,35.0,7.9108,10.1,2019-08-27,15:59:59,2019-08-27 16:00:02,11.65237,2019-08-27 16:01:00,30.754,2088.1684
239.7083,21.02,35.0,7.9079,10.12,2019-08-27,16:59:59,2019-08-27 16:59:57,11.65237,2019-08-27 17:01:00,30.457,2071.9522
239.75,21.29,35.0,7.9282,10.13,2019-08-27,17:59:59,2019-08-27 18:00:00,11.65237,2019-08-27 18:01:00,30.33,2065.018
239.7917,21.61,35.0,7.9639,10.14,2019-08-27,18:59:59,2019-08-27 19:00:02,11.65237,2019-08-27 19:01:00,29.756,2033.6776
239.8333,21.71,35.0,7.9743,10.14,2019-08-27,19:59:59,2019-08-27 19:59:57,11.65237,2019-08-27 20:01:00,29.443,2016.5878
239.875,21.73,35.0,7.9746,10.15,2019-08-27,20:59:59,2019-08-27 21:00:00,11.65237,2019-08-27 21:01:00,28.984,1991.5264
239.9167,21.86,35.0,7.9743,10.15,2019-08-27,21:59:59,2019-08-27 22:00:02,11.65237,2019-08-27 22:01:00,29.945,2043.997
239.9583,21.83,35.0,7.9788,10.15,2019-08-27,22:59:59,2019-08-27 22:59:57,11.65237,2019-08-27 23:01:00,30.046,2049.5116
240.0417,20.11,35.0,8.0159,10.04,2019-08-28,00:59:59,2019-08-28 01:00:02,11.65237,2019-08-28 01:01:00,30.6,2079.76
240.0833,20.13,35.0,8.0325,10.04,2019-08-28,01:59:59,2019-08-28 01:59:57,11.65237,2019-08-28 02:01:00,30.842,2092.9732
240.125,20.3,35.0,7.9924,10.05,2019-08-28,02:59:59,2019-08-28 03:00:00,11.65237,2019-08-28 03:01:00,30.754,2088.1684
240.1667,20.21,35.0,7.9677,10.05,2019-08-28,03:59:59,2019-08-28 04:00:02,11.65237,2019-08-28 04:01:00,30.706,2085.5476
240.2083,20.16,35.0,7.9807,10.04,2019-08-28,04:59:59,2019-08-28 04:59:57,11.65237,2019-08-28 05:01:00,30.638,2081.8348
240.25,20.11,35.0,7.966,10.05,2019-08-28,05:59:59,2019-08-28 06:00:00,11.65237,2019-08-28 06:01:00,30.45,2071.57
240.2917,20.06,35.0,7.9387,10.06,2019-08-28,06:59:59,2019-08-28 07:00:02,11.65237,2019-08-28 07:01:00,30.096,2052.2416000000003
240.3333,20.01,35.0,7.9457,10.05,2019-08-28,07:59:59,2019-08-28 07:59:57,11.65237,2019-08-28 08:01:00,29.58,2024.068
240.375,19.94,35.0,7.9297,10.07,2019-08-28,08:59:59,2019-08-28 09:00:00,11.65237,2019-08-28 09:01:00,28.889,1986.3394
240.4167,19.87,35.0,7.9296,10.08,2019-08-28,09:59:59,2019-08-28 10:00:02,11.65237,2019-08-28 10:01:00,28.468,1963.3528
240.4583,19.77,35.0,7.9029,10.05,2019-08-28,10:59:59,2019-08-28 10:59:57,11.65237,2019-08-28 11:01:00,29.689,2030.0194
240.5,19.72,35.0,7.9033,10.05,2019-08-28,11:59:59,2019-08-28 12:00:00,11.65237,2019-08-28 12:01:00,30.127,2053.9342
240.5833,19.21,35.0,7.8744,10.0,2019-08-28,13:59:59,2019-08-28 13:59:57,11.65237,2019-08-28 14:01:00,30.418,2069.8228
240.625,19.55,35.0,7.8993,10.01,2019-08-28,14:59:59,2019-08-28 15:00:00,11.65237,2019-08-28 15:01:00,30.604,2079.9784
240.6667,20.33,35.0,7.8806,10.02,2019-08-28,15:59:59,2019-08-28 16:00:02,11.65237,2019-08-28 16:01:00,30.824,2091.9904
240.7083,20.52,35.0,7.9147,10.03,2019-08-28,16:59:59,2019-08-28 16:59:57,11.65237,2019-08-28 17:01:00,30.721,2086.3666000000003
240.75,20.67,35.0,7.9107,10.04,2019-08-28,17:59:59,2019-08-28 18:00:00,11.65237,2019-08-28 18:01:00,30.535,2076.211
240.7917,20.87,35.0,7.9291,10.06,2019-08-28,18:59:59,2019-08-28 19:00:02,11.65237,2019-08-28 19:01:00,30.273,2061.9058
240.8333,20.99,35.0,7.9285,10.07,2019-08-28,19:59:59,2019-08-28 19:59:57,11.65237,2019-08-28 20:01:00,29.792,2035.6432
240.875,21.16,35.0,7.9341,10.07,2019-08-28,20:59:59,2019-08-28 21:00:00,11.65237,2019-08-28 21:01:00,29.136,1999.8256
240.9167,21.53,35.0,7.96,10.07,2019-08-28,21:59:59,2019-08-28 22:00:02,11.65237,2019-08-28 22:01:00,28.462,1963.0252
240.9583,21.46,35.0,7.927,10.08,2019-08-28,22:59:59,2019-08-28 22:59:57,11.65237,2019-08-28 23:01:00,29.504,2019.9184
241.0,21.53,35.0,7.9462,10.08,2019-08-28,23:59:59,2019-08-29 00:00:00,11.65237,2019-08-29 00:01:00,29.39,2013.694
241.0417,20.38,35.0,7.9904,10.07,2019-08-29,00:59:59,2019-08-29 01:00:02,11.65237,2019-08-29 01:01:00,29.988,2046.3448
241.0833,19.72,35.0,7.9938,10.03,2019-08-29,01:59:59,2019-08-29 01:59:57,11.65237,2019-08-29 02:01:00,30.042,2049.2932
241.125,19.82,35.0,7.9854,10.03,2019-08-29,02:59:59,2019-08-29 03:00:00,11.65237,2019-08-29 03:01:00,30.323,2064.6358
241.1667,20.25,35.0,7.9467,10.03,2019-08-29,03:59:59,2019-08-29 04:00:02,11.65237,2019-08-29 04:01:00,30.4,2068.84
241.2083,20.3,35.0,7.9276,10.03,2019-08-29,04:59:59,2019-08-29 04:59:57,11.65237,2019-08-29 05:01:00,30.353,2066.2738
241.25,21.11,35.0,7.9121,10.04,2019-08-29,05:59:59,2019-08-29 06:00:00,11.65237,2019-08-29 06:01:00,30.291,2062.8886
241.2917,21.26,35.0,7.9363,10.05,2019-08-29,06:59:59,2019-08-29 07:00:02,11.65237,2019-08-29 07:01:00,29.784,2035.2064
241.3333,20.82,35.0,7.8871,10.05,2019-08-29,07:59:59,2019-08-29 07:59:57,11.65237,2019-08-29 08:01:00,28.988,1991.7448
241.375,20.99,35.0,7.9133,10.05,2019-08-29,08:59:59,2019-08-29 09:00:00,11.65237,2019-08-29 09:01:00,27.849,1929.5554
241.4167,20.84,35.0,7.8839,10.05,2019-08-29,09:59:59,2019-08-29 10:00:02,11.65237,2019-08-29 10:01:00,26.555,1858.903
241.4583,21.02,35.0,7.8793,10.05,2019-08-29,10:59:59,2019-08-29 10:59:57,11.65237,2019-08-29 11:01:00,26.315,1845.799
241.5,21.11,35.0,7.8782,10.05,2019-08-29,11:59:59,2019-08-29 12:00:00,11.65237,2019-08-29 12:01:00,27.873,1930.8658
241.5417,21.04,35.0,7.8662,10.05,2019-08-29,12:59:59,2019-08-29 13:00:02,11.65237,2019-08-29 13:01:00,28.964,1990.4344
241.5833,20.21,35.0,7.7296,10.02,2019-08-29,13:59:59,2019-08-29 13:59:57,11.65237,2019-08-29 14:01:00,29.351,2011.5646
241.625,20.16,35.0,7.7793,10.02,2019-08-29,14:59:59,2019-08-29 15:00:00,11.65237,2019-08-29 15:01:00,30.164,2055.9544
241.6667,20.65,35.0,7.7756,10.02,2019-08-29,15:59:59,2019-08-29 16:00:02,11.65237,2019-08-29 16:01:00,30.205,2058.193
241.7083,20.94,35.0,7.7455,10.03,2019-08-29,16:59:59,2019-08-29 16:59:57,11.65237,2019-08-29 17:01:00,30.384,2067.9664
241.75,21.71,35.0,7.7768,10.03,2019-08-29,17:59:59,2019-08-29 18:00:00,11.65237,2019-08-29 18:01:00,29.916,2042.4136
241.7917,22.33,35.0,7.7867,10.05,2019-08-29,18:59:59,2019-08-29 19:00:02,11.65237,2019-08-29 19:01:00,29.652,2027.9992
241.8333,23.12,35.0,7.8069,10.06,2019-08-29,19:59:59,2019-08-29 19:59:57,11.65237,2019-08-29 20:01:00,29.067,1996.0582
241.875,23.12,35.0,7.8033,10.07,2019-08-29,20:59:59,2019-08-29 21:00:00,11.65237,2019-08-29 21:01:00,28.067,1941.4582
241.9167,23.4,35.0,7.8475,10.07,2019-08-29,21:59:59,2019-08-29 22:00:02,11.65237,2019-08-29 22:01:00,27.857,1929.9922
241.9583,23.37,35.0,7.8479,10.07,2019-08-29,22:59:59,2019-08-29 22:59:57,11.65237,2019-08-29 23:01:00,26.387,1849.7302
242.0,23.22,35.0,7.8395,10.07,2019-08-29,23:59:59,2019-08-30 00:00:00,11.65237,2019-08-30 00:01:00,27.937,1934.3602
242.0417,23.09,35.0,7.8361,10.07,2019-08-30,00:59:59,2019-08-30 01:00:02,11.65237,2019-08-30 01:01:00,29.271,2007.1966
242.0833,21.86,35.0,7.8996,9.93,2019-08-30,01:59:59,2019-08-30 01:59:57,11.65237,2019-08-30 02:01:00,29.827,2037.5542
242.125,20.77,35.0,7.9363,9.92,2019-08-30,02:59:59,2019-08-30 03:00:00,11.65237,2019-08-30 03:01:00,30.522,2075.5012
242.1667,20.94,35.0,7.9329,9.92,2019-08-30,03:59:59,2019-08-30 04:00:02,11.65237,2019-08-30 04:01:00,30.495,2074.027
242.2083,21.06,35.0,7.8991,9.92,2019-08-30,04:59:59,2019-08-30 04:59:57,11.65237,2019-08-30 05:01:00,30.569,2078.0674
242.25,21.24,35.0,7.8799,9.92,2019-08-30,05:59:59,2019-08-30 06:00:00,11.65237,2019-08-30 06:01:00,30.394,2068.5124
242.2917,21.02,35.0,7.882,9.92,2019-08-30,06:59:59,2019-08-30 07:00:02,11.65237,2019-08-30 07:01:00,30.324,2064.6904000000004
242.3333,20.89,35.0,7.8872,9.92,2019-08-30,07:59:59,2019-08-30 07:59:57,11.65237,2019-08-30 08:01:00,29.761,2033.9506
242.375,20.67,35.0,7.8842,9.92,2019-08-30,08:59:59,2019-08-30 09:00:00,11.65237,2019-08-30 09:01:00,29.068,1996.1128
242.4167,20.55,35.0,7.8515,9.92,2019-08-30,09:59:59,2019-08-30 10:00:02,11.65237,2019-08-30 10:01:00,28.372,1958.1112
242.4583,20.45,35.0,7.8441,9.92,2019-08-30,10:59:59,2019-08-30 10:59:57,11.65237,2019-08-30 11:01:00,27.412,1905.6952
242.5,20.38,35.0,7.8235,9.91,2019-08-30,11:59:59,2019-08-30 12:00:00,11.65237,2019-08-30 12:01:00,26.501,1855.9546
242.5417,20.55,35.0,7.8152,9.91,2019-08-30,12:59:59,2019-08-30 13:00:02,11.65237,2019-08-30 13:01:00,26.894,1877.4124
242.5833,21.36,35.0,7.8182,9.91,2019-08-30,13:59:59,2019-08-30 13:59:57,11.65237,2019-08-30 14:01:00,29.115,1998.679
242.625,20.55,35.0,7.8247,9.73,2019-08-30,14:59:59,2019-08-30 15:00:00,11.65237,2019-08-30 15:01:00,29.691,2030.1286
242.6667,21.16,35.0,7.8766,9.76,2019-08-30,15:59:59,2019-08-30 16:00:02,11.65237,2019-08-30 16:01:00,30.535,2076.211
242.7083,21.39,35.0,7.8658,9.78,2019-08-30,16:59:59,2019-08-30 16:59:57,11.65237,2019-08-30 17:01:00,30.112,2053.1152
242.75,22.23,35.0,7.8499,9.81,2019-08-30,17:59:59,2019-08-30 18:00:00,11.65237,2019-08-30 18:01:00,30.503,2074.4638
242.7917,22.58,35.0,7.8864,9.84,2019-08-30,18:59:59,2019-08-30 19:00:02,11.65237,2019-08-30 19:01:00,30.346,2065.8916
242.8333,23.07,35.0,7.9164,9.87,2019-08-30,19:59:59,2019-08-30 19:59:57,11.65237,2019-08-30 20:01:00,29.981,2045.9626
242.875,23.09,35.0,7.9213,9.89,2019-08-30,20:59:59,2019-08-30 21:00:00,11.65237,2019-08-30 21:01:00,29.276,2007.4696
242.9167,23.07,35.0,7.9311,9.91,2019-08-30,21:59:59,2019-08-30 22:00:02,11.65237,2019-08-30 22:01:00,28.398,1959.5308
242.9583,22.86,35.0,7.9326,9.92,2019-08-30,22:59:59,2019-08-30 22:59:57,11.65237,2019-08-30 23:01:00,27.512,1911.1552
243.0,22.61,35.0,7.9216,9.93,2019-08-30,23:59:59,2019-08-31 00:00:00,11.65237,2019-08-31 00:01:00,26.223,1840.7758
243.0417,22.41,35.0,7.9056,9.92,2019-08-31,00:59:59,2019-08-31 01:00:02,11.65237,2019-08-31 01:01:00,26.671,1865.2366
243.0833,22.28,35.0,7.9033,9.91,2019-08-31,01:59:59,2019-08-31 01:59:57,11.65237,2019-08-31 02:01:00,28.591,1970.0686
243.125,21.61,35.0,7.9089,9.66,2019-08-31,02:59:59,2019-08-31 03:00:00,11.65237,2019-08-31 03:01:00,29.237,2005.3402
243.1667,21.21,35.0,7.9536,9.69,2019-08-31,03:59:59,2019-08-31 04:00:02,11.65237,2019-08-31 04:01:00,29.908,2041.9768
243.2083,21.14,35.0,7.95,9.7,2019-08-31,04:59:59,2019-08-31 04:59:57,11.65237,2019-08-31 05:01:00,29.771,2034.4966
243.25,21.44,35.0,7.9034,9.72,2019-08-31,05:59:59,2019-08-31 06:00:00,11.65237,2019-08-31 06:01:00,29.929,2043.1234
243.2917,21.36,35.0,7.8839,9.72,2019-08-31,06:59:59,2019-08-31 07:00:02,11.65237,2019-08-31 07:01:00,29.753,2033.5138
243.3333,21.34,35.0,7.874,9.74,2019-08-31,07:59:59,2019-08-31 07:59:57,11.65237,2019-08-31 08:01:00,29.59,2024.614
243.375,21.29,35.0,7.8747,9.75,2019-08-31,08:59:59,2019-08-31 09:00:00,11.65237,2019-08-31 09:01:00,29.153,2000.7538
243.4167,21.24,35.0,7.8805,9.75,2019-08-31,09:59:59,2019-08-31 10:00:02,11.65237,2019-08-31 10:01:00,28.505,1965.373
243.4583,21.16,35.0,7.8665,9.78,2019-08-31,10:59:59,2019-08-31 10:59:57,11.65237,2019-08-31 11:01:00,27.946,1934.8516
243.5,21.09,35.0,7.8296,9.78,2019-08-31,11:59:59,2019-08-31 12:00:00,11.65237,2019-08-31 12:01:00,26.88,1876.648
243.5417,21.09,35.0,7.8244,9.78,2019-08-31,12:59:59,2019-08-31 13:00:02,11.65237,2019-08-31 13:01:00,26.563,1859.3398
243.5833,21.44,35.0,7.8146,9.79,2019-08-31,13:59:59,2019-08-31 13:59:57,11.65237,2019-08-31 14:01:00,27.02,1884.292
243.625,21.53,35.0,7.7902,9.81,2019-08-31,14:59:59,2019-08-31 15:00:00,11.65237,2019-08-31 15:01:00,28.328,1955.7088
243.6667,21.44,35.0,7.851,9.55,2019-08-31,15:59:59,2019-08-31 16:00:02,11.65237,2019-08-31 16:01:00,28.782,1980.4972
243.7083,21.48,35.0,7.9072,9.58,2019-08-31,16:59:59,2019-08-31 16:59:57,11.65237,2019-08-31 17:01:00,29.317,2009.7082
243.75,21.98,35.0,7.9052,9.61,2019-08-31,17:59:59,2019-08-31 18:00:00,11.65237,2019-08-31 18:01:00,29.259,2006.5414
243.7917,23.14,35.0,7.878,9.65,2019-08-31,18:59:59,2019-08-31 19:00:02,11.65237,2019-08-31 19:01:00,29.252,2006.1592
243.8333,23.22,35.0,7.8789,9.7,2019-08-31,19:59:59,2019-08-31 19:59:57,11.65237,2019-08-31 20:01:00,29.067,1996.0582
243.875,23.22,35.0,7.9101,9.74,2019-08-31,20:59:59,2019-08-31 21:00:00,11.65237,2019-08-31 21:01:00,28.66,1973.836
243.9167,23.27,35.0,7.9345,9.79,2019-08-31,21:59:59,2019-08-31 22:00:02,11.65237,2019-08-31 22:01:00,28.214,1949.4844
243.9583,23.14,35.0,7.9122,9.8,2019-08-31,22:59:59,2019-08-31 22:59:57,11.65237,2019-08-31 23:01:00,27.611,1916.5606
244.0,23.01,35.0,7.9088,9.8,2019-08-31,23:59:59,2019-09-01 00:00:00,11.65237,2019-09-01 00:01:00,26.866,1875.8836
244.0417,22.81,35.0,7.9003,9.82,2019-09-01,00:59:59,2019-09-01 01:00:02,11.65237,2019-09-01 01:01:00,26.326,1846.3996
244.0833,22.61,35.0,7.906,9.83,2019-09-01,01:59:59,2019-09-01 01:59:57,11.65237,2019-09-01 02:01:00,26.511,1856.5006
244.125,22.38,35.0,7.8846,9.82,2019-09-01,02:59:59,2019-09-01 03:00:00,11.65237,2019-09-01 03:01:00,27.709,1921.9114
244.1667,21.11,35.0,7.9337,9.61,2019-09-01,03:59:59,2019-09-01 04:00:02,11.65237,2019-09-01 04:01:00,28.018,1938.7828
244.2083,21.04,35.0,7.9768,9.62,2019-09-01,04:59:59,2019-09-01 04:59:57,11.65237,2019-09-01 05:01:00,28.424,1960.9504
244.25,21.09,35.0,7.9457,9.63,2019-09-01,05:59:59,2019-09-01 06:00:00,11.65237,2019-09-01 06:01:00,28.326,1955.5996
244.2917,21.09,35.0,7.9185,9.64,2019-09-01,06:59:59,2019-09-01 07:00:02,11.65237,2019-09-01 07:01:00,28.323,1955.4358
244.3333,20.99,35.0,7.8979,9.65,2019-09-01,07:59:59,2019-09-01 07:59:57,11.65237,2019-09-01 08:01:00,28.253,1951.6138
244.375,20.84,35.0,7.8832,9.65,2019-09-01,08:59:59,2019-09-01 09:00:00,11.65237,2019-09-01 09:01:00,28.126,1944.6796
244.4167,20.79,35.0,7.8886,9.66,2019-09-01,09:59:59,2019-09-01 10:00:02,11.65237,2019-09-01 10:01:00,27.768,1925.1328
244.4583,20.67,35.0,7.8686,9.66,2019-09-01,10:59:59,2019-09-01 10:59:57,11.65237,2019-09-01 11:01:00,27.306,1899.9076
244.5,20.62,35.0,7.8456,9.67,2019-09-01,11:59:59,2019-09-01 12:00:00,11.65237,2019-09-01 12:01:00,26.759,1870.0414
244.5417,20.67,35.0,7.8453,9.68,2019-09-01,12:59:59,2019-09-01 13:00:02,11.65237,2019-09-01 13:01:00,25.164,1782.9544
244.5833,20.94,35.0,7.8339,9.7,2019-09-01,13:59:59,2019-09-01 13:59:57,11.65237,2019-09-01 14:01:00,28.316,1955.0536
244.625,22.03,35.0,7.8475,9.71,2019-09-01,14:59:59,2019-09-01 15:00:00,11.65237,2019-09-01 15:01:00,29.384,2013.3664
244.6667,21.61,35.0,7.9532,9.39,2019-09-01,15:59:59,2019-09-01 16:00:02,11.65237,2019-09-01 16:01:00,30.043,2049.3478
244.7083,21.81,35.0,8.004,9.6,2019-09-01,16:59:59,2019-09-01 16:59:57,11.65237,2019-09-01 17:01:00,30.468,2072.5528
244.75,21.91,35.0,8.0175,9.64,2019-09-01,17:59:59,2019-09-01 18:00:00,11.65237,2019-09-01 18:01:00,30.689,2084.6194
244.7917,22.31,35.0,8.024,9.69,2019-09-01,18:59:59,2019-09-01 19:00:02,11.65237,2019-09-01 19:01:00,30.691,2084.7286
244.8333,22.89,35.0,7.9864,9.74,2019-09-01,19:59:59,2019-09-01 19:59:57,11.65237,2019-09-01 20:01:00,30.588,2079.1048
244.875,23.17,35.0,7.9898,9.78,2019-09-01,20:59:59,2019-09-01 21:00:00,11.65237,2019-09-01 21:01:00,30.49,2073.754
244.9167,22.99,35.0,8.0001,9.81,2019-09-01,21:59:59,2019-09-01 22:00:02,11.65237,2019-09-01 22:01:00,30.162,2055.8452
244.9583,22.84,35.0,7.9838,9.83,2019-09-01,22:59:59,2019-09-01 22:59:57,11.65237,2019-09-01 23:01:00,29.691,2030.1286
245.0,22.61,35.0,7.9785,9.84,2019-09-01,23:59:59,2019-09-02 00:00:00,11.65237,2019-09-02 00:01:00,29.131,1999.5526
245.0417,22.43,35.0,7.9746,9.85,2019-09-02,00:59:59,2019-09-02 01:00:02,11.65237,2019-09-02 01:01:00,28.256,1951.7776
245.0833,22.21,35.0,7.9485,9.85,2019-09-02,01:59:59,2019-09-02 01:59:57,11.65237,2019-09-02 02:01:00,27.902,1932.4492
245.125,22.01,35.0,7.9441,9.86,2019-09-02,02:59:59,2019-09-02 03:00:00,11.65237,2019-09-02 03:01:00,28.559,1968.3214
245.1667,21.71,35.0,7.9568,9.86,2019-09-02,03:59:59,2019-09-02 04:00:02,11.65237,2019-09-02 04:01:00,29.647,2027.7262
245.2083,20.65,35.0,7.9611,9.59,2019-09-02,04:59:59,2019-09-02 04:59:57,11.65237,2019-09-02 05:01:00,29.924,2042.8504
245.25,20.55,35.0,8.0155,9.6,2019-09-02,05:59:59,2019-09-02 06:00:00,11.65237,2019-09-02 06:01:00,30.225,2059.285
245.2917,20.57,35.0,7.9665,9.62,2019-09-02,06:59:59,2019-09-02 07:00:02,11.65237,2019-09-02 07:01:00,30.148,2055.0808
245.3333,20.47,35.0,7.956,9.67,2019-09-02,07:59:59,2019-09-02 07:59:57,11.65237,2019-09-02 08:01:00,30.133,2054.2618
245.375,20.33,35.0,7.9484,9.68,2019-09-02,08:59:59,2019-09-02 09:00:00,11.65237,2019-09-02 09:01:00,30.045,2049.4570000000003
245.4167,20.28,35.0,7.9389,9.72,2019-09-02,09:59:59,2019-09-02 10:00:02,11.65237,2019-09-02 10:01:00,29.875,2040.175
245.4583,20.23,35.0,7.9386,9.73,2019-09-02,10:59:59,2019-09-02 10:59:57,11.65237,2019-09-02 11:01:00,29.492,2019.2632
245.5,20.23,35.0,7.9272,9.74,2019-09-02,11:59:59,2019-09-02 12:00:00,11.65237,2019-09-02 12:01:00,28.988,1991.7448
245.5417,20.28,35.0,7.9218,9.75,2019-09-02,12:59:59,2019-09-02 13:00:02,11.65237,2019-09-02 13:01:00,28.535,1967.011
245.5833,20.57,35.0,7.8892,9.74,2019-09-02,13:59:59,2019-09-02 13:59:57,11.65237,2019-09-02 14:01:00,26.993,1882.8178
245.625,21.14,35.0,7.897,9.75,2019-09-02,14:59:59,2019-09-02 15:00:00,11.65237,2019-09-02 15:01:00,27.831,1928.5726
245.6667,21.88,35.0,7.9059,9.77,2019-09-02,15:59:59,2019-09-02 16:00:02,11.65237,2019-09-02 16:01:00,28.708,1976.4568
245.7083,21.78,35.0,7.9337,9.58,2019-09-02,16:59:59,2019-09-02 16:59:57,11.65237,2019-09-02 17:01:00,29.039,1994.5294
245.75,21.63,35.0,7.9955,9.69,2019-09-02,17:59:59,2019-09-02 18:00:00,11.65237,2019-09-02 18:01:00,29.707,2031.0022
245.7917,21.91,35.0,7.9679,9.74,2019-09-02,18:59:59,2019-09-02 19:00:02,11.65237,2019-09-02 19:01:00,29.648,2027.7808
245.8333,22.28,35.0,7.9727,9.77,2019-09-02,19:59:59,2019-09-02 19:59:57,11.65237,2019-09-02 20:01:00,29.652,2027.9992
245.875,22.48,35.0,7.9577,9.8,2019-09-02,20:59:59,2019-09-02 21:00:00,11.65237,2019-09-02 21:01:00,29.585,2024.341
245.9167,22.46,35.0,7.9715,9.82,2019-09-02,21:59:59,2019-09-02 22:00:02,11.65237,2019-09-02 22:01:00,29.576,2023.8496
245.9583,22.41,35.0,7.9518,9.84,2019-09-02,22:59:59,2019-09-02 22:59:57,11.65237,2019-09-02 23:01:00,29.283,2007.8518
246.0,22.33,35.0,7.9401,9.86,2019-09-02,23:59:59,2019-09-03 00:00:00,11.65237,2019-09-03 00:01:00,28.84,1983.664
246.0417,22.23,35.0,7.9243,9.86,2019-09-03,00:59:59,2019-09-03 01:00:02,11.65237,2019-09-03 01:01:00,28.368,1957.8928
246.0833,22.11,35.0,7.9125,9.86,2019-09-03,01:59:59,2019-09-03 01:59:57,11.65237,2019-09-03 02:01:00,27.718,1922.4028
246.125,21.81,35.0,7.9046,9.87,2019-09-03,02:59:59,2019-09-03 03:00:00,11.65237,2019-09-03 03:01:00,27.426,1906.4596
246.1667,21.88,35.0,7.8737,9.87,2019-09-03,03:59:59,2019-09-03 04:00:02,11.65237,2019-09-03 04:01:00,27.78,1925.788
246.2083,21.34,35.0,7.7814,9.87,2019-09-03,04:59:59,2019-09-03 04:59:57,11.65237,2019-09-03 05:01:00,28.699,1975.9654
246.25,21.04,35.0,7.7866,9.71,2019-09-03,05:59:59,2019-09-03 06:00:00,11.65237,2019-09-03 06:01:00,28.673,1974.5458
246.2917,20.84,35.0,7.9071,9.76,2019-09-03,06:59:59,2019-09-03 07:00:02,11.65237,2019-09-03 07:01:00,28.99,1991.854
246.3333,21.21,35.0,7.8221,9.8,2019-09-03,07:59:59,2019-09-03 07:59:57,11.65237,2019-09-03 08:01:00,29.013,1993.1098
246.375,21.21,35.0,7.7867,9.8,2019-09-03,08:59:59,2019-09-03 09:00:00,11.65237,2019-09-03 09:01:00,28.998,1992.2908
246.4167,21.11,35.0,7.7806,9.81,2019-09-03,09:59:59,2019-09-03 10:00:02,11.65237,2019-09-03 10:01:00,28.925,1988.305
246.4583,21.09,35.0,7.7787,9.83,2019-09-03,10:59:59,2019-09-03 10:59:57,11.65237,2019-09-03 11:01:00,28.663,1973.9998
246.5,21.06,35.0,7.7547,9.84,2019-09-03,11:59:59,2019-09-03 12:00:00,11.65237,2019-09-03 12:01:00,28.361,1957.5106
246.5417,21.11,35.0,7.7506,9.85,2019-09-03,12:59:59,2019-09-03 13:00:02,11.65237,2019-09-03 13:01:00,27.991,1937.3086
246.5833,21.46,35.0,7.755,9.86,2019-09-03,13:59:59,2019-09-03 13:59:57,11.65237,2019-09-03 14:01:00,27.316,1900.4536
246.625,22.43,35.0,7.7436,9.87,2019-09-03,14:59:59,2019-09-03 15:00:00,11.65237,2019-09-03 15:01:00,25.416,1796.7136
246.6667,23.07,35.0,7.7466,9.9,2019-09-03,15:59:59,2019-09-03 16:00:02,11.65237,2019-09-03 16:01:00,27.748,1924.0408
246.7083,23.93,35.0,7.7225,9.92,2019-09-03,16:59:59,2019-09-03 16:59:57,11.65237,2019-09-03 17:01:00,28.045,1940.257
246.75,22.71,35.0,7.8711,9.73,2019-09-03,17:59:59,2019-09-03 18:00:00,11.65237,2019-09-03 18:01:00,28.322,1955.3812
246.7917,22.48,35.0,7.9202,9.81,2019-09-03,18:59:59,2019-09-03 19:00:02,11.65237,2019-09-03 19:01:00,28.608,1970.9968
246.8333,22.74,35.0,7.9244,9.84,2019-09-03,19:59:59,2019-09-03 19:59:57,11.65237,2019-09-03 20:01:00,28.623,1971.8158
246.875,23.27,35.0,7.9407,9.85,2019-09-03,20:59:59,2019-09-03 21:00:00,11.65237,2019-09-03 21:01:00,28.135,1945.171
246.9167,23.65,35.0,7.9107,9.88,2019-09-03,21:59:59,2019-09-03 22:00:02,11.65237,2019-09-03 22:01:00,28.595,1970.287
246.9583,23.52,35.0,7.913,9.9,2019-09-03,22:59:59,2019-09-03 22:59:57,11.65237,2019-09-03 23:01:00,28.507,1965.4822
247.0,23.32,35.0,7.9144,9.91,2019-09-03,23:59:59,2019-09-04 00:00:00,11.65237,2019-09-04 00:01:00,28.281,1953.1426
247.0417,23.07,35.0,7.8868,9.92,2019-09-04,00:59:59,2019-09-04 01:00:02,11.65237,2019-09-04 01:01:00,27.898,1932.2308
247.0833,22.86,35.0,7.8812,9.92,2019-09-04,01:59:59,2019-09-04 01:59:57,11.65237,2019-09-04 02:01:00,27.445,1907.497
247.125,22.64,35.0,7.8809,9.92,2019-09-04,02:59:59,2019-09-04 03:00:00,11.65237,2019-09-04 03:01:00,26.904,1877.9584
247.1667,22.53,35.0,7.8493,9.93,2019-09-04,03:59:59,2019-09-04 04:00:02,11.65237,2019-09-04 04:01:00,26.597,1861.1962
247.2083,22.33,35.0,7.8553,9.93,2019-09-04,04:59:59,2019-09-04 04:59:57,11.65237,2019-09-04 05:01:00,26.972,1881.6712
247.25,22.13,35.0,7.8357,9.92,2019-09-04,05:59:59,2019-09-04 06:00:00,11.65237,2019-09-04 06:01:00,27.351,1902.3646
247.2917,20.72,35.0,7.8447,9.84,2019-09-04,06:59:59,2019-09-04 07:00:02,11.65237,2019-09-04 07:01:00,27.475,1909.135
247.3333,20.57,35.0,7.8826,9.85,2019-09-04,07:59:59,2019-09-04 07:59:57,11.65237,2019-09-04 08:01:00,27.696,1921.2016
247.375,20.7,35.0,7.8381,9.87,2019-09-04,08:59:59,2019-09-04 09:00:00,11.65237,2019-09-04 09:01:00,27.751,1924.2046
247.4167,20.62,35.0,7.8108,9.87,2019-09-04,09:59:59,2019-09-04 10:00:02,11.65237,2019-09-04 10:01:00,27.764,1924.9144
247.4583,20.52,35.0,7.7968,9.87,2019-09-04,10:59:59,2019-09-04 10:59:57,11.65237,2019-09-04 11:01:00,27.68,1920.328
247.5,20.55,35.0,7.7933,9.88,2019-09-04,11:59:59,2019-09-04 12:00:00,11.65237,2019-09-04 12:01:00,27.513,1911.2098
247.5417,20.62,35.0,7.7695,9.88,2019-09-04,12:59:59,2019-09-04 13:00:02,11.65237,2019-09-04 13:01:00,27.221,1895.2666
247.5833,20.74,35.0,7.7713,9.89,2019-09-04,13:59:59,2019-09-04 13:59:57,11.65237,2019-09-04 14:01:00,26.819,1873.3174
247.625,21.06,35.0,7.7869,9.9,2019-09-04,14:59:59,2019-09-04 15:00:00,11.65237,2019-09-04 15:01:00,26.306,1845.3076
247.6667,21.34,35.0,7.7907,9.91,2019-09-04,15:59:59,2019-09-04 16:00:02,11.65237,2019-09-04 16:01:00,25.961,1826.4706
247.7083,22.13,35.0,7.792,9.91,2019-09-04,16:59:59,2019-09-04 16:59:57,11.65237,2019-09-04 17:01:00,26.464,1853.9344
247.75,23.42,35.0,7.7723,9.93,2019-09-04,17:59:59,2019-09-04 18:00:00,11.65237,2019-09-04 18:01:00,26.619,1862.3974
247.7917,22.41,35.0,7.9282,9.81,2019-09-04,18:59:59,2019-09-04 19:00:02,11.65237,2019-09-04 19:01:00,26.927,1879.2142
247.8333,22.64,35.0,7.9554,9.86,2019-09-04,19:59:59,2019-09-04 19:59:57,11.65237,2019-09-04 20:01:00,27.188,1893.4648
247.875,22.81,35.0,7.9383,9.89,2019-09-04,20:59:59,2019-09-04 21:00:00,11.65237,2019-09-04 21:01:00,27.296,1899.3616
247.9167,23.4,35.0,7.9193,9.91,2019-09-04,21:59:59,2019-09-04 22:00:02,11.65237,2019-09-04 22:01:00,27.313,1900.2898
247.9583,23.12,35.0,7.916,9.92,2019-09-04,22:59:59,2019-09-04 22:59:57,11.65237,2019-09-04 23:01:00,27.24,1896.304
248.0,22.96,35.0,7.895,9.93,2019-09-04,23:59:59,2019-09-05 00:00:00,11.65237,2019-09-05 00:01:00,27.195,1893.847
248.0417,22.86,35.0,7.8746,9.94,2019-09-05,00:59:59,2019-09-05 01:00:02,11.65237,2019-09-05 01:01:00,27.014,1883.9644
248.0833,22.76,35.0,7.8439,9.94,2019-09-05,01:59:59,2019-09-05 01:59:57,11.65237,2019-09-05 02:01:00,26.728,1868.3488
248.125,22.66,35.0,7.8321,9.94,2019-09-05,02:59:59,2019-09-05 03:00:00,11.65237,2019-09-05 03:01:00,26.321,1846.1266
248.1667,22.58,35.0,7.8323,9.94,2019-09-05,03:59:59,2019-09-05 04:00:02,11.65237,2019-09-05 04:01:00,25.823,1818.9358
248.2083,22.48,35.0,7.7958,9.94,2019-09-05,04:59:59,2019-09-05 04:59:57,11.65237,2019-09-05 05:01:00,25.612,1807.4152
248.25,22.31,35.0,7.7719,9.94,2019-09-05,05:59:59,2019-09-05 06:00:00,11.65237,2019-09-05 06:01:00,26.031,1830.2926
248.2917,22.08,35.0,7.7409,9.94,2019-09-05,06:59:59,2019-09-05 07:00:02,11.65237,2019-09-05 07:01:00,26.14,1836.244
248.3333,21.41,35.0,7.7204,9.83,2019-09-05,07:59:59,2019-09-05 07:59:57,11.65237,2019-09-05 08:01:00,26.272,1843.4512
248.375,21.24,35.0,7.7151,9.85,2019-09-05,08:59:59,2019-09-05 09:00:00,11.65237,2019-09-05 09:01:00,26.42,1851.532
248.4167,21.09,35.0,7.7041,9.87,2019-09-05,09:59:59,2019-09-05 10:00:02,11.65237,2019-09-05 10:01:00,26.533,1857.7018
248.4583,20.77,35.0,7.7202,9.88,2019-09-05,10:59:59,2019-09-05 10:59:57,11.65237,2019-09-05 11:01:00,26.441,1852.6786
248.5,20.57,35.0,7.7114,9.88,2019-09-05,11:59:59,2019-09-05 12:00:00,11.65237,2019-09-05 12:01:00,26.388,1849.7848
248.5417,20.62,35.0,7.706,9.88,2019-09-05,12:59:59,2019-09-05 13:00:02,11.65237,2019-09-05 13:01:00,26.286,1844.2156
248.5833,20.74,35.0,7.7073,9.89,2019-09-05,13:59:59,2019-09-05 13:59:57,11.65237,2019-09-05 14:01:00,26.2,1839.52
248.625,21.24,35.0,7.7031,9.9,2019-09-05,14:59:59,2019-09-05 15:00:00,11.65237,2019-09-05 15:01:00,25.912,1823.7952
248.6667,21.48,35.0,7.7053,9.91,2019-09-05,15:59:59,2019-09-05 16:00:02,11.65237,2019-09-05 16:01:00,25.34,1792.564
248.7083,22.21,35.0,7.7086,9.92,2019-09-05,16:59:59,2019-09-05 16:59:57,11.65237,2019-09-05 17:01:00,25.031,1775.6926
248.75,23.04,35.0,7.7143,9.94,2019-09-05,17:59:59,2019-09-05 18:00:00,11.65237,2019-09-05 18:01:00,25.769,1815.9874
248.7917,23.5,35.0,7.7186,9.95,2019-09-05,18:59:59,2019-09-05 19:00:02,11.65237,2019-09-05 19:01:00,25.987,1827.8902
248.8333,21.46,35.0,7.9885,9.82,2019-09-05,19:59:59,2019-09-05 19:59:57,11.65237,2019-09-05 20:01:00,26.192,1839.0832
248.875,21.66,35.0,8.0235,9.86,2019-09-05,20:59:59,2019-09-05 21:00:00,11.65237,2019-09-05 21:01:00,26.403,1850.6038
248.9167,21.86,35.0,7.9948,9.88,2019-09-05,21:59:59,2019-09-05 22:00:02,11.65237,2019-09-05 22:01:00,26.501,1855.9546
248.9583,21.93,35.0,7.976,9.9,2019-09-05,22:59:59,2019-09-05 22:59:57,11.65237,2019-09-05 23:01:00,26.441,1852.6786
249.0,21.76,35.0,7.9699,9.9,2019-09-05,23:59:59,2019-09-06 00:00:00,11.65237,2019-09-06 00:01:00,26.483,1854.9718
249.0417,21.66,35.0,7.9413,9.91,2019-09-06,00:59:59,2019-09-06 01:00:02,11.65237,2019-09-06 01:01:00,26.425,1851.805
249.0833,21.48,35.0,7.9278,9.91,2019-09-06,01:59:59,2019-09-06 01:59:57,11.65237,2019-09-06 02:01:00,26.349,1847.6554
249.125,21.31,35.0,7.9211,9.91,2019-09-06,02:59:59,2019-09-06 03:00:00,11.65237,2019-09-06 03:01:00,25.907,1823.5222
249.1667,21.14,35.0,7.9065,9.92,2019-09-06,03:59:59,2019-09-06 04:00:02,11.65237,2019-09-06 04:01:00,25.602,1806.8692
249.2083,20.97,35.0,7.8816,9.91,2019-09-06,04:59:59,2019-09-06 04:59:57,11.65237,2019-09-06 05:01:00,25.143,1781.8078
249.25,20.79,35.0,7.8559,9.91,2019-09-06,05:59:59,2019-09-06 06:00:00,11.65237,2019-09-06 06:01:00,25.048,1776.6208
249.2917,20.62,35.0,7.8382,9.91,2019-09-06,06:59:59,2019-09-06 07:00:02,11.65237,2019-09-06 07:01:00,25.641,1808.9986
249.3333,20.45,35.0,7.8495,9.91,2019-09-06,07:59:59,2019-09-06 07:59:57,11.65237,2019-09-06 08:01:00,25.925,1824.505
249.375,18.97,35.0,7.902,9.82,2019-09-06,08:59:59,2019-09-06 09:00:00,11.65237,2019-09-06 09:01:00,26.087,1833.3502
249.4167,18.97,35.0,7.8998,9.84,2019-09-06,09:59:59,2019-09-06 10:00:02,11.65237,2019-09-06 10:01:00,26.308,1845.4168
249.4583,19.14,35.0,7.8639,9.84,2019-09-06,10:59:59,2019-09-06 10:59:57,11.65237,2019-09-06 11:01:00,26.417,1851.3682
249.5,19.12,35.0,7.8517,9.85,2019-09-06,11:59:59,2019-09-06 12:00:00,11.65237,2019-09-06 12:01:00,26.481,1854.8626
249.5417,19.12,35.0,7.8577,9.85,2019-09-06,12:59:59,2019-09-06 13:00:02,11.65237,2019-09-06 13:01:00,26.389,1849.8394
249.5833,19.14,35.0,7.8547,9.85,2019-09-06,13:59:59,2019-09-06 13:59:57,11.65237,2019-09-06 14:01:00,26.343,1847.3278
249.625,19.14,35.0,7.8725,9.86,2019-09-06,14:59:59,2019-09-06 15:00:00,11.65237,2019-09-06 15:01:00,26.188,1838.8648
249.6667,19.21,35.0,7.8732,9.86,2019-09-06,15:59:59,2019-09-06 16:00:02,11.65237,2019-09-06 16:01:00,25.97,1826.962
249.7083,19.19,35.0,7.8882,9.87,2019-09-06,16:59:59,2019-09-06 16:59:57,11.65237,2019-09-06 17:01:00,25.524,1802.6104
