Date,Day,Time,Pred(Ft),Pred(cm),High/Low
1/1/2022,Sat,3:59:00 AM,-0.52,-16,L
1/1/2022,Sat,11:08:00 AM,4.5,137,H
1/1/2022,Sat,5:18:00 PM,-0.42,-13,L
1/1/2022,Sat,11:33:00 PM,3.63,111,H
1/2/2022,Sun,4:54:00 AM,-0.64,-20,L
1/2/2022,Sun,12:02:00 PM,4.66,142,H
1/2/2022,Sun,6:14:00 PM,-0.49,-15,L
1/3/2022,Mon,12:26:00 AM,3.81,116,H
1/3/2022,Mon,5:49:00 AM,-0.67,-20,L
1/3/2022,Mon,12:54:00 PM,4.68,143,H
1/3/2022,Mon,7:08:00 PM,-0.51,-16,L
1/4/2022,Tue,1:18:00 AM,3.9,119,H
1/4/2022,Tue,6:46:00 AM,-0.63,-19,L
1/4/2022,Tue,1:46:00 PM,4.57,139,H
1/4/2022,Tue,7:56:00 PM,-0.45,-14,L
1/5/2022,Wed,2:11:00 AM,3.9,119,H
1/5/2022,Wed,7:40:00 AM,-0.5,-15,L
1/5/2022,Wed,2:38:00 PM,4.33,132,H
1/5/2022,Wed,8:39:00 PM,-0.34,-10,L
1/6/2022,Thu,3:04:00 AM,3.81,116,H
1/6/2022,Thu,8:31:00 AM,-0.28,-9,L
1/6/2022,Thu,3:30:00 PM,4.01,122,H
1/6/2022,Thu,9:19:00 PM,-0.17,-5,L
1/7/2022,Fri,3:58:00 AM,3.68,112,H
1/7/2022,Fri,9:23:00 AM,0,0,L
1/7/2022,Fri,4:23:00 PM,3.66,112,H
1/7/2022,Fri,9:59:00 PM,0.01,0,L
1/8/2022,Sat,4:54:00 AM,3.54,108,H
1/8/2022,Sat,10:21:00 AM,0.3,9,L
1/8/2022,Sat,5:16:00 PM,3.3,101,H
1/8/2022,Sat,10:43:00 PM,0.18,5,L
1/9/2022,Sun,5:48:00 AM,3.39,103,H
1/9/2022,Sun,11:48:00 AM,0.53,16,L
1/9/2022,Sun,6:07:00 PM,2.98,91,H
1/9/2022,Sun,11:33:00 PM,0.31,9,L
1/10/2022,Mon,6:42:00 AM,3.25,99,H
1/10/2022,Mon,1:23:00 PM,0.61,19,L
1/10/2022,Mon,7:00:00 PM,2.71,83,H
1/11/2022,Tue,12:27:00 AM,0.39,12,L
1/11/2022,Tue,7:37:00 AM,3.13,95,H
1/11/2022,Tue,2:25:00 PM,0.6,18,L
1/11/2022,Tue,7:56:00 PM,2.54,77,H
1/12/2022,Wed,1:20:00 AM,0.4,12,L
1/12/2022,Wed,8:37:00 AM,3.07,94,H
1/12/2022,Wed,3:11:00 PM,0.53,16,L
1/12/2022,Wed,8:56:00 PM,2.47,75,H
1/13/2022,Thu,2:11:00 AM,0.36,11,L
1/13/2022,Thu,9:34:00 AM,3.08,94,H
1/13/2022,Thu,3:50:00 PM,0.43,13,L
1/13/2022,Thu,9:52:00 PM,2.53,77,H
1/14/2022,Fri,2:59:00 AM,0.26,8,L
1/14/2022,Fri,10:24:00 AM,3.14,96,H
1/14/2022,Fri,4:27:00 PM,0.31,9,L
1/14/2022,Fri,10:40:00 PM,2.65,81,H
1/15/2022,Sat,3:45:00 AM,0.14,4,L
1/15/2022,Sat,11:06:00 AM,3.23,98,H
1/15/2022,Sat,5:05:00 PM,0.18,5,L
1/15/2022,Sat,11:21:00 PM,2.78,85,H
1/16/2022,Sun,4:29:00 AM,0.01,0,L
1/16/2022,Sun,11:44:00 AM,3.32,101,H
1/16/2022,Sun,5:45:00 PM,0.07,2,L
1/17/2022,Mon,12:00:00 AM,2.91,89,H
1/17/2022,Mon,5:13:00 AM,-0.1,-3,L
1/17/2022,Mon,12:18:00 PM,3.39,103,H
1/17/2022,Mon,6:25:00 PM,-0.03,-1,L
1/18/2022,Tue,12:37:00 AM,3,91,H
1/18/2022,Tue,5:57:00 AM,-0.17,-5,L
1/18/2022,Tue,12:53:00 PM,3.44,105,H
1/18/2022,Tue,7:02:00 PM,-0.09,-3,L
1/19/2022,Wed,1:14:00 AM,3.05,93,H
1/19/2022,Wed,6:39:00 AM,-0.21,-6,L
1/19/2022,Wed,1:27:00 PM,3.46,105,H
1/19/2022,Wed,7:34:00 PM,-0.13,-4,L
1/20/2022,Thu,1:52:00 AM,3.08,94,H
1/20/2022,Thu,7:19:00 AM,-0.21,-6,L
1/20/2022,Thu,2:04:00 PM,3.43,105,H
1/20/2022,Thu,8:03:00 PM,-0.15,-5,L
1/21/2022,Fri,2:33:00 AM,3.1,94,H
1/21/2022,Fri,7:57:00 AM,-0.17,-5,L
1/21/2022,Fri,2:44:00 PM,3.35,102,H
1/21/2022,Fri,8:31:00 PM,-0.15,-5,L
1/22/2022,Sat,3:15:00 AM,3.13,95,H
1/22/2022,Sat,8:37:00 AM,-0.1,-3,L
1/22/2022,Sat,3:28:00 PM,3.24,99,H
1/22/2022,Sat,9:02:00 PM,-0.14,-4,L
1/23/2022,Sun,4:02:00 AM,3.18,97,H
1/23/2022,Sun,9:20:00 AM,0.01,0,L
1/23/2022,Sun,4:16:00 PM,3.11,95,H
1/23/2022,Sun,9:39:00 PM,-0.12,-4,L
1/24/2022,Mon,4:51:00 AM,3.25,99,H
1/24/2022,Mon,10:11:00 AM,0.14,4,L
1/24/2022,Mon,5:08:00 PM,2.98,91,H
1/24/2022,Mon,10:25:00 PM,-0.07,-2,L
1/25/2022,Tue,5:43:00 AM,3.35,102,H
1/25/2022,Tue,11:16:00 AM,0.26,8,L
1/25/2022,Tue,6:04:00 PM,2.86,87,H
1/25/2022,Tue,11:21:00 PM,-0.02,-1,L
1/26/2022,Wed,6:39:00 AM,3.44,105,H
1/26/2022,Wed,12:39:00 PM,0.29,9,L
1/26/2022,Wed,7:04:00 PM,2.79,85,H
1/27/2022,Thu,12:27:00 AM,-0.01,0,L
1/27/2022,Thu,7:42:00 AM,3.56,109,H
1/27/2022,Thu,2:12:00 PM,0.2,6,L
1/27/2022,Thu,8:11:00 PM,2.81,86,H
1/28/2022,Fri,1:39:00 AM,-0.08,-2,L
1/28/2022,Fri,8:51:00 AM,3.73,114,H
1/28/2022,Fri,3:24:00 PM,0.02,1,L
1/28/2022,Fri,9:21:00 PM,2.98,91,H
1/29/2022,Sat,2:48:00 AM,-0.23,-7,L
1/29/2022,Sat,9:57:00 AM,3.97,121,H
1/29/2022,Sat,4:23:00 PM,-0.16,-5,L
1/29/2022,Sat,10:24:00 PM,3.27,100,H
1/30/2022,Sun,3:50:00 AM,-0.4,-12,L
1/30/2022,Sun,10:57:00 AM,4.23,129,H
1/30/2022,Sun,5:16:00 PM,-0.32,-10,L
1/30/2022,Sun,11:20:00 PM,3.57,109,H
1/31/2022,Mon,4:49:00 AM,-0.55,-17,L
1/31/2022,Mon,11:50:00 AM,4.41,134,H
1/31/2022,Mon,6:07:00 PM,-0.43,-13,L
2/1/2022,Tue,12:12:00 AM,3.83,117,H
2/1/2022,Tue,5:46:00 AM,-0.64,-20,L
2/1/2022,Tue,12:41:00 PM,4.46,136,H
2/1/2022,Tue,6:53:00 PM,-0.5,-15,L
2/2/2022,Wed,1:02:00 AM,3.98,121,H
2/2/2022,Wed,6:41:00 AM,-0.64,-20,L
2/2/2022,Wed,1:29:00 PM,4.38,134,H
2/2/2022,Wed,7:33:00 PM,-0.51,-16,L
2/3/2022,Thu,1:52:00 AM,4.01,122,H
2/3/2022,Thu,7:31:00 AM,-0.56,-17,L
2/3/2022,Thu,2:17:00 PM,4.17,127,H
2/3/2022,Thu,8:06:00 PM,-0.45,-14,L
2/4/2022,Fri,2:40:00 AM,3.94,120,H
2/4/2022,Fri,8:16:00 AM,-0.38,-12,L
2/4/2022,Fri,3:04:00 PM,3.85,117,H
2/4/2022,Fri,8:38:00 PM,-0.33,-10,L
2/5/2022,Sat,3:30:00 AM,3.77,115,H
2/5/2022,Sat,8:59:00 AM,-0.13,-4,L
2/5/2022,Sat,3:52:00 PM,3.48,106,H
2/5/2022,Sat,9:10:00 PM,-0.17,-5,L
2/6/2022,Sun,4:20:00 AM,3.55,108,H
2/6/2022,Sun,9:44:00 AM,0.15,5,L
2/6/2022,Sun,4:40:00 PM,3.11,95,H
2/6/2022,Sun,9:46:00 PM,0.01,0,L
2/7/2022,Mon,5:10:00 AM,3.31,101,H
2/7/2022,Mon,10:35:00 AM,0.42,13,L
2/7/2022,Mon,5:29:00 PM,2.78,85,H
2/7/2022,Mon,10:28:00 PM,0.21,6,L
2/8/2022,Tue,5:59:00 AM,3.08,94,H
2/8/2022,Tue,11:46:00 AM,0.62,19,L
2/8/2022,Tue,6:18:00 PM,2.52,77,H
2/8/2022,Tue,11:19:00 PM,0.38,12,L
2/9/2022,Wed,6:51:00 AM,2.87,87,H
2/9/2022,Wed,1:22:00 PM,0.7,21,L
2/9/2022,Wed,7:11:00 PM,2.34,71,H
2/10/2022,Thu,12:20:00 AM,0.49,15,L
2/10/2022,Thu,7:49:00 AM,2.73,83,H
2/10/2022,Thu,2:31:00 PM,0.66,20,L
2/10/2022,Thu,8:12:00 PM,2.27,69,H
2/11/2022,Fri,1:27:00 AM,0.49,15,L
2/11/2022,Fri,8:55:00 AM,2.7,82,H
2/11/2022,Fri,3:21:00 PM,0.55,17,L
2/11/2022,Fri,9:16:00 PM,2.33,71,H
2/12/2022,Sat,2:31:00 AM,0.39,12,L
2/12/2022,Sat,9:55:00 AM,2.79,85,H
2/12/2022,Sat,4:04:00 PM,0.4,12,L
2/12/2022,Sat,10:10:00 PM,2.5,76,H
2/13/2022,Sun,3:26:00 AM,0.23,7,L
2/13/2022,Sun,10:41:00 AM,2.96,90,H
2/13/2022,Sun,4:44:00 PM,0.24,7,L
2/13/2022,Sun,10:54:00 PM,2.72,83,H
2/14/2022,Mon,4:14:00 AM,0.04,1,L
2/14/2022,Mon,11:18:00 AM,3.15,96,H
2/14/2022,Mon,5:23:00 PM,0.07,2,L
2/14/2022,Mon,11:33:00 PM,2.94,90,H
2/15/2022,Tue,4:58:00 AM,-0.13,-4,L
2/15/2022,Tue,11:53:00 AM,3.33,101,H
2/15/2022,Tue,6:00:00 PM,-0.09,-3,L
2/16/2022,Wed,12:10:00 AM,3.14,96,H
2/16/2022,Wed,5:41:00 AM,-0.27,-8,L
2/16/2022,Wed,12:27:00 PM,3.48,106,H
2/16/2022,Wed,6:33:00 PM,-0.23,-7,L
2/17/2022,Thu,12:48:00 AM,3.31,101,H
2/17/2022,Thu,6:23:00 AM,-0.36,-11,L
2/17/2022,Thu,1:03:00 PM,3.57,109,H
2/17/2022,Thu,7:03:00 PM,-0.32,-10,L
2/18/2022,Fri,1:26:00 AM,3.44,105,H
2/18/2022,Fri,7:03:00 AM,-0.41,-12,L
2/18/2022,Fri,1:41:00 PM,3.59,109,H
2/18/2022,Fri,7:31:00 PM,-0.39,-12,L
2/19/2022,Sat,2:06:00 AM,3.54,108,H
2/19/2022,Sat,7:42:00 AM,-0.4,-12,L
2/19/2022,Sat,2:21:00 PM,3.52,107,H
2/19/2022,Sat,8:01:00 PM,-0.41,-12,L
2/20/2022,Sun,2:49:00 AM,3.59,109,H
2/20/2022,Sun,8:22:00 AM,-0.33,-10,L
2/20/2022,Sun,3:06:00 PM,3.38,103,H
2/20/2022,Sun,8:33:00 PM,-0.39,-12,L
2/21/2022,Mon,3:35:00 AM,3.6,110,H
2/21/2022,Mon,9:04:00 AM,-0.2,-6,L
2/21/2022,Mon,3:56:00 PM,3.2,98,H
2/21/2022,Mon,9:11:00 PM,-0.3,-9,L
2/22/2022,Tue,4:25:00 AM,3.59,109,H
2/22/2022,Tue,9:52:00 AM,-0.01,0,L
2/22/2022,Tue,4:49:00 PM,3.02,92,H
2/22/2022,Tue,9:55:00 PM,-0.17,-5,L
2/23/2022,Wed,5:20:00 AM,3.55,108,H
2/23/2022,Wed,10:53:00 AM,0.2,6,L
2/23/2022,Wed,5:47:00 PM,2.88,88,H
2/23/2022,Wed,10:51:00 PM,0,0,L
2/24/2022,Thu,6:19:00 AM,3.51,107,H
2/24/2022,Thu,12:22:00 PM,0.35,11,L
2/24/2022,Thu,6:48:00 PM,2.8,85,H
2/25/2022,Fri,12:01:00 AM,0.13,4,L
2/25/2022,Fri,7:24:00 AM,3.5,107,H
2/25/2022,Fri,2:19:00 PM,0.31,9,L
2/25/2022,Fri,7:56:00 PM,2.83,86,H
2/26/2022,Sat,1:25:00 AM,0.14,4,L
2/26/2022,Sat,8:37:00 AM,3.58,109,H
2/26/2022,Sat,3:29:00 PM,0.15,5,L
2/26/2022,Sat,9:08:00 PM,3.02,92,H
2/27/2022,Sun,2:48:00 AM,-0.01,0,L
2/27/2022,Sun,9:46:00 AM,3.78,115,H
2/27/2022,Sun,4:22:00 PM,-0.02,-1,L
2/27/2022,Sun,10:11:00 PM,3.34,102,H
2/28/2022,Mon,3:56:00 AM,-0.21,-6,L
2/28/2022,Mon,10:45:00 AM,4.01,122,H
2/28/2022,Mon,5:08:00 PM,-0.18,-5,L
2/28/2022,Mon,11:07:00 PM,3.68,112,H
3/1/2022,Tue,4:52:00 AM,-0.38,-12,L
3/1/2022,Tue,11:37:00 AM,4.18,127,H
3/1/2022,Tue,5:49:00 PM,-0.31,-9,L
3/1/2022,Tue,11:57:00 PM,3.96,121,H
3/2/2022,Wed,5:44:00 AM,-0.49,-15,L
3/2/2022,Wed,12:24:00 PM,4.24,129,H
3/2/2022,Wed,6:25:00 PM,-0.4,-12,L
3/3/2022,Thu,12:44:00 AM,4.13,126,H
3/3/2022,Thu,6:33:00 AM,-0.52,-16,L
3/3/2022,Thu,1:09:00 PM,4.17,127,H
3/3/2022,Thu,6:57:00 PM,-0.43,-13,L
3/4/2022,Fri,1:30:00 AM,4.16,127,H
3/4/2022,Fri,7:16:00 AM,-0.47,-14,L
3/4/2022,Fri,1:53:00 PM,3.97,121,H
3/4/2022,Fri,7:27:00 PM,-0.41,-12,L
3/5/2022,Sat,2:14:00 AM,4.07,124,H
3/5/2022,Sat,7:55:00 AM,-0.34,-10,L
3/5/2022,Sat,2:36:00 PM,3.68,112,H
3/5/2022,Sat,7:57:00 PM,-0.32,-10,L
3/6/2022,Sun,2:58:00 AM,3.86,118,H
3/6/2022,Sun,8:32:00 AM,-0.14,-4,L
3/6/2022,Sun,3:20:00 PM,3.35,102,H
3/6/2022,Sun,8:29:00 PM,-0.18,-5,L
3/7/2022,Mon,3:43:00 AM,3.58,109,H
3/7/2022,Mon,9:10:00 AM,0.09,3,L
3/7/2022,Mon,4:05:00 PM,3.01,92,H
3/7/2022,Mon,9:05:00 PM,0.01,0,L
3/8/2022,Tue,4:28:00 AM,3.28,100,H
3/8/2022,Tue,9:52:00 AM,0.35,11,L
3/8/2022,Tue,4:52:00 PM,2.72,83,H
3/8/2022,Tue,9:44:00 PM,0.23,7,L
3/9/2022,Wed,5:14:00 AM,2.99,91,H
3/9/2022,Wed,10:43:00 AM,0.59,18,L
3/9/2022,Wed,5:39:00 PM,2.49,76,H
3/9/2022,Wed,10:31:00 PM,0.44,13,L
3/10/2022,Thu,6:02:00 AM,2.75,84,H
3/10/2022,Thu,11:58:00 AM,0.77,23,L
3/10/2022,Thu,6:30:00 PM,2.34,71,H
3/10/2022,Thu,11:32:00 PM,0.61,19,L
3/11/2022,Fri,6:55:00 AM,2.58,79,H
3/11/2022,Fri,1:43:00 PM,0.8,24,L
3/11/2022,Fri,7:26:00 PM,2.28,69,H
3/12/2022,Sat,12:46:00 AM,0.66,20,L
3/12/2022,Sat,8:00:00 AM,2.52,77,H
3/12/2022,Sat,2:48:00 PM,0.69,21,L
3/12/2022,Sat,8:31:00 PM,2.34,71,H
3/13/2022,Sun,2:03:00 AM,0.56,17,L
3/13/2022,Sun,9:10:00 AM,2.62,80,H
3/13/2022,Sun,3:34:00 PM,0.52,16,L
3/13/2022,Sun,9:31:00 PM,2.53,77,H
3/14/2022,Mon,3:05:00 AM,0.36,11,L
3/14/2022,Mon,10:03:00 AM,2.83,86,H
3/14/2022,Mon,4:12:00 PM,0.32,10,L
3/14/2022,Mon,10:19:00 PM,2.81,86,H
3/15/2022,Tue,3:54:00 AM,0.13,4,L
3/15/2022,Tue,10:43:00 AM,3.08,94,H
3/15/2022,Tue,4:47:00 PM,0.1,3,L
3/15/2022,Tue,11:01:00 PM,3.12,95,H
3/16/2022,Wed,4:39:00 AM,-0.09,-3,L
3/16/2022,Wed,11:20:00 AM,3.34,102,H
3/16/2022,Wed,5:20:00 PM,-0.1,-3,L
3/16/2022,Wed,11:40:00 PM,3.43,105,H
3/17/2022,Thu,5:21:00 AM,-0.28,-9,L
3/17/2022,Thu,11:57:00 AM,3.55,108,H
3/17/2022,Thu,5:52:00 PM,-0.28,-9,L
3/18/2022,Fri,12:18:00 AM,3.71,113,H
3/18/2022,Fri,6:04:00 AM,-0.42,-13,L
3/18/2022,Fri,12:36:00 PM,3.69,112,H
3/18/2022,Fri,6:23:00 PM,-0.42,-13,L
3/19/2022,Sat,12:58:00 AM,3.93,120,H
3/19/2022,Sat,6:46:00 AM,-0.51,-16,L
3/19/2022,Sat,1:16:00 PM,3.73,114,H
3/19/2022,Sat,6:56:00 PM,-0.49,-15,L
3/20/2022,Sun,1:40:00 AM,4.06,124,H
3/20/2022,Sun,7:27:00 AM,-0.52,-16,L
3/20/2022,Sun,2:00:00 PM,3.67,112,H
3/20/2022,Sun,7:31:00 PM,-0.51,-16,L
3/21/2022,Mon,2:24:00 AM,4.09,125,H
3/21/2022,Mon,8:08:00 AM,-0.44,-13,L
3/21/2022,Mon,2:47:00 PM,3.53,108,H
3/21/2022,Mon,8:08:00 PM,-0.44,-13,L
3/22/2022,Tue,3:12:00 AM,4.04,123,H
3/22/2022,Tue,8:52:00 AM,-0.27,-8,L
3/22/2022,Tue,3:39:00 PM,3.34,102,H
3/22/2022,Tue,8:48:00 PM,-0.29,-9,L
3/23/2022,Wed,4:06:00 AM,3.91,119,H
3/23/2022,Wed,9:40:00 AM,-0.01,0,L
3/23/2022,Wed,4:35:00 PM,3.17,97,H
3/23/2022,Wed,9:35:00 PM,-0.07,-2,L
3/24/2022,Thu,5:04:00 AM,3.76,115,H
3/24/2022,Thu,10:42:00 AM,0.27,8,L
3/24/2022,Thu,5:35:00 PM,3.04,93,H
3/24/2022,Thu,10:33:00 PM,0.18,5,L
3/25/2022,Fri,6:06:00 AM,3.62,110,H
3/25/2022,Fri,12:39:00 PM,0.45,14,L
3/25/2022,Fri,6:37:00 PM,2.99,91,H
3/25/2022,Fri,11:50:00 PM,0.37,11,L
3/26/2022,Sat,7:12:00 AM,3.52,107,H
3/26/2022,Sat,2:23:00 PM,0.39,12,L
3/26/2022,Sat,7:45:00 PM,3.05,93,H
3/27/2022,Sun,1:40:00 AM,0.37,11,L
3/27/2022,Sun,8:23:00 AM,3.54,108,H
3/27/2022,Sun,3:22:00 PM,0.26,8,L
3/27/2022,Sun,8:54:00 PM,3.25,99,H
3/28/2022,Mon,3:10:00 AM,0.19,6,L
3/28/2022,Mon,9:31:00 AM,3.66,112,H
3/28/2022,Mon,4:08:00 PM,0.11,3,L
3/28/2022,Mon,9:57:00 PM,3.55,108,H
3/29/2022,Tue,4:07:00 AM,0,0,L
3/29/2022,Tue,10:29:00 AM,3.83,117,H
3/29/2022,Tue,4:45:00 PM,-0.02,-1,L
3/29/2022,Tue,10:51:00 PM,3.87,118,H
3/30/2022,Wed,4:55:00 AM,-0.15,-5,L
3/30/2022,Wed,11:18:00 AM,3.95,120,H
3/30/2022,Wed,5:16:00 PM,-0.12,-4,L
3/30/2022,Wed,11:39:00 PM,4.12,126,H
3/31/2022,Thu,5:38:00 AM,-0.25,-8,L
3/31/2022,Thu,12:03:00 PM,3.98,121,H
3/31/2022,Thu,5:44:00 PM,-0.2,-6,L
4/1/2022,Fri,12:23:00 AM,4.25,130,H
4/1/2022,Fri,6:19:00 AM,-0.28,-9,L
4/1/2022,Fri,12:46:00 PM,3.91,119,H
4/1/2022,Fri,6:13:00 PM,-0.24,-7,L
4/2/2022,Sat,1:05:00 AM,4.26,130,H
4/2/2022,Sat,6:56:00 AM,-0.26,-8,L
4/2/2022,Sat,1:27:00 PM,3.75,114,H
4/2/2022,Sat,6:45:00 PM,-0.23,-7,L
4/3/2022,Sun,1:46:00 AM,4.13,126,H
4/3/2022,Sun,7:32:00 AM,-0.18,-5,L
4/3/2022,Sun,2:08:00 PM,3.52,107,H
4/3/2022,Sun,7:19:00 PM,-0.16,-5,L
4/4/2022,Mon,2:26:00 AM,3.9,119,H
4/4/2022,Mon,8:06:00 AM,-0.05,-2,L
4/4/2022,Mon,2:49:00 PM,3.26,99,H
4/4/2022,Mon,7:54:00 PM,-0.04,-1,L
4/5/2022,Tue,3:06:00 AM,3.6,110,H
4/5/2022,Tue,8:42:00 AM,0.14,4,L
4/5/2022,Tue,3:32:00 PM,2.99,91,H
4/5/2022,Tue,8:31:00 PM,0.14,4,L
4/6/2022,Wed,3:47:00 AM,3.29,100,H
4/6/2022,Wed,9:20:00 AM,0.36,11,L
4/6/2022,Wed,4:17:00 PM,2.75,84,H
4/6/2022,Wed,9:11:00 PM,0.34,10,L
4/7/2022,Thu,4:30:00 AM,3,91,H
4/7/2022,Thu,10:04:00 AM,0.6,18,L
4/7/2022,Thu,5:05:00 PM,2.58,79,H
4/7/2022,Thu,9:56:00 PM,0.55,17,L
4/8/2022,Fri,5:17:00 AM,2.78,85,H
4/8/2022,Fri,11:04:00 AM,0.8,24,L
4/8/2022,Fri,5:53:00 PM,2.47,75,H
4/8/2022,Fri,10:53:00 PM,0.72,22,L
4/9/2022,Sat,6:07:00 AM,2.64,80,H
4/9/2022,Sat,12:42:00 PM,0.88,27,L
4/9/2022,Sat,6:45:00 PM,2.45,75,H
4/10/2022,Sun,12:07:00 AM,0.8,24,L
4/10/2022,Sun,7:02:00 AM,2.59,79,H
4/10/2022,Sun,2:02:00 PM,0.79,24,L
4/10/2022,Sun,7:42:00 PM,2.52,77,H
4/11/2022,Mon,1:30:00 AM,0.71,22,L
4/11/2022,Mon,8:04:00 AM,2.65,81,H
4/11/2022,Mon,2:50:00 PM,0.62,19,L
4/11/2022,Mon,8:42:00 PM,2.71,83,H
4/12/2022,Tue,2:36:00 AM,0.51,16,L
4/12/2022,Tue,9:06:00 AM,2.83,86,H
4/12/2022,Tue,3:27:00 PM,0.39,12,L
4/12/2022,Tue,9:37:00 PM,3.02,92,H
4/13/2022,Wed,3:28:00 AM,0.26,8,L
4/13/2022,Wed,9:57:00 AM,3.08,94,H
4/13/2022,Wed,4:00:00 PM,0.15,5,L
4/13/2022,Wed,10:23:00 PM,3.4,104,H
4/14/2022,Thu,4:13:00 AM,0,0,L
4/14/2022,Thu,10:42:00 AM,3.35,102,H
4/14/2022,Thu,4:32:00 PM,-0.08,-2,L
4/14/2022,Thu,11:06:00 PM,3.79,116,H
4/15/2022,Fri,4:57:00 AM,-0.23,-7,L
4/15/2022,Fri,11:25:00 AM,3.58,109,H
4/15/2022,Fri,5:06:00 PM,-0.29,-9,L
4/15/2022,Fri,11:48:00 PM,4.14,126,H
4/16/2022,Sat,5:41:00 AM,-0.4,-12,L
4/16/2022,Sat,12:08:00 PM,3.75,114,H
4/16/2022,Sat,5:42:00 PM,-0.43,-13,L
4/17/2022,Sun,12:31:00 AM,4.39,134,H
4/17/2022,Sun,6:27:00 AM,-0.5,-15,L
4/17/2022,Sun,12:54:00 PM,3.81,116,H
4/17/2022,Sun,6:22:00 PM,-0.49,-15,L
4/18/2022,Mon,1:16:00 AM,4.52,138,H
4/18/2022,Mon,7:12:00 AM,-0.51,-16,L
4/18/2022,Mon,1:41:00 PM,3.78,115,H
4/18/2022,Mon,7:04:00 PM,-0.48,-15,L
4/19/2022,Tue,2:03:00 AM,4.51,137,H
4/19/2022,Tue,7:58:00 AM,-0.42,-13,L
4/19/2022,Tue,2:31:00 PM,3.68,112,H
4/19/2022,Tue,7:47:00 PM,-0.37,-11,L
4/20/2022,Wed,2:55:00 AM,4.38,134,H
4/20/2022,Wed,8:44:00 AM,-0.22,-7,L
4/20/2022,Wed,3:26:00 PM,3.53,108,H
4/20/2022,Wed,8:33:00 PM,-0.17,-5,L
4/21/2022,Thu,3:51:00 AM,4.18,127,H
4/21/2022,Thu,9:36:00 AM,0.05,2,L
4/21/2022,Thu,4:24:00 PM,3.4,104,H
4/21/2022,Thu,9:25:00 PM,0.09,3,L
4/22/2022,Fri,4:52:00 AM,3.96,121,H
4/22/2022,Fri,10:46:00 AM,0.33,10,L
4/22/2022,Fri,5:25:00 PM,3.32,101,H
4/22/2022,Fri,10:27:00 PM,0.37,11,L
4/23/2022,Sat,5:54:00 AM,3.76,115,H
4/23/2022,Sat,12:51:00 PM,0.45,14,L
4/23/2022,Sat,6:27:00 PM,3.31,101,H
4/24/2022,Sun,12:02:00 AM,0.56,17,L
4/24/2022,Sun,6:58:00 AM,3.61,110,H
4/24/2022,Sun,2:06:00 PM,0.41,12,L
4/24/2022,Sun,7:31:00 PM,3.38,103,H
4/25/2022,Mon,2:12:00 AM,0.5,15,L
4/25/2022,Mon,8:04:00 AM,3.54,108,H
4/25/2022,Mon,2:59:00 PM,0.33,10,L
4/25/2022,Mon,8:37:00 PM,3.54,108,H
4/26/2022,Tue,3:17:00 AM,0.35,11,L
4/26/2022,Tue,9:09:00 AM,3.55,108,H
4/26/2022,Tue,3:39:00 PM,0.24,7,L
4/26/2022,Tue,9:38:00 PM,3.77,115,H
4/27/2022,Wed,4:06:00 AM,0.21,6,L
4/27/2022,Wed,10:06:00 AM,3.61,110,H
4/27/2022,Wed,4:08:00 PM,0.16,5,L
4/27/2022,Wed,10:31:00 PM,4.01,122,H
4/28/2022,Thu,4:47:00 AM,0.12,4,L
4/28/2022,Thu,10:55:00 AM,3.66,112,H
4/28/2022,Thu,4:32:00 PM,0.09,3,L
4/28/2022,Thu,11:17:00 PM,4.19,128,H
4/29/2022,Fri,5:24:00 AM,0.05,2,L
4/29/2022,Fri,11:39:00 AM,3.67,112,H
4/29/2022,Fri,4:59:00 PM,0.03,1,L
4/30/2022,Sat,12:00:00 AM,4.26,130,H
4/30/2022,Sat,5:59:00 AM,0.01,0,L
4/30/2022,Sat,12:21:00 PM,3.62,110,H
4/30/2022,Sat,5:30:00 PM,0,0,L
5/1/2022,Sun,12:40:00 AM,4.22,129,H
5/1/2022,Sun,6:33:00 AM,0,0,L
5/1/2022,Sun,1:02:00 PM,3.52,107,H
5/1/2022,Sun,6:06:00 PM,0.01,0,L
5/2/2022,Mon,1:18:00 AM,4.08,124,H
5/2/2022,Mon,7:08:00 AM,0.03,1,L
5/2/2022,Mon,1:42:00 PM,3.38,103,H
5/2/2022,Mon,6:45:00 PM,0.06,2,L
5/3/2022,Tue,1:56:00 AM,3.86,118,H
5/3/2022,Tue,7:43:00 AM,0.11,3,L
5/3/2022,Tue,2:22:00 PM,3.2,98,H
5/3/2022,Tue,7:24:00 PM,0.16,5,L
5/4/2022,Wed,2:33:00 AM,3.6,110,H
5/4/2022,Wed,8:19:00 AM,0.24,7,L
5/4/2022,Wed,3:04:00 PM,3.01,92,H
5/4/2022,Wed,8:04:00 PM,0.29,9,L
5/5/2022,Thu,3:12:00 AM,3.34,102,H
5/5/2022,Thu,8:57:00 AM,0.42,13,L
5/5/2022,Thu,3:47:00 PM,2.84,87,H
5/5/2022,Thu,8:45:00 PM,0.46,14,L
5/6/2022,Fri,3:54:00 AM,3.1,94,H
5/6/2022,Fri,9:38:00 AM,0.61,19,L
5/6/2022,Fri,4:33:00 PM,2.72,83,H
5/6/2022,Fri,9:29:00 PM,0.63,19,L
5/7/2022,Sat,4:40:00 AM,2.93,89,H
5/7/2022,Sat,10:28:00 AM,0.77,23,L
5/7/2022,Sat,5:21:00 PM,2.66,81,H
5/7/2022,Sat,10:22:00 PM,0.78,24,L
5/8/2022,Sun,5:27:00 AM,2.83,86,H
5/8/2022,Sun,11:37:00 AM,0.84,26,L
5/8/2022,Sun,6:09:00 PM,2.69,82,H
5/8/2022,Sun,11:29:00 PM,0.86,26,L
5/9/2022,Mon,6:17:00 AM,2.8,85,H
5/9/2022,Mon,12:53:00 PM,0.79,24,L
5/9/2022,Mon,6:59:00 PM,2.8,85,H
5/10/2022,Tue,12:47:00 AM,0.81,25,L
5/10/2022,Tue,7:10:00 AM,2.83,86,H
5/10/2022,Tue,1:46:00 PM,0.63,19,L
5/10/2022,Tue,7:53:00 PM,3,91,H
5/11/2022,Wed,1:58:00 AM,0.63,19,L
5/11/2022,Wed,8:08:00 AM,2.93,89,H
5/11/2022,Wed,2:27:00 PM,0.41,12,L
5/11/2022,Wed,8:49:00 PM,3.31,101,H
5/12/2022,Thu,2:55:00 AM,0.38,12,L
5/12/2022,Thu,9:08:00 AM,3.1,94,H
5/12/2022,Thu,3:05:00 PM,0.17,5,L
5/12/2022,Thu,9:43:00 PM,3.69,112,H
5/13/2022,Fri,3:44:00 AM,0.11,3,L
5/13/2022,Fri,10:03:00 AM,3.32,101,H
5/13/2022,Fri,3:44:00 PM,-0.07,-2,L
5/13/2022,Fri,10:32:00 PM,4.1,125,H
5/14/2022,Sat,4:31:00 AM,-0.13,-4,L
5/14/2022,Sat,10:54:00 AM,3.55,108,H
5/14/2022,Sat,4:24:00 PM,-0.27,-8,L
5/14/2022,Sat,11:19:00 PM,4.45,136,H
5/15/2022,Sun,5:19:00 AM,-0.32,-10,L
5/15/2022,Sun,11:43:00 AM,3.73,114,H
5/15/2022,Sun,5:07:00 PM,-0.4,-12,L
5/16/2022,Mon,12:07:00 AM,4.7,143,H
5/16/2022,Mon,6:08:00 AM,-0.42,-13,L
5/16/2022,Mon,12:33:00 PM,3.84,117,H
5/16/2022,Mon,5:53:00 PM,-0.44,-13,L
5/17/2022,Tue,12:56:00 AM,4.81,147,H
5/17/2022,Tue,7:00:00 AM,-0.42,-13,L
5/17/2022,Tue,1:24:00 PM,3.88,118,H
5/17/2022,Tue,6:42:00 PM,-0.4,-12,L
5/18/2022,Wed,1:47:00 AM,4.77,145,H
5/18/2022,Wed,7:51:00 AM,-0.34,-10,L
5/18/2022,Wed,2:17:00 PM,3.84,117,H
5/18/2022,Wed,7:33:00 PM,-0.28,-9,L
5/19/2022,Thu,2:41:00 AM,4.61,141,H
5/19/2022,Thu,8:42:00 AM,-0.16,-5,L
5/19/2022,Thu,3:13:00 PM,3.76,115,H
5/19/2022,Thu,8:25:00 PM,-0.08,-2,L
5/20/2022,Fri,3:39:00 AM,4.38,134,H
5/20/2022,Fri,9:37:00 AM,0.07,2,L
5/20/2022,Fri,4:11:00 PM,3.69,112,H
5/20/2022,Fri,9:21:00 PM,0.19,6,L
5/21/2022,Sat,4:39:00 AM,4.13,126,H
5/21/2022,Sat,10:52:00 AM,0.29,9,L
5/21/2022,Sat,5:12:00 PM,3.65,111,H
5/21/2022,Sat,10:30:00 PM,0.46,14,L
5/22/2022,Sun,5:39:00 AM,3.89,119,H
5/22/2022,Sun,12:26:00 PM,0.39,12,L
5/22/2022,Sun,6:12:00 PM,3.65,111,H
5/23/2022,Mon,12:35:00 AM,0.62,19,L
5/23/2022,Mon,6:38:00 AM,3.67,112,H
5/23/2022,Mon,1:31:00 PM,0.41,12,L
5/23/2022,Mon,7:12:00 PM,3.68,112,H
5/24/2022,Tue,2:05:00 AM,0.58,18,L
5/24/2022,Tue,7:39:00 AM,3.5,107,H
5/24/2022,Tue,2:20:00 PM,0.4,12,L
5/24/2022,Tue,8:13:00 PM,3.76,115,H
5/25/2022,Wed,3:04:00 AM,0.51,16,L
5/25/2022,Wed,8:40:00 AM,3.38,103,H
5/25/2022,Wed,2:55:00 PM,0.38,12,L
5/25/2022,Wed,9:13:00 PM,3.87,118,H
5/26/2022,Thu,3:51:00 AM,0.44,13,L
5/26/2022,Thu,9:37:00 AM,3.34,102,H
5/26/2022,Thu,3:20:00 PM,0.34,10,L
5/26/2022,Thu,10:07:00 PM,4,122,H
5/27/2022,Fri,4:29:00 AM,0.38,12,L
5/27/2022,Fri,10:28:00 AM,3.34,102,H
5/27/2022,Fri,3:47:00 PM,0.3,9,L
5/27/2022,Fri,10:53:00 PM,4.08,124,H
5/28/2022,Sat,5:03:00 AM,0.32,10,L
5/28/2022,Sat,11:14:00 AM,3.35,102,H
5/28/2022,Sat,4:18:00 PM,0.25,8,L
5/28/2022,Sat,11:36:00 PM,4.1,125,H
5/29/2022,Sun,5:35:00 AM,0.27,8,L
5/29/2022,Sun,11:57:00 AM,3.36,102,H
5/29/2022,Sun,4:55:00 PM,0.22,7,L
5/30/2022,Mon,12:15:00 AM,4.05,123,H
5/30/2022,Mon,6:10:00 AM,0.23,7,L
5/30/2022,Mon,12:37:00 PM,3.33,101,H
5/30/2022,Mon,5:35:00 PM,0.21,6,L
5/31/2022,Tue,12:53:00 AM,3.94,120,H
5/31/2022,Tue,6:48:00 AM,0.22,7,L
5/31/2022,Tue,1:17:00 PM,3.27,100,H
5/31/2022,Tue,6:17:00 PM,0.24,7,L
6/1/2022,Wed,1:30:00 AM,3.78,115,H
6/1/2022,Wed,7:26:00 AM,0.25,8,L
6/1/2022,Wed,1:57:00 PM,3.18,97,H
6/1/2022,Wed,7:00:00 PM,0.3,9,L
6/2/2022,Thu,2:07:00 AM,3.6,110,H
6/2/2022,Thu,8:03:00 AM,0.33,10,L
6/2/2022,Thu,2:37:00 PM,3.06,93,H
6/2/2022,Thu,7:43:00 PM,0.38,12,L
6/3/2022,Fri,2:44:00 AM,3.42,104,H
6/3/2022,Fri,8:40:00 AM,0.44,13,L
6/3/2022,Fri,3:19:00 PM,2.96,90,H
6/3/2022,Fri,8:24:00 PM,0.49,15,L
6/4/2022,Sat,3:24:00 AM,3.25,99,H
6/4/2022,Sat,9:17:00 AM,0.55,17,L
6/4/2022,Sat,4:03:00 PM,2.89,88,H
6/4/2022,Sat,9:07:00 PM,0.61,19,L
6/5/2022,Sun,4:07:00 AM,3.13,95,H
6/5/2022,Sun,9:57:00 AM,0.64,20,L
6/5/2022,Sun,4:49:00 PM,2.89,88,H
6/5/2022,Sun,9:54:00 PM,0.73,22,L
6/6/2022,Mon,4:53:00 AM,3.05,93,H
6/6/2022,Mon,10:43:00 AM,0.67,20,L
6/6/2022,Mon,5:35:00 PM,2.96,90,H
6/6/2022,Mon,10:52:00 PM,0.81,25,L
6/7/2022,Tue,5:40:00 AM,3.02,92,H
6/7/2022,Tue,11:36:00 AM,0.64,20,L
6/7/2022,Tue,6:21:00 PM,3.11,95,H
6/8/2022,Wed,12:02:00 AM,0.81,25,L
6/8/2022,Wed,6:29:00 AM,3.01,92,H
6/8/2022,Wed,12:30:00 PM,0.53,16,L
6/8/2022,Wed,7:11:00 PM,3.32,101,H
6/9/2022,Thu,1:15:00 AM,0.68,21,L
6/9/2022,Thu,7:24:00 AM,3.03,92,H
6/9/2022,Thu,1:22:00 PM,0.36,11,L
6/9/2022,Thu,8:06:00 PM,3.59,109,H
6/10/2022,Fri,2:19:00 AM,0.47,14,L
6/10/2022,Fri,8:25:00 AM,3.11,95,H
6/10/2022,Fri,2:12:00 PM,0.16,5,L
6/10/2022,Fri,9:04:00 PM,3.92,119,H
6/11/2022,Sat,3:15:00 AM,0.22,7,L
6/11/2022,Sat,9:28:00 AM,3.26,99,H
6/11/2022,Sat,3:01:00 PM,-0.04,-1,L
6/11/2022,Sat,10:01:00 PM,4.27,130,H
6/12/2022,Sun,4:07:00 AM,-0.01,0,L
6/12/2022,Sun,10:27:00 AM,3.47,106,H
6/12/2022,Sun,3:50:00 PM,-0.22,-7,L
6/12/2022,Sun,10:55:00 PM,4.59,140,H
6/13/2022,Mon,4:59:00 AM,-0.18,-5,L
6/13/2022,Mon,11:22:00 AM,3.69,112,H
6/13/2022,Mon,4:39:00 PM,-0.33,-10,L
6/13/2022,Mon,11:47:00 PM,4.82,147,H
6/14/2022,Tue,5:54:00 AM,-0.28,-9,L
6/14/2022,Tue,12:15:00 PM,3.87,118,H
6/14/2022,Tue,5:32:00 PM,-0.38,-12,L
6/15/2022,Wed,12:40:00 AM,4.92,150,H
6/15/2022,Wed,6:50:00 AM,-0.31,-9,L
6/15/2022,Wed,1:08:00 PM,3.99,122,H
6/15/2022,Wed,6:28:00 PM,-0.34,-10,L
6/16/2022,Thu,1:33:00 AM,4.89,149,H
6/16/2022,Thu,7:45:00 AM,-0.26,-8,L
6/16/2022,Thu,2:02:00 PM,4.03,123,H
6/16/2022,Thu,7:24:00 PM,-0.24,-7,L
6/17/2022,Fri,2:28:00 AM,4.74,144,H
6/17/2022,Fri,8:37:00 AM,-0.15,-5,L
6/17/2022,Fri,2:58:00 PM,4.02,123,H
6/17/2022,Fri,8:20:00 PM,-0.06,-2,L
6/18/2022,Sat,3:24:00 AM,4.5,137,H
6/18/2022,Sat,9:29:00 AM,0.01,0,L
6/18/2022,Sat,3:55:00 PM,3.98,121,H
6/18/2022,Sat,9:18:00 PM,0.19,6,L
6/19/2022,Sun,4:21:00 AM,4.22,129,H
6/19/2022,Sun,10:26:00 AM,0.18,5,L
6/19/2022,Sun,4:53:00 PM,3.94,120,H
6/19/2022,Sun,10:29:00 PM,0.46,14,L
6/20/2022,Mon,5:18:00 AM,3.93,120,H
6/20/2022,Mon,11:31:00 AM,0.33,10,L
6/20/2022,Mon,5:51:00 PM,3.9,119,H
6/21/2022,Tue,12:18:00 AM,0.64,20,L
6/21/2022,Tue,6:13:00 AM,3.64,111,H
6/21/2022,Tue,12:31:00 PM,0.43,13,L
6/21/2022,Tue,6:47:00 PM,3.86,118,H
6/22/2022,Wed,1:41:00 AM,0.69,21,L
6/22/2022,Wed,7:08:00 AM,3.38,103,H
6/22/2022,Wed,1:18:00 PM,0.49,15,L
6/22/2022,Wed,7:45:00 PM,3.82,116,H
6/23/2022,Thu,2:41:00 AM,0.68,21,L
6/23/2022,Thu,8:05:00 AM,3.17,97,H
6/23/2022,Thu,1:54:00 PM,0.53,16,L
6/23/2022,Thu,8:43:00 PM,3.8,116,H
6/24/2022,Fri,3:28:00 AM,0.65,20,L
6/24/2022,Fri,9:05:00 AM,3.06,93,H
6/24/2022,Fri,2:29:00 PM,0.52,16,L
6/24/2022,Fri,9:39:00 PM,3.81,116,H
6/25/2022,Sat,4:06:00 AM,0.6,18,L
6/25/2022,Sat,10:00:00 AM,3.05,93,H
6/25/2022,Sat,3:06:00 PM,0.49,15,L
6/25/2022,Sat,10:29:00 PM,3.83,117,H
6/26/2022,Sun,4:39:00 AM,0.54,16,L
6/26/2022,Sun,10:48:00 AM,3.1,94,H
6/26/2022,Sun,3:46:00 PM,0.44,13,L
6/26/2022,Sun,11:13:00 PM,3.84,117,H
6/27/2022,Mon,5:13:00 AM,0.47,14,L
6/27/2022,Mon,11:32:00 AM,3.17,97,H
6/27/2022,Mon,4:27:00 PM,0.38,12,L
6/27/2022,Mon,11:53:00 PM,3.82,116,H
6/28/2022,Tue,5:50:00 AM,0.4,12,L
6/28/2022,Tue,12:14:00 PM,3.22,98,H
6/28/2022,Tue,5:11:00 PM,0.34,10,L
6/29/2022,Wed,12:31:00 AM,3.79,116,H
6/29/2022,Wed,6:30:00 AM,0.35,11,L
6/29/2022,Wed,12:53:00 PM,3.24,99,H
6/29/2022,Wed,5:56:00 PM,0.32,10,L
6/30/2022,Thu,1:07:00 AM,3.72,113,H
6/30/2022,Thu,7:10:00 AM,0.33,10,L
6/30/2022,Thu,1:32:00 PM,3.23,98,H
6/30/2022,Thu,6:42:00 PM,0.33,10,L
7/1/2022,Fri,1:43:00 AM,3.64,111,H
7/1/2022,Fri,7:47:00 AM,0.34,10,L
7/1/2022,Fri,2:11:00 PM,3.19,97,H
7/1/2022,Fri,7:25:00 PM,0.36,11,L
7/2/2022,Sat,2:19:00 AM,3.54,108,H
7/2/2022,Sat,8:21:00 AM,0.37,11,L
7/2/2022,Sat,2:51:00 PM,3.15,96,H
7/2/2022,Sat,8:06:00 PM,0.43,13,L
7/3/2022,Sun,2:56:00 AM,3.44,105,H
7/3/2022,Sun,8:52:00 AM,0.41,12,L
7/3/2022,Sun,3:32:00 PM,3.13,95,H
7/3/2022,Sun,8:46:00 PM,0.52,16,L
7/4/2022,Mon,3:37:00 AM,3.34,102,H
7/4/2022,Mon,9:23:00 AM,0.44,13,L
7/4/2022,Mon,4:16:00 PM,3.17,97,H
7/4/2022,Mon,9:29:00 PM,0.61,19,L
7/5/2022,Tue,4:21:00 AM,3.25,99,H
7/5/2022,Tue,9:58:00 AM,0.45,14,L
7/5/2022,Tue,5:01:00 PM,3.26,99,H
7/5/2022,Tue,10:19:00 PM,0.69,21,L
7/6/2022,Wed,5:08:00 AM,3.18,97,H
7/6/2022,Wed,10:40:00 AM,0.43,13,L
7/6/2022,Wed,5:47:00 PM,3.41,104,H
7/6/2022,Wed,11:20:00 PM,0.73,22,L
7/7/2022,Thu,5:58:00 AM,3.12,95,H
7/7/2022,Thu,11:31:00 AM,0.39,12,L
7/7/2022,Thu,6:36:00 PM,3.59,109,H
7/8/2022,Fri,12:33:00 AM,0.69,21,L
7/8/2022,Fri,6:53:00 AM,3.09,94,H
7/8/2022,Fri,12:29:00 PM,0.31,9,L
7/8/2022,Fri,7:31:00 PM,3.79,116,H
7/9/2022,Sat,1:47:00 AM,0.55,17,L
7/9/2022,Sat,7:54:00 AM,3.1,94,H
7/9/2022,Sat,1:28:00 PM,0.19,6,L
7/9/2022,Sat,8:33:00 PM,4.02,123,H
7/10/2022,Sun,2:53:00 AM,0.35,11,L
7/10/2022,Sun,9:01:00 AM,3.21,98,H
7/10/2022,Sun,2:28:00 PM,0.04,1,L
7/10/2022,Sun,9:36:00 PM,4.29,131,H
7/11/2022,Mon,3:51:00 AM,0.15,5,L
7/11/2022,Mon,10:05:00 AM,3.43,105,H
7/11/2022,Mon,3:25:00 PM,-0.11,-3,L
7/11/2022,Mon,10:36:00 PM,4.57,139,H
7/12/2022,Tue,4:46:00 AM,-0.01,0,L
7/12/2022,Tue,11:04:00 AM,3.7,113,H
7/12/2022,Tue,4:22:00 PM,-0.24,-7,L
7/12/2022,Tue,11:32:00 PM,4.8,146,H
7/13/2022,Wed,5:43:00 AM,-0.13,-4,L
7/13/2022,Wed,11:59:00 AM,3.96,121,H
7/13/2022,Wed,5:19:00 PM,-0.31,-9,L
7/14/2022,Thu,12:26:00 AM,4.92,150,H
7/14/2022,Thu,6:40:00 AM,-0.2,-6,L
7/14/2022,Thu,12:52:00 PM,4.15,126,H
7/14/2022,Thu,6:19:00 PM,-0.31,-9,L
7/15/2022,Fri,1:19:00 AM,4.91,150,H
7/15/2022,Fri,7:33:00 AM,-0.22,-7,L
7/15/2022,Fri,1:46:00 PM,4.26,130,H
7/15/2022,Fri,7:18:00 PM,-0.24,-7,L
7/16/2022,Sat,2:12:00 AM,4.77,145,H
7/16/2022,Sat,8:19:00 AM,-0.18,-5,L
7/16/2022,Sat,2:39:00 PM,4.28,130,H
7/16/2022,Sat,8:14:00 PM,-0.08,-2,L
7/17/2022,Sun,3:04:00 AM,4.51,137,H
7/17/2022,Sun,9:01:00 AM,-0.06,-2,L
7/17/2022,Sun,3:34:00 PM,4.24,129,H
7/17/2022,Sun,9:09:00 PM,0.16,5,L
7/18/2022,Mon,3:58:00 AM,4.19,128,H
7/18/2022,Mon,9:41:00 AM,0.1,3,L
7/18/2022,Mon,4:29:00 PM,4.14,126,H
7/18/2022,Mon,10:09:00 PM,0.45,14,L
7/19/2022,Tue,4:51:00 AM,3.85,117,H
7/19/2022,Tue,10:23:00 AM,0.28,9,L
7/19/2022,Tue,5:24:00 PM,4.02,123,H
7/19/2022,Tue,11:32:00 PM,0.69,21,L
7/20/2022,Wed,5:43:00 AM,3.52,107,H
7/20/2022,Wed,11:08:00 AM,0.46,14,L
7/20/2022,Wed,6:17:00 PM,3.87,118,H
7/21/2022,Thu,1:03:00 AM,0.82,25,L
7/21/2022,Thu,6:35:00 AM,3.22,98,H
7/21/2022,Thu,11:58:00 AM,0.6,18,L
7/21/2022,Thu,7:11:00 PM,3.71,113,H
7/22/2022,Fri,2:08:00 AM,0.86,26,L
7/22/2022,Fri,7:30:00 AM,2.99,91,H
7/22/2022,Fri,12:51:00 PM,0.69,21,L
7/22/2022,Fri,8:09:00 PM,3.58,109,H
7/23/2022,Sat,2:59:00 AM,0.84,26,L
7/23/2022,Sat,8:30:00 AM,2.86,87,H
7/23/2022,Sat,1:43:00 PM,0.71,22,L
7/23/2022,Sat,9:09:00 PM,3.52,107,H
7/24/2022,Sun,3:40:00 AM,0.79,24,L
7/24/2022,Sun,9:30:00 AM,2.87,87,H
7/24/2022,Sun,2:34:00 PM,0.67,20,L
7/24/2022,Sun,10:04:00 PM,3.52,107,H
7/25/2022,Mon,4:15:00 AM,0.71,22,L
7/25/2022,Mon,10:22:00 AM,2.96,90,H
7/25/2022,Mon,3:22:00 PM,0.59,18,L
7/25/2022,Mon,10:51:00 PM,3.57,109,H
7/26/2022,Tue,4:51:00 AM,0.61,19,L
7/26/2022,Tue,11:08:00 AM,3.09,94,H
7/26/2022,Tue,4:09:00 PM,0.49,15,L
7/26/2022,Tue,11:31:00 PM,3.64,111,H
7/27/2022,Wed,5:30:00 AM,0.5,15,L
7/27/2022,Wed,11:49:00 AM,3.21,98,H
7/27/2022,Wed,4:54:00 PM,0.39,12,L
7/28/2022,Thu,12:08:00 AM,3.69,112,H
7/28/2022,Thu,6:10:00 AM,0.4,12,L
7/28/2022,Thu,12:27:00 PM,3.31,101,H
7/28/2022,Thu,5:40:00 PM,0.31,9,L
7/29/2022,Fri,12:43:00 AM,3.73,114,H
7/29/2022,Fri,6:49:00 AM,0.31,9,L
7/29/2022,Fri,1:05:00 PM,3.38,103,H
7/29/2022,Fri,6:25:00 PM,0.27,8,L
7/30/2022,Sat,1:17:00 AM,3.73,114,H
7/30/2022,Sat,7:23:00 AM,0.26,8,L
7/30/2022,Sat,1:42:00 PM,3.42,104,H
7/30/2022,Sat,7:07:00 PM,0.27,8,L
7/31/2022,Sun,1:51:00 AM,3.69,112,H
7/31/2022,Sun,7:52:00 AM,0.23,7,L
7/31/2022,Sun,2:20:00 PM,3.44,105,H
7/31/2022,Sun,7:47:00 PM,0.3,9,L
8/1/2022,Mon,2:28:00 AM,3.62,110,H
8/1/2022,Mon,8:19:00 AM,0.23,7,L
8/1/2022,Mon,3:00:00 PM,3.47,106,H
8/1/2022,Mon,8:25:00 PM,0.37,11,L
8/2/2022,Tue,3:08:00 AM,3.51,107,H
8/2/2022,Tue,8:47:00 AM,0.23,7,L
8/2/2022,Tue,3:42:00 PM,3.52,107,H
8/2/2022,Tue,9:05:00 PM,0.45,14,L
8/3/2022,Wed,3:53:00 AM,3.39,103,H
8/3/2022,Wed,9:20:00 AM,0.24,7,L
8/3/2022,Wed,4:28:00 PM,3.59,109,H
8/3/2022,Wed,9:51:00 PM,0.55,17,L
8/4/2022,Thu,4:42:00 AM,3.27,100,H
8/4/2022,Thu,9:59:00 AM,0.28,9,L
8/4/2022,Thu,5:16:00 PM,3.69,112,H
8/4/2022,Thu,10:47:00 PM,0.65,20,L
8/5/2022,Fri,5:34:00 AM,3.17,97,H
8/5/2022,Fri,10:49:00 AM,0.32,10,L
8/5/2022,Fri,6:08:00 PM,3.79,116,H
8/5/2022,Fri,11:59:00 PM,0.7,21,L
8/6/2022,Sat,6:31:00 AM,3.11,95,H
8/6/2022,Sat,11:49:00 AM,0.35,11,L
8/6/2022,Sat,7:06:00 PM,3.89,119,H
8/7/2022,Sun,1:24:00 AM,0.65,20,L
8/7/2022,Sun,7:33:00 AM,3.11,95,H
8/7/2022,Sun,12:57:00 PM,0.32,10,L
8/7/2022,Sun,8:11:00 PM,4.02,123,H
8/8/2022,Mon,2:43:00 AM,0.5,15,L
8/8/2022,Mon,8:42:00 AM,3.22,98,H
8/8/2022,Mon,2:08:00 PM,0.21,6,L
8/8/2022,Mon,9:19:00 PM,4.22,129,H
8/9/2022,Tue,3:45:00 AM,0.31,9,L
8/9/2022,Tue,9:49:00 AM,3.48,106,H
8/9/2022,Tue,3:14:00 PM,0.04,1,L
8/9/2022,Tue,10:23:00 PM,4.48,137,H
8/10/2022,Wed,4:40:00 AM,0.13,4,L
8/10/2022,Wed,10:49:00 AM,3.81,116,H
8/10/2022,Wed,4:15:00 PM,-0.12,-4,L
8/10/2022,Wed,11:20:00 PM,4.71,144,H
8/11/2022,Thu,5:32:00 AM,-0.02,-1,L
8/11/2022,Thu,11:44:00 AM,4.13,126,H
8/11/2022,Thu,5:14:00 PM,-0.23,-7,L
8/12/2022,Fri,12:12:00 AM,4.84,148,H
8/12/2022,Fri,6:22:00 AM,-0.13,-4,L
8/12/2022,Fri,12:36:00 PM,4.37,133,H
8/12/2022,Fri,6:12:00 PM,-0.26,-8,L
8/13/2022,Sat,1:02:00 AM,4.83,147,H
8/13/2022,Sat,7:07:00 AM,-0.19,-6,L
8/13/2022,Sat,1:27:00 PM,4.5,137,H
8/13/2022,Sat,7:09:00 PM,-0.21,-6,L
8/14/2022,Sun,1:52:00 AM,4.68,143,H
8/14/2022,Sun,7:46:00 AM,-0.17,-5,L
8/14/2022,Sun,2:17:00 PM,4.51,137,H
8/14/2022,Sun,8:00:00 PM,-0.06,-2,L
8/15/2022,Mon,2:40:00 AM,4.4,134,H
8/15/2022,Mon,8:21:00 AM,-0.08,-2,L
8/15/2022,Mon,3:08:00 PM,4.41,134,H
8/15/2022,Mon,8:48:00 PM,0.17,5,L
8/16/2022,Tue,3:30:00 AM,4.06,124,H
8/16/2022,Tue,8:55:00 AM,0.07,2,L
8/16/2022,Tue,3:59:00 PM,4.23,129,H
8/16/2022,Tue,9:36:00 PM,0.45,14,L
8/17/2022,Wed,4:20:00 AM,3.69,112,H
8/17/2022,Wed,9:30:00 AM,0.28,9,L
8/17/2022,Wed,4:51:00 PM,4,122,H
8/17/2022,Wed,10:31:00 PM,0.73,22,L
8/18/2022,Thu,5:11:00 AM,3.35,102,H
8/18/2022,Thu,10:11:00 AM,0.5,15,L
8/18/2022,Thu,5:43:00 PM,3.75,114,H
8/18/2022,Thu,11:53:00 PM,0.94,29,L
8/19/2022,Fri,6:02:00 AM,3.07,94,H
8/19/2022,Fri,11:00:00 AM,0.7,21,L
8/19/2022,Fri,6:35:00 PM,3.51,107,H
8/20/2022,Sat,1:24:00 AM,1.03,31,L
8/20/2022,Sat,6:56:00 AM,2.87,87,H
8/20/2022,Sat,11:59:00 AM,0.85,26,L
8/20/2022,Sat,7:31:00 PM,3.32,101,H
8/21/2022,Sun,2:26:00 AM,1.01,31,L
8/21/2022,Sun,7:54:00 AM,2.77,84,H
8/21/2022,Sun,1:05:00 PM,0.9,27,L
8/21/2022,Sun,8:35:00 PM,3.23,98,H
8/22/2022,Mon,3:12:00 AM,0.94,29,L
8/22/2022,Mon,8:57:00 AM,2.79,85,H
8/22/2022,Mon,2:10:00 PM,0.83,25,L
8/22/2022,Mon,9:36:00 PM,3.26,99,H
8/23/2022,Tue,3:51:00 AM,0.82,25,L
8/23/2022,Tue,9:53:00 AM,2.92,89,H
8/23/2022,Tue,3:06:00 PM,0.7,21,L
8/23/2022,Tue,10:26:00 PM,3.37,103,H
8/24/2022,Wed,4:27:00 AM,0.68,21,L
8/24/2022,Wed,10:40:00 AM,3.1,94,H
8/24/2022,Wed,3:54:00 PM,0.53,16,L
8/24/2022,Wed,11:05:00 PM,3.51,107,H
8/25/2022,Thu,5:04:00 AM,0.52,16,L
8/25/2022,Thu,11:20:00 AM,3.3,101,H
8/25/2022,Thu,4:40:00 PM,0.38,12,L
8/25/2022,Thu,11:40:00 PM,3.65,111,H
8/26/2022,Fri,5:39:00 AM,0.36,11,L
8/26/2022,Fri,11:58:00 AM,3.48,106,H
8/26/2022,Fri,5:23:00 PM,0.26,8,L
8/27/2022,Sat,12:13:00 AM,3.76,115,H
8/27/2022,Sat,6:14:00 AM,0.23,7,L
8/27/2022,Sat,12:34:00 PM,3.63,111,H
8/27/2022,Sat,6:06:00 PM,0.18,5,L
8/28/2022,Sun,12:46:00 AM,3.82,116,H
8/28/2022,Sun,6:45:00 AM,0.14,4,L
8/28/2022,Sun,1:10:00 PM,3.75,114,H
8/28/2022,Sun,6:47:00 PM,0.14,4,L
8/29/2022,Mon,1:22:00 AM,3.82,116,H
8/29/2022,Mon,7:14:00 AM,0.08,2,L
8/29/2022,Mon,1:48:00 PM,3.83,117,H
8/29/2022,Mon,7:26:00 PM,0.15,5,L
8/30/2022,Tue,2:00:00 AM,3.76,115,H
8/30/2022,Tue,7:42:00 AM,0.06,2,L
8/30/2022,Tue,2:28:00 PM,3.88,118,H
8/30/2022,Tue,8:05:00 PM,0.2,6,L
8/31/2022,Wed,2:42:00 AM,3.64,111,H
8/31/2022,Wed,8:13:00 AM,0.07,2,L
8/31/2022,Wed,3:11:00 PM,3.9,119,H
8/31/2022,Wed,8:44:00 PM,0.29,9,L
9/1/2022,Thu,3:29:00 AM,3.48,106,H
9/1/2022,Thu,8:47:00 AM,0.12,4,L
9/1/2022,Thu,3:59:00 PM,3.9,119,H
9/1/2022,Thu,9:28:00 PM,0.43,13,L
9/2/2022,Fri,4:21:00 AM,3.33,101,H
9/2/2022,Fri,9:28:00 AM,0.22,7,L
9/2/2022,Fri,4:51:00 PM,3.89,119,H
9/2/2022,Fri,10:22:00 PM,0.6,18,L
9/3/2022,Sat,5:17:00 AM,3.21,98,H
9/3/2022,Sat,10:19:00 AM,0.35,11,L
9/3/2022,Sat,5:48:00 PM,3.89,119,H
9/3/2022,Sat,11:37:00 PM,0.74,23,L
9/4/2022,Sun,6:16:00 AM,3.15,96,H
9/4/2022,Sun,11:23:00 AM,0.48,15,L
9/4/2022,Sun,6:49:00 PM,3.9,119,H
9/5/2022,Mon,1:27:00 AM,0.74,23,L
9/5/2022,Mon,7:20:00 AM,3.18,97,H
9/5/2022,Mon,12:41:00 PM,0.51,16,L
9/5/2022,Mon,7:57:00 PM,3.96,121,H
9/6/2022,Tue,2:49:00 AM,0.59,18,L
9/6/2022,Tue,8:29:00 AM,3.33,101,H
9/6/2022,Tue,2:04:00 PM,0.4,12,L
9/6/2022,Tue,9:07:00 PM,4.12,126,H
9/7/2022,Wed,3:45:00 AM,0.39,12,L
9/7/2022,Wed,9:36:00 AM,3.63,111,H
9/7/2022,Wed,3:17:00 PM,0.2,6,L
9/7/2022,Wed,10:10:00 PM,4.35,133,H
9/8/2022,Thu,4:31:00 AM,0.2,6,L
9/8/2022,Thu,10:35:00 AM,3.99,122,H
9/8/2022,Thu,4:17:00 PM,0.01,0,L
9/8/2022,Thu,11:05:00 PM,4.55,139,H
9/9/2022,Fri,5:13:00 AM,0.04,1,L
9/9/2022,Fri,11:28:00 AM,4.33,132,H
9/9/2022,Fri,5:12:00 PM,-0.12,-4,L
9/9/2022,Fri,11:55:00 PM,4.65,142,H
9/10/2022,Sat,5:53:00 AM,-0.08,-2,L
9/10/2022,Sat,12:18:00 PM,4.57,139,H
9/10/2022,Sat,6:05:00 PM,-0.17,-5,L
9/11/2022,Sun,12:42:00 AM,4.62,141,H
9/11/2022,Sun,6:29:00 AM,-0.14,-4,L
9/11/2022,Sun,1:05:00 PM,4.68,143,H
9/11/2022,Sun,6:55:00 PM,-0.12,-4,L
9/12/2022,Mon,1:28:00 AM,4.45,136,H
9/12/2022,Mon,7:04:00 AM,-0.13,-4,L
9/12/2022,Mon,1:52:00 PM,4.63,141,H
9/12/2022,Mon,7:40:00 PM,0,0,L
9/13/2022,Tue,2:14:00 AM,4.18,127,H
9/13/2022,Tue,7:38:00 AM,-0.04,-1,L
9/13/2022,Tue,2:38:00 PM,4.46,136,H
9/13/2022,Tue,8:21:00 PM,0.2,6,L
9/14/2022,Wed,3:00:00 AM,3.85,117,H
9/14/2022,Wed,8:12:00 AM,0.11,3,L
9/14/2022,Wed,3:26:00 PM,4.19,128,H
9/14/2022,Wed,9:01:00 PM,0.45,14,L
9/15/2022,Thu,3:48:00 AM,3.5,107,H
9/15/2022,Thu,8:48:00 AM,0.32,10,L
9/15/2022,Thu,4:14:00 PM,3.87,118,H
9/15/2022,Thu,9:44:00 PM,0.71,22,L
9/16/2022,Fri,4:38:00 AM,3.2,98,H
9/16/2022,Fri,9:28:00 AM,0.55,17,L
9/16/2022,Fri,5:05:00 PM,3.56,109,H
9/16/2022,Fri,10:37:00 PM,0.96,29,L
9/17/2022,Sat,5:29:00 AM,2.96,90,H
9/17/2022,Sat,10:16:00 AM,0.78,24,L
9/17/2022,Sat,5:57:00 PM,3.29,100,H
9/18/2022,Sun,12:11:00 AM,1.12,34,L
9/18/2022,Sun,6:22:00 AM,2.8,85,H
9/18/2022,Sun,11:15:00 AM,0.96,29,L
9/18/2022,Sun,6:51:00 PM,3.1,94,H
9/19/2022,Mon,1:46:00 AM,1.12,34,L
9/19/2022,Mon,7:18:00 AM,2.73,83,H
9/19/2022,Mon,12:30:00 PM,1.03,31,L
9/19/2022,Mon,7:53:00 PM,3.01,92,H
9/20/2022,Tue,2:40:00 AM,1.02,31,L
9/20/2022,Tue,8:19:00 AM,2.77,84,H
9/20/2022,Tue,1:48:00 PM,0.94,29,L
9/20/2022,Tue,8:57:00 PM,3.05,93,H
9/21/2022,Wed,3:21:00 AM,0.86,26,L
9/21/2022,Wed,9:18:00 AM,2.92,89,H
9/21/2022,Wed,2:49:00 PM,0.76,23,L
9/21/2022,Wed,9:49:00 PM,3.19,97,H
9/22/2022,Thu,3:56:00 AM,0.67,20,L
9/22/2022,Thu,10:06:00 AM,3.15,96,H
9/22/2022,Thu,3:38:00 PM,0.55,17,L
9/22/2022,Thu,10:29:00 PM,3.38,103,H
9/23/2022,Fri,4:28:00 AM,0.46,14,L
9/23/2022,Fri,10:47:00 AM,3.42,104,H
9/23/2022,Fri,4:21:00 PM,0.35,11,L
9/23/2022,Fri,11:04:00 PM,3.57,109,H
9/24/2022,Sat,5:00:00 AM,0.27,8,L
9/24/2022,Sat,11:25:00 AM,3.68,112,H
9/24/2022,Sat,5:03:00 PM,0.18,5,L
9/24/2022,Sat,11:39:00 PM,3.74,114,H
9/25/2022,Sun,5:30:00 AM,0.11,3,L
9/25/2022,Sun,12:01:00 PM,3.92,119,H
9/25/2022,Sun,5:44:00 PM,0.06,2,L
9/26/2022,Mon,12:15:00 AM,3.84,117,H
9/26/2022,Mon,6:01:00 AM,-0.02,-1,L
9/26/2022,Mon,12:38:00 PM,4.11,125,H
9/26/2022,Mon,6:25:00 PM,-0.01,0,L
9/27/2022,Tue,12:54:00 AM,3.87,118,H
9/27/2022,Tue,6:33:00 AM,-0.09,-3,L
9/27/2022,Tue,1:18:00 PM,4.23,129,H
9/27/2022,Tue,7:05:00 PM,-0.03,-1,L
9/28/2022,Wed,1:35:00 AM,3.82,116,H
9/28/2022,Wed,7:06:00 AM,-0.11,-3,L
9/28/2022,Wed,1:59:00 PM,4.27,130,H
9/28/2022,Wed,7:46:00 PM,0.02,1,L
9/29/2022,Thu,2:20:00 AM,3.7,113,H
9/29/2022,Thu,7:42:00 AM,-0.07,-2,L
9/29/2022,Thu,2:45:00 PM,4.24,129,H
9/29/2022,Thu,8:27:00 PM,0.14,4,L
9/30/2022,Fri,3:10:00 AM,3.54,108,H
9/30/2022,Fri,8:22:00 AM,0.04,1,L
9/30/2022,Fri,3:36:00 PM,4.14,126,H
9/30/2022,Fri,9:13:00 PM,0.33,10,L
10/1/2022,Sat,4:05:00 AM,3.38,103,H
10/1/2022,Sat,9:07:00 AM,0.21,6,L
10/1/2022,Sat,4:33:00 PM,4.02,123,H
10/1/2022,Sat,10:08:00 PM,0.56,17,L
10/2/2022,Sun,5:04:00 AM,3.27,100,H
10/2/2022,Sun,10:00:00 AM,0.42,13,L
10/2/2022,Sun,5:34:00 PM,3.93,120,H
10/2/2022,Sun,11:33:00 PM,0.75,23,L
10/3/2022,Mon,6:06:00 AM,3.25,99,H
10/3/2022,Mon,11:10:00 AM,0.6,18,L
10/3/2022,Mon,6:38:00 PM,3.87,118,H
10/4/2022,Tue,1:44:00 AM,0.71,22,L
10/4/2022,Tue,7:10:00 AM,3.31,101,H
10/4/2022,Tue,12:44:00 PM,0.65,20,L
10/4/2022,Tue,7:45:00 PM,3.88,118,H
10/5/2022,Wed,2:48:00 AM,0.55,17,L
10/5/2022,Wed,8:17:00 AM,3.5,107,H
10/5/2022,Wed,2:25:00 PM,0.5,15,L
10/5/2022,Wed,8:53:00 PM,3.98,121,H
10/6/2022,Thu,3:35:00 AM,0.36,11,L
10/6/2022,Thu,9:23:00 AM,3.8,116,H
10/6/2022,Thu,3:31:00 PM,0.28,9,L
10/6/2022,Thu,9:54:00 PM,4.14,126,H
10/7/2022,Fri,4:13:00 AM,0.19,6,L
10/7/2022,Fri,10:20:00 AM,4.15,126,H
10/7/2022,Fri,4:23:00 PM,0.1,3,L
10/7/2022,Fri,10:47:00 PM,4.27,130,H
10/8/2022,Sat,4:45:00 AM,0.06,2,L
10/8/2022,Sat,11:11:00 AM,4.45,136,H
10/8/2022,Sat,5:09:00 PM,-0.01,0,L
10/8/2022,Sat,11:35:00 PM,4.32,132,H
10/9/2022,Sun,5:16:00 AM,-0.04,-1,L
10/9/2022,Sun,11:58:00 AM,4.64,141,H
10/9/2022,Sun,5:54:00 PM,-0.05,-2,L
10/10/2022,Mon,12:20:00 AM,4.26,130,H
10/10/2022,Mon,5:48:00 AM,-0.08,-2,L
10/10/2022,Mon,12:42:00 PM,4.68,143,H
10/10/2022,Mon,6:36:00 PM,-0.02,-1,L
10/11/2022,Tue,1:04:00 AM,4.11,125,H
10/11/2022,Tue,6:22:00 AM,-0.07,-2,L
10/11/2022,Tue,1:26:00 PM,4.58,140,H
10/11/2022,Tue,7:15:00 PM,0.07,2,L
10/12/2022,Wed,1:47:00 AM,3.88,118,H
10/12/2022,Wed,6:58:00 AM,0.02,1,L
10/12/2022,Wed,2:08:00 PM,4.34,132,H
10/12/2022,Wed,7:52:00 PM,0.22,7,L
10/13/2022,Thu,2:31:00 AM,3.6,110,H
10/13/2022,Thu,7:35:00 AM,0.15,5,L
10/13/2022,Thu,2:52:00 PM,4.03,123,H
10/13/2022,Thu,8:29:00 PM,0.41,12,L
10/14/2022,Fri,3:17:00 AM,3.32,101,H
10/14/2022,Fri,8:14:00 AM,0.34,10,L
10/14/2022,Fri,3:37:00 PM,3.68,112,H
10/14/2022,Fri,9:08:00 PM,0.64,20,L
10/15/2022,Sat,4:05:00 AM,3.06,93,H
10/15/2022,Sat,8:55:00 AM,0.55,17,L
10/15/2022,Sat,4:25:00 PM,3.36,102,H
10/15/2022,Sat,9:54:00 PM,0.87,27,L
10/16/2022,Sun,4:56:00 AM,2.87,87,H
10/16/2022,Sun,9:41:00 AM,0.77,23,L
10/16/2022,Sun,5:16:00 PM,3.11,95,H
10/16/2022,Sun,10:58:00 PM,1.06,32,L
10/17/2022,Mon,5:48:00 AM,2.75,84,H
10/17/2022,Mon,10:38:00 AM,0.96,29,L
10/17/2022,Mon,6:08:00 PM,2.94,90,H
10/18/2022,Tue,12:51:00 AM,1.1,34,L
10/18/2022,Tue,6:40:00 AM,2.71,83,H
10/18/2022,Tue,11:53:00 AM,1.04,32,L
10/18/2022,Tue,7:01:00 PM,2.87,87,H
10/19/2022,Wed,1:57:00 AM,0.99,30,L
10/19/2022,Wed,7:35:00 AM,2.76,84,H
10/19/2022,Wed,1:18:00 PM,0.96,29,L
10/19/2022,Wed,7:58:00 PM,2.89,88,H
10/20/2022,Thu,2:40:00 AM,0.81,25,L
10/20/2022,Thu,8:32:00 AM,2.92,89,H
10/20/2022,Thu,2:24:00 PM,0.77,23,L
10/20/2022,Thu,8:53:00 PM,3.01,92,H
10/21/2022,Fri,3:14:00 AM,0.59,18,L
10/21/2022,Fri,9:24:00 AM,3.17,97,H
10/21/2022,Fri,3:14:00 PM,0.54,16,L
10/21/2022,Fri,9:41:00 PM,3.19,97,H
10/22/2022,Sat,3:45:00 AM,0.36,11,L
10/22/2022,Sat,10:08:00 AM,3.49,106,H
10/22/2022,Sat,3:57:00 PM,0.31,9,L
10/22/2022,Sat,10:23:00 PM,3.4,104,H
10/23/2022,Sun,4:14:00 AM,0.14,4,L
10/23/2022,Sun,10:48:00 AM,3.83,117,H
10/23/2022,Sun,4:38:00 PM,0.1,3,L
10/23/2022,Sun,11:03:00 PM,3.6,110,H
10/24/2022,Mon,4:46:00 AM,-0.05,-2,L
10/24/2022,Mon,11:28:00 AM,4.14,126,H
10/24/2022,Mon,5:20:00 PM,-0.07,-2,L
10/24/2022,Mon,11:45:00 PM,3.74,114,H
10/25/2022,Tue,5:19:00 AM,-0.2,-6,L
10/25/2022,Tue,12:08:00 PM,4.38,134,H
10/25/2022,Tue,6:02:00 PM,-0.18,-5,L
10/26/2022,Wed,12:28:00 AM,3.81,116,H
10/26/2022,Wed,5:56:00 AM,-0.27,-8,L
10/26/2022,Wed,12:51:00 PM,4.51,137,H
10/26/2022,Wed,6:46:00 PM,-0.21,-6,L
10/27/2022,Thu,1:13:00 AM,3.8,116,H
10/27/2022,Thu,6:36:00 AM,-0.28,-9,L
10/27/2022,Thu,1:36:00 PM,4.53,138,H
10/27/2022,Thu,7:30:00 PM,-0.16,-5,L
10/28/2022,Fri,2:02:00 AM,3.72,113,H
10/28/2022,Fri,7:19:00 AM,-0.21,-6,L
10/28/2022,Fri,2:26:00 PM,4.45,136,H
10/28/2022,Fri,8:16:00 PM,-0.01,0,L
10/29/2022,Sat,2:54:00 AM,3.59,109,H
10/29/2022,Sat,8:05:00 AM,-0.07,-2,L
10/29/2022,Sat,3:20:00 PM,4.28,130,H
10/29/2022,Sat,9:04:00 PM,0.2,6,L
10/30/2022,Sun,3:52:00 AM,3.46,105,H
10/30/2022,Sun,8:54:00 AM,0.14,4,L
10/30/2022,Sun,4:20:00 PM,4.1,125,H
10/30/2022,Sun,10:04:00 PM,0.44,13,L
10/31/2022,Mon,4:53:00 AM,3.39,103,H
10/31/2022,Mon,9:51:00 AM,0.39,12,L
10/31/2022,Mon,5:22:00 PM,3.94,120,H
10/31/2022,Mon,11:56:00 PM,0.6,18,L
11/1/2022,Tue,5:55:00 AM,3.39,103,H
11/1/2022,Tue,11:09:00 AM,0.61,19,L
11/1/2022,Tue,6:25:00 PM,3.82,116,H
11/2/2022,Wed,1:32:00 AM,0.54,16,L
11/2/2022,Wed,6:58:00 AM,3.48,106,H
11/2/2022,Wed,1:20:00 PM,0.63,19,L
11/2/2022,Wed,7:29:00 PM,3.75,114,H
11/3/2022,Thu,2:29:00 AM,0.41,12,L
11/3/2022,Thu,8:02:00 AM,3.64,111,H
11/3/2022,Thu,2:43:00 PM,0.46,14,L
11/3/2022,Thu,8:33:00 PM,3.74,114,H
11/4/2022,Fri,3:12:00 AM,0.28,9,L
11/4/2022,Fri,9:06:00 AM,3.89,119,H
11/4/2022,Fri,3:37:00 PM,0.3,9,L
11/4/2022,Fri,9:33:00 PM,3.78,115,H
11/5/2022,Sat,3:44:00 AM,0.17,5,L
11/5/2022,Sat,10:02:00 AM,4.15,126,H
11/5/2022,Sat,4:22:00 PM,0.17,5,L
11/5/2022,Sat,10:26:00 PM,3.83,117,H
11/6/2022,Sun,4:11:00 AM,0.08,2,L
11/6/2022,Sun,10:52:00 AM,4.37,133,H
11/6/2022,Sun,5:03:00 PM,0.09,3,L
11/6/2022,Sun,11:13:00 PM,3.84,117,H
11/7/2022,Mon,4:39:00 AM,0.01,0,L
11/7/2022,Mon,11:37:00 AM,4.47,136,H
11/7/2022,Mon,5:40:00 PM,0.06,2,L
11/7/2022,Mon,11:58:00 PM,3.81,116,H
11/8/2022,Tue,5:10:00 AM,-0.03,-1,L
11/8/2022,Tue,12:20:00 PM,4.45,136,H
11/8/2022,Tue,6:16:00 PM,0.06,2,L
11/9/2022,Wed,12:40:00 AM,3.71,113,H
11/9/2022,Wed,5:46:00 AM,-0.01,0,L
11/9/2022,Wed,1:01:00 PM,4.32,132,H
11/9/2022,Wed,6:52:00 PM,0.11,3,L
11/10/2022,Thu,1:23:00 AM,3.56,109,H
11/10/2022,Thu,6:25:00 AM,0.04,1,L
11/10/2022,Thu,1:41:00 PM,4.09,125,H
11/10/2022,Thu,7:28:00 PM,0.2,6,L
11/11/2022,Fri,2:05:00 AM,3.36,102,H
11/11/2022,Fri,7:05:00 AM,0.14,4,L
11/11/2022,Fri,2:21:00 PM,3.8,116,H
11/11/2022,Fri,8:04:00 PM,0.33,10,L
11/12/2022,Sat,2:48:00 AM,3.15,96,H
11/12/2022,Sat,7:47:00 AM,0.28,9,L
11/12/2022,Sat,3:03:00 PM,3.5,107,H
11/12/2022,Sat,8:42:00 PM,0.49,15,L
11/13/2022,Sun,3:33:00 AM,2.95,90,H
11/13/2022,Sun,8:29:00 AM,0.44,13,L
11/13/2022,Sun,3:47:00 PM,3.22,98,H
11/13/2022,Sun,9:24:00 PM,0.67,20,L
11/14/2022,Mon,4:22:00 AM,2.79,85,H
11/14/2022,Mon,9:14:00 AM,0.62,19,L
11/14/2022,Mon,4:35:00 PM,3.01,92,H
11/14/2022,Mon,10:15:00 PM,0.83,25,L
11/15/2022,Tue,5:11:00 AM,2.69,82,H
11/15/2022,Tue,10:06:00 AM,0.79,24,L
11/15/2022,Tue,5:22:00 PM,2.87,87,H
11/15/2022,Tue,11:26:00 PM,0.9,27,L
11/16/2022,Wed,6:00:00 AM,2.68,82,H
11/16/2022,Wed,11:11:00 AM,0.9,27,L
11/16/2022,Wed,6:09:00 PM,2.8,85,H
11/17/2022,Thu,12:46:00 AM,0.84,26,L
11/17/2022,Thu,6:48:00 AM,2.75,84,H
11/17/2022,Thu,12:33:00 PM,0.89,27,L
11/17/2022,Thu,6:58:00 PM,2.79,85,H
11/18/2022,Fri,1:38:00 AM,0.69,21,L
11/18/2022,Fri,7:40:00 AM,2.91,89,H
11/18/2022,Fri,1:46:00 PM,0.74,23,L
11/18/2022,Fri,7:50:00 PM,2.84,87,H
11/19/2022,Sat,2:17:00 AM,0.48,15,L
11/19/2022,Sat,8:33:00 AM,3.16,96,H
11/19/2022,Sat,2:42:00 PM,0.51,16,L
11/19/2022,Sat,8:46:00 PM,2.96,90,H
11/20/2022,Sun,2:52:00 AM,0.24,7,L
11/20/2022,Sun,9:24:00 AM,3.49,106,H
11/20/2022,Sun,3:29:00 PM,0.26,8,L
11/20/2022,Sun,9:40:00 PM,3.15,96,H
11/21/2022,Mon,3:27:00 AM,0.01,0,L
11/21/2022,Mon,10:12:00 AM,3.85,117,H
11/21/2022,Mon,4:13:00 PM,0.01,0,L
11/21/2022,Mon,10:30:00 PM,3.35,102,H
11/22/2022,Tue,4:05:00 AM,-0.21,-6,L
11/22/2022,Tue,10:57:00 AM,4.19,128,H
11/22/2022,Tue,4:57:00 PM,-0.19,-6,L
11/22/2022,Tue,11:18:00 PM,3.54,108,H
11/23/2022,Wed,4:45:00 AM,-0.37,-11,L
11/23/2022,Wed,11:43:00 AM,4.46,136,H
11/23/2022,Wed,5:42:00 PM,-0.32,-10,L
11/24/2022,Thu,12:06:00 AM,3.68,112,H
11/24/2022,Thu,5:28:00 AM,-0.46,-14,L
11/24/2022,Thu,12:30:00 PM,4.61,141,H
11/24/2022,Thu,6:31:00 PM,-0.37,-11,L
11/25/2022,Fri,12:55:00 AM,3.74,114,H
11/25/2022,Fri,6:15:00 AM,-0.48,-15,L
11/25/2022,Fri,1:19:00 PM,4.63,141,H
11/25/2022,Fri,7:20:00 PM,-0.33,-10,L
11/26/2022,Sat,1:46:00 AM,3.73,114,H
11/26/2022,Sat,7:04:00 AM,-0.41,-12,L
11/26/2022,Sat,2:11:00 PM,4.54,138,H
11/26/2022,Sat,8:10:00 PM,-0.21,-6,L
11/27/2022,Sun,2:40:00 AM,3.67,112,H
11/27/2022,Sun,7:55:00 AM,-0.26,-8,L
11/27/2022,Sun,3:07:00 PM,4.35,133,H
11/27/2022,Sun,9:01:00 PM,-0.03,-1,L
11/28/2022,Mon,3:38:00 AM,3.59,109,H
11/28/2022,Mon,8:48:00 AM,-0.04,-1,L
11/28/2022,Mon,4:06:00 PM,4.13,126,H
11/28/2022,Mon,10:01:00 PM,0.17,5,L
11/29/2022,Tue,4:39:00 AM,3.54,108,H
11/29/2022,Tue,9:49:00 AM,0.23,7,L
11/29/2022,Tue,5:07:00 PM,3.91,119,H
11/29/2022,Tue,11:30:00 PM,0.31,9,L
11/30/2022,Wed,5:40:00 AM,3.55,108,H
11/30/2022,Wed,11:16:00 AM,0.47,14,L
11/30/2022,Wed,6:07:00 PM,3.71,113,H
12/1/2022,Thu,12:56:00 AM,0.32,10,L
12/1/2022,Thu,6:40:00 AM,3.6,110,H
12/1/2022,Thu,1:26:00 PM,0.49,15,L
12/1/2022,Thu,7:06:00 PM,3.52,107,H
12/2/2022,Fri,1:53:00 AM,0.28,9,L
12/2/2022,Fri,7:42:00 AM,3.68,112,H
12/2/2022,Fri,2:37:00 PM,0.4,12,L
12/2/2022,Fri,8:07:00 PM,3.38,103,H
12/3/2022,Sat,2:35:00 AM,0.23,7,L
12/3/2022,Sat,8:43:00 AM,3.8,116,H
12/3/2022,Sat,3:31:00 PM,0.3,9,L
12/3/2022,Sat,9:08:00 PM,3.32,101,H
12/4/2022,Sun,3:07:00 AM,0.18,5,L
12/4/2022,Sun,9:41:00 AM,3.93,120,H
12/4/2022,Sun,4:15:00 PM,0.23,7,L
12/4/2022,Sun,10:03:00 PM,3.31,101,H
12/5/2022,Mon,3:35:00 AM,0.13,4,L
12/5/2022,Mon,10:32:00 AM,4.04,123,H
12/5/2022,Mon,4:52:00 PM,0.18,5,L
12/5/2022,Mon,10:52:00 PM,3.33,101,H
12/6/2022,Tue,4:05:00 AM,0.07,2,L
12/6/2022,Tue,11:17:00 AM,4.08,124,H
12/6/2022,Tue,5:26:00 PM,0.14,4,L
12/6/2022,Tue,11:37:00 PM,3.34,102,H
12/7/2022,Wed,4:40:00 AM,0.03,1,L
12/7/2022,Wed,12:00:00 PM,4.05,123,H
12/7/2022,Wed,5:59:00 PM,0.11,3,L
12/8/2022,Thu,12:19:00 AM,3.33,101,H
12/8/2022,Thu,5:19:00 AM,0.01,0,L
12/8/2022,Thu,12:40:00 PM,3.94,120,H
12/8/2022,Thu,6:34:00 PM,0.1,3,L
12/9/2022,Fri,1:00:00 AM,3.27,100,H
12/9/2022,Fri,6:00:00 AM,0.01,0,L
12/9/2022,Fri,1:19:00 PM,3.78,115,H
12/9/2022,Fri,7:10:00 PM,0.13,4,L
12/10/2022,Sat,1:41:00 AM,3.17,97,H
12/10/2022,Sat,6:43:00 AM,0.05,2,L
12/10/2022,Sat,1:57:00 PM,3.58,109,H
12/10/2022,Sat,7:47:00 PM,0.18,5,L
12/11/2022,Sun,2:21:00 AM,3.03,92,H
12/11/2022,Sun,7:27:00 AM,0.12,4,L
12/11/2022,Sun,2:35:00 PM,3.37,103,H
12/11/2022,Sun,8:23:00 PM,0.28,9,L
12/12/2022,Mon,3:03:00 AM,2.89,88,H
12/12/2022,Mon,8:09:00 AM,0.23,7,L
12/12/2022,Mon,3:14:00 PM,3.16,96,H
12/12/2022,Mon,9:00:00 PM,0.38,12,L
12/13/2022,Tue,3:47:00 AM,2.77,84,H
12/13/2022,Tue,8:51:00 AM,0.36,11,L
12/13/2022,Tue,3:55:00 PM,2.99,91,H
12/13/2022,Tue,9:39:00 PM,0.47,14,L
12/14/2022,Wed,4:32:00 AM,2.7,82,H
12/14/2022,Wed,9:36:00 AM,0.51,16,L
12/14/2022,Wed,4:38:00 PM,2.85,87,H
12/14/2022,Wed,10:23:00 PM,0.53,16,L
12/15/2022,Thu,5:18:00 AM,2.71,83,H
12/15/2022,Thu,10:30:00 AM,0.64,20,L
12/15/2022,Thu,5:23:00 PM,2.77,84,H
12/15/2022,Thu,11:14:00 PM,0.53,16,L
12/16/2022,Fri,6:03:00 AM,2.79,85,H
12/16/2022,Fri,11:37:00 AM,0.7,21,L
12/16/2022,Fri,6:10:00 PM,2.72,83,H
12/17/2022,Sat,12:09:00 AM,0.46,14,L
12/17/2022,Sat,6:51:00 AM,2.94,90,H
12/17/2022,Sat,12:53:00 PM,0.63,19,L
12/17/2022,Sat,7:01:00 PM,2.7,82,H
12/18/2022,Sun,1:02:00 AM,0.32,10,L
12/18/2022,Sun,7:43:00 AM,3.15,96,H
12/18/2022,Sun,2:01:00 PM,0.45,14,L
12/18/2022,Sun,7:59:00 PM,2.75,84,H
12/19/2022,Mon,1:53:00 AM,0.13,4,L
12/19/2022,Mon,8:40:00 AM,3.42,104,H
12/19/2022,Mon,2:58:00 PM,0.21,6,L
12/19/2022,Mon,9:01:00 PM,2.88,88,H
12/20/2022,Tue,2:42:00 AM,-0.09,-3,L
12/20/2022,Tue,9:37:00 AM,3.75,114,H
12/20/2022,Tue,3:48:00 PM,-0.04,-1,L
12/20/2022,Tue,10:01:00 PM,3.09,94,H
12/21/2022,Wed,3:30:00 AM,-0.31,-9,L
12/21/2022,Wed,10:31:00 AM,4.09,125,H
12/21/2022,Wed,4:37:00 PM,-0.25,-8,L
12/21/2022,Wed,10:56:00 PM,3.33,101,H
12/22/2022,Thu,4:18:00 AM,-0.49,-15,L
12/22/2022,Thu,11:23:00 AM,4.38,134,H
12/22/2022,Thu,5:27:00 PM,-0.4,-12,L
12/22/2022,Thu,11:48:00 PM,3.56,109,H
12/23/2022,Fri,5:08:00 AM,-0.62,-19,L
12/23/2022,Fri,12:14:00 PM,4.57,139,H
12/23/2022,Fri,6:20:00 PM,-0.49,-15,L
12/24/2022,Sat,12:40:00 AM,3.73,114,H
12/24/2022,Sat,6:01:00 AM,-0.67,-20,L
12/24/2022,Sat,1:06:00 PM,4.63,141,H
12/24/2022,Sat,7:13:00 PM,-0.5,-15,L
12/25/2022,Sun,1:32:00 AM,3.81,116,H
12/25/2022,Sun,6:56:00 AM,-0.64,-20,L
12/25/2022,Sun,1:59:00 PM,4.56,139,H
12/25/2022,Sun,8:03:00 PM,-0.45,-14,L
12/26/2022,Mon,2:26:00 AM,3.83,117,H
12/26/2022,Mon,7:51:00 AM,-0.51,-16,L
12/26/2022,Mon,2:53:00 PM,4.38,134,H
12/26/2022,Mon,8:52:00 PM,-0.33,-10,L
12/27/2022,Tue,3:22:00 AM,3.79,116,H
12/27/2022,Tue,8:45:00 AM,-0.29,-9,L
12/27/2022,Tue,3:49:00 PM,4.12,126,H
12/27/2022,Tue,9:41:00 PM,-0.17,-5,L
12/28/2022,Wed,4:20:00 AM,3.74,114,H
12/28/2022,Wed,9:45:00 AM,0,0,L
12/28/2022,Wed,4:46:00 PM,3.82,116,H
12/28/2022,Wed,10:37:00 PM,0,0,L
12/29/2022,Thu,5:18:00 AM,3.69,112,H
12/29/2022,Thu,11:07:00 AM,0.28,9,L
12/29/2022,Thu,5:42:00 PM,3.52,107,H
12/29/2022,Thu,11:43:00 PM,0.14,4,L
12/30/2022,Fri,6:16:00 AM,3.63,111,H
12/30/2022,Fri,1:04:00 PM,0.4,12,L
12/30/2022,Fri,6:39:00 PM,3.23,98,H
12/31/2022,Sat,12:47:00 AM,0.22,7,L
12/31/2022,Sat,7:15:00 AM,3.58,109,H
12/31/2022,Sat,2:18:00 PM,0.4,12,L
12/31/2022,Sat,7:37:00 PM,3,91,H
