STUDY_ID,EVENT_ID,STAT_ID,PROF_DATE_TIME_LOCAL,SAMPLE_DEPTH_CODE,ORDERED_DEPTH_CODE,SAMPLE_ID,DEPTH (m),SAMPLE_DEPTH_TOP,SAMPLE_DEPTH_BOTTOM,CONDTVY (mS/cm),DISS_OXYGEN (mg/L),PCT_SAT (PCT),FLUORESCENCE (ug/L),FLU_RAW (ug/L),SAL (PSU),SIGMA_T (),TEMP (C),TRANS (m-1),pH (),LATITUDE,LONGITUDE
BWQM,WN225,F23,6/28/2022 6:13,A,A,WN22502E,1.46,0.52,1.52,40.35,7.673,95.78,1.0,2.921,31.13,22.56,16.92,1.831,7.997,42.3391667,-70.942
BWQM,WN225,F23,6/28/2022 6:13,B,B,WN22502D,7.93,6.99,7.99,39.85,7.594,93.33,0.85,2.505,31.37,22.94,16.06,1.487,7.984,42.3391667,-70.942
BWQM,WN225,F23,6/28/2022 6:13,C,C,WN22502C,11.64,10.71,11.71,39.48,7.673,93.45,0.86,2.53,31.4,23.07,15.59,1.605,7.984,42.3391667,-70.942
BWQM,WN225,F23,6/28/2022 6:13,D,D,WN22502B,18.79,17.79,18.79,39.05,7.73,93.14,0.8,2.386,31.46,23.23,15.04,1.611,7.978,42.3391667,-70.942
BWQM,WN225,F23,6/28/2022 6:13,E,E,WN22502A,26.01,25.05,26.05,37.26,7.878,90.74,0.64,1.971,31.65,23.83,12.8,1.772,7.973,42.3391667,-70.942
BWQM,WN225,N01,6/28/2022 6:48,A,A,WN22503C,1.48,0.4,1.4,40.02,8.548,105.5,0.8,2.376,31.37,22.9,16.25,1.444,8.115,42.4193333,-70.8645
BWQM,WN225,N01,6/28/2022 6:48,B,B,WN22503B,4.2,3.14,4.14,39.85,8.67,106.5,1.67,4.671,31.41,22.98,16.01,1.452,8.097,42.4193333,-70.8645
BWQM,WN225,N01,6/28/2022 6:48,C,C,WN22503A,10.33,9.25,10.25,36.75,9.66,109.8,1.94,5.396,31.72,24.01,12.15,1.26,8.096,42.4193333,-70.8645
BWQM,WN225,N01,6/28/2022 6:48,D,D,WN225039,20.82,19.87,20.87,34.18,8.81,93.53,0.99,2.89,31.91,24.7,8.983,0.7757,7.961,42.4193333,-70.8645
BWQM,WN225,N01,6/28/2022 6:48,E,E,WN225038,28.49,27.56,28.56,33.96,8.503,89.65,0.36,1.229,31.96,24.79,8.664,0.7555,7.947,42.4193333,-70.8645
BWQM,WN225,N04,6/28/2022 7:25,A,A,WN22504A,1.55,0.46,1.46,41.2,8.526,107.7,0.44,1.442,31.44,22.68,17.45,1.042,8.199,42.4438333,-70.7365
BWQM,WN225,N04,6/28/2022 7:25,B,B,WN225049,8.89,7.9,8.9,38.83,9.327,111.9,1.24,3.543,31.43,23.25,14.85,1.057,8.174,42.4438333,-70.7365
BWQM,WN225,N04,6/28/2022 7:25,C,C,WN225048,18.33,17.24,18.24,35.13,10.04,109.3,1.25,3.565,31.88,24.5,10.12,0.7769,8.108,42.4438333,-70.7365
BWQM,WN225,N04,6/28/2022 7:25,D,D,WN225047,32.45,31.34,32.34,33.16,8.899,91.68,0.33,1.148,32.07,25.02,7.623,0.5488,7.965,42.4438333,-70.7365
BWQM,WN225,N04,6/28/2022 7:25,E,E,WN225046,46.09,44.96,45.96,32.9,8.673,88.58,0.16,0.696,32.16,25.15,7.221,0.6751,7.939,42.4438333,-70.7365
BWQM,WN225,F22,6/28/2022 8:05,A,A,WN225058,2.05,1.13,2.13,40.29,8.886,110.1,0.68,2.078,31.43,22.9,16.47,1.312,8.203,42.4798333,-70.6176667
BWQM,WN225,F22,6/28/2022 8:05,C,B,WN225057,12.79,11.69,12.69,35.6,9.11,100.6,1.5,4.237,31.74,24.27,10.82,0.9553,8.072,42.4798333,-70.6176667
BWQM,WN225,F22,6/28/2022 8:05,B,C,WN225056,36.16,35.01,36.01,33.86,8.484,89.29,0.24,0.9144,31.93,24.78,8.592,0.5669,7.959,42.4798333,-70.6176667
BWQM,WN225,F22,6/28/2022 8:05,D,D,WN225055,55.26,54.18,55.18,32.83,8.74,88.96,0.08,0.4897,32.24,25.24,7.055,0.5312,7.963,42.4798333,-70.6176667
BWQM,WN225,F22,6/28/2022 8:05,E,E,WN225054,76.43,75.31,76.31,32.52,7.865,79.15,0.04,0.3787,32.37,25.41,6.527,1.644,7.882,42.4798333,-70.6176667
BWQM,WN225,N21,6/28/2022 8:54,A,A,WN225069,1.99,1.07,2.07,41.34,8.499,107.7,0.17,0.729,31.46,22.66,17.58,0.9877,8.189,42.3878333,-70.7853333
BWQM,WN225,N21,6/28/2022 8:54,B,B,WN225068,8.94,7.9,8.9,36.46,9.392,106.2,1.14,3.292,31.62,23.97,11.95,0.8405,8.102,42.3878333,-70.7853333
BWQM,WN225,N21,6/28/2022 8:54,C,C,WN225067,14.26,13.21,14.21,35.03,9.114,99.41,1.25,3.559,31.64,24.28,10.27,1.008,7.997,42.3878333,-70.7853333
BWQM,WN225,N21,6/28/2022 8:54,D,D,WN225066,24.22,23.04,24.04,33.64,8.722,91.48,0.35,1.195,31.8,24.7,8.478,1.231,7.924,42.3878333,-70.7853333
BWQM,WN225,N21,6/28/2022 8:54,E,E,WN225065,32.08,31.16,32.16,33.58,8.688,90.7,0.24,0.9006,31.96,24.85,8.23,0.6489,7.946,42.3878333,-70.7853333
BWQM,WN225,N18,6/28/2022 9:17,A,A,WN225076,2.01,1.07,2.07,41.17,8.585,108.4,0.36,1.225,31.47,22.71,17.39,1.067,8.191,42.3658333,-70.7776667
BWQM,WN225,N18,6/28/2022 9:17,B,B,WN225075,9.68,8.7,9.7,37.31,9.542,110.0,1.26,3.596,31.66,23.84,12.85,1.188,8.148,42.3658333,-70.7776667
BWQM,WN225,N18,6/28/2022 9:17,C,C,WN225074,16.66,15.72,16.72,35.52,9.513,104.8,1.63,4.577,31.77,24.32,10.68,0.8761,8.084,42.3658333,-70.7776667
BWQM,WN225,N18,6/28/2022 9:17,D,D,WN225073,20.62,19.74,20.74,33.94,8.841,93.42,0.59,1.84,31.84,24.68,8.794,0.6976,7.961,42.3658333,-70.7776667
BWQM,WN225,N18,6/28/2022 9:17,E,E,WN225072,24.3,23.28,24.28,33.92,8.786,92.76,0.48,1.537,31.85,24.69,8.755,0.6722,7.957,42.3658333,-70.7776667
BWQM,WN225,N07,6/28/2022 9:42,A,A,WN225084,2.04,1.01,2.01,41.44,8.31,105.7,0.19,0.7748,31.4,22.57,17.78,0.764,8.224,42.3563333,-70.7061667
BWQM,WN225,N07,6/28/2022 9:42,B,B,WN225083,11.72,10.59,11.59,39.34,9.076,110.0,0.89,2.619,31.51,23.22,15.31,0.8897,8.196,42.3563333,-70.7061667
BWQM,WN225,N07,6/28/2022 9:42,C,C,WN225082,19.97,18.95,19.95,34.88,9.861,106.6,1.9,5.288,31.9,24.56,9.803,0.7737,8.109,42.3563333,-70.7061667
BWQM,WN225,N07,6/28/2022 9:42,D,D,WN225081,33.24,32.08,33.08,33.09,8.441,86.77,0.13,0.6326,32.1,25.06,7.518,0.6062,7.933,42.3563333,-70.7061667
BWQM,WN225,N07,6/28/2022 9:42,E,E,WN225080,45.95,44.9,45.9,33.1,8.421,86.56,0.13,0.6278,32.1,25.07,7.519,0.6823,7.929,42.3563333,-70.7061667
BWQM,WN225,F15,6/28/2022 10:10,A,A,WN225092,2.13,1.07,2.07,41.57,8.426,107.3,0.27,0.9947,31.46,22.6,17.84,0.9519,8.206,42.3155,-70.7276667
BWQM,WN225,F15,6/28/2022 10:10,B,B,WN225091,10.84,9.86,10.86,38.24,9.414,111.0,1.39,3.95,31.65,23.62,13.9,1.096,8.161,42.3155,-70.7276667
BWQM,WN225,F15,6/28/2022 10:10,C,C,WN225090,20.65,19.62,20.62,34.5,9.139,97.86,1.45,4.084,31.9,24.63,9.372,0.8372,8.028,42.3155,-70.7276667
BWQM,WN225,F15,6/28/2022 10:10,D,D,WN22508F,27.76,26.7,27.7,33.62,8.646,90.32,0.34,1.173,31.99,24.87,8.248,0.574,7.964,42.3155,-70.7276667
BWQM,WN225,F15,6/28/2022 10:10,E,E,WN22508E,36.22,35.25,36.25,33.38,8.358,86.7,0.22,0.8536,32.02,24.95,7.934,0.6512,7.939,42.3155,-70.7276667
BWQM,WN225,F10,6/28/2022 10:43,A,A,WN2250A0,2.04,1.01,2.01,41.43,8.501,107.9,0.29,1.03,31.46,22.64,17.69,1.015,8.218,42.2423333,-70.6373333
BWQM,WN225,F10,6/28/2022 10:43,C,B,WN22509F,10.0,9.0,10.0,37.98,9.069,106.2,1.92,5.338,31.67,23.7,13.59,1.361,8.116,42.2423333,-70.6373333
BWQM,WN225,F10,6/28/2022 10:43,B,C,WN22509E,19.56,18.65,19.65,35.02,8.238,89.46,0.42,1.378,31.86,24.5,10.01,0.6899,7.98,42.2423333,-70.6373333
BWQM,WN225,F10,6/28/2022 10:43,D,D,WN22509D,28.15,27.19,28.19,34.11,8.1,85.81,0.23,0.8932,31.94,24.74,8.878,0.6022,7.94,42.2423333,-70.6373333
BWQM,WN225,F10,6/28/2022 10:43,E,E,WN22509C,33.4,32.32,33.32,33.68,8.144,85.21,0.19,0.7867,31.98,24.86,8.32,0.6157,7.935,42.2423333,-70.6373333
BWQM,WN225,F06,6/28/2022 11:14,A,A,WN2250AE,2.04,0.94,1.94,40.04,8.986,110.6,0.37,1.244,31.51,23.05,16.08,1.326,8.182,42.1706667,-70.5766667
BWQM,WN225,F06,6/28/2022 11:14,C,B,WN2250AD,7.51,6.56,7.56,36.73,8.934,101.5,1.47,4.151,31.71,24.01,12.13,1.235,8.08,42.1706667,-70.5766667
BWQM,WN225,F06,6/28/2022 11:14,B,C,WN2250AC,14.77,13.7,14.7,35.11,8.623,93.9,1.01,2.936,31.84,24.46,10.14,0.8536,8.005,42.1706667,-70.5766667
BWQM,WN225,F06,6/28/2022 11:14,D,D,WN2250AB,22.56,21.51,22.51,34.36,8.446,90.12,0.54,1.693,31.9,24.66,9.208,0.6938,7.965,42.1706667,-70.5766667
BWQM,WN225,F06,6/28/2022 11:14,E,E,WN2250AA,32.22,31.1,32.1,33.75,8.392,87.97,0.3,1.065,31.98,24.85,8.403,0.6718,7.955,42.1706667,-70.5766667
BWQM,WN225,F05,6/28/2022 11:41,A,A,WN2250BD,2.08,1.13,2.13,39.54,9.103,110.6,0.37,1.262,31.61,23.27,15.42,1.337,8.15,42.1386667,-70.65
BWQM,WN225,F05,6/28/2022 11:41,10,B,WN2250BC,9.79,8.57,9.57,36.65,8.47,96.0,1.72,4.794,31.73,24.04,12.02,1.383,8.048,42.1386667,-70.65
BWQM,WN225,F05,6/28/2022 11:41,E,E,WN2250BB,17.52,16.63,17.63,35.11,7.903,85.97,0.49,1.581,31.88,24.5,10.09,0.7555,7.97,42.1386667,-70.65
BWQM,WN225,F13,6/28/2022 12:22,A,A,WN2250CC,2.08,1.07,2.07,41.15,8.907,112.5,0.46,1.487,31.41,22.66,17.44,1.222,8.203,42.2683333,-70.735
BWQM,WN225,F13,6/28/2022 12:22,B,B,WN2250CB,5.04,4.06,5.06,40.05,9.103,112.2,0.93,2.715,31.43,22.96,16.2,1.436,8.172,42.2683333,-70.735
BWQM,WN225,F13,6/28/2022 12:22,C,C,WN2250CA,9.29,8.39,9.39,39.2,9.327,112.5,2.55,6.984,31.61,23.35,15.03,1.498,8.141,42.2683333,-70.735
BWQM,WN225,F13,6/28/2022 12:22,D,D,WN2250C9,16.43,15.47,16.47,35.45,7.737,85.03,0.51,1.611,31.79,24.35,10.58,0.8174,7.933,42.2683333,-70.735
BWQM,WN225,F13,6/28/2022 12:22,E,E,WN2250C8,23.73,22.67,23.67,34.26,7.956,84.67,0.37,1.254,31.88,24.66,9.104,0.668,7.936,42.2683333,-70.735
BWQM,WN225,N10,6/28/2022 12:53,A,A,WN2250DA,2.12,1.07,2.07,40.79,8.872,111.2,0.5,1.586,31.42,22.76,17.03,1.357,8.183,42.3315,-70.834
BWQM,WN225,N10,6/28/2022 12:53,10,B,WN2250D9,10.04,9.12,10.12,37.53,8.231,95.4,1.21,3.473,31.66,23.79,13.1,1.109,8.023,42.3315,-70.834
BWQM,WN225,N10,6/28/2022 12:53,E,E,WN2250D8,23.24,22.37,23.37,34.01,8.48,89.52,0.43,1.406,31.98,24.79,8.718,0.8662,7.99,42.3315,-70.834
ARRS,AF221,AF1,7/6/2022 9:02,A,A,AF221026,1.48,0.58,1.58,39.7,9.045,110.3,1.308,1.067,31.59,23.21,15.62,0.9739,8.116,42.02788,-70.55467
ARRS,AF221,AF1,7/6/2022 9:02,10,10,AF221025,10.21,9.24,10.24,34.85,9.484,102.5,2.049,3.428,31.91,24.58,9.762,0.8958,8.022,42.02788,-70.55467
ARRS,AF221,AF1,7/6/2022 9:02,20,20,AF221024,20.43,19.48,20.48,33.76,8.453,88.62,0.754,1.654,32.0,24.86,8.406,0.6456,7.905,42.02788,-70.55467
ARRS,AF221,AF1,7/6/2022 9:02,E,E,AF221023,24.86,23.93,24.93,33.53,8.231,85.71,0.2968,1.033,32.03,24.93,8.099,0.6844,7.883,42.02788,-70.55467
ARRS,AF221,F05,7/6/2022 9:40,A,A,AF221031,1.44,0.52,1.52,38.82,8.711,104.0,1.563,1.294,31.7,23.53,14.5,0.9532,8.073,42.1386667,-70.65
ARRS,AF221,F05,7/6/2022 9:40,10,10,AF221030,10.17,9.24,10.24,35.41,7.975,87.47,0.8607,1.799,31.85,24.42,10.47,0.7365,7.931,42.1386667,-70.65
ARRS,AF221,F05,7/6/2022 9:40,E,E,AF22102F,16.03,15.16,16.16,35.37,8.022,87.88,0.9405,1.908,31.86,24.43,10.41,0.6916,7.95,42.1386667,-70.65
ARRS,AF221,AF4,7/6/2022 10:06,A,A,AF22103C,1.59,0.71,1.71,37.62,8.142,94.48,1.616,1.58,31.72,23.83,13.13,1.02,7.999,42.21997,-70.69553
ARRS,AF221,AF4,7/6/2022 10:06,10,10,AF22103B,10.32,9.36,10.36,36.0,7.977,88.86,1.208,2.273,31.81,24.26,11.19,0.7479,7.951,42.21997,-70.69553
ARRS,AF221,AF4,7/6/2022 10:06,E,E,AF22103A,18.56,17.65,18.65,34.91,8.084,87.48,0.4556,1.248,31.9,24.56,9.846,0.6787,7.947,42.21997,-70.69553
ARRS,AF221,F13,7/6/2022 10:25,A,A,AF221048,1.67,0.77,1.77,40.53,8.613,107.0,1.667,1.605,31.59,23.01,16.53,1.264,8.086,42.2683333,-70.735
ARRS,AF221,F13,7/6/2022 10:25,10,10,AF221047,10.05,9.12,10.12,35.83,8.249,91.53,1.726,2.983,31.81,24.29,11.01,0.7891,7.967,42.2683333,-70.735
ARRS,AF221,F13,7/6/2022 10:25,20,20,AF221046,19.9,19.06,20.06,34.72,7.845,84.51,0.4328,1.217,31.89,24.58,9.642,0.7137,7.912,42.2683333,-70.735
ARRS,AF221,F13,7/6/2022 10:25,E,E,AF221045,23.19,22.29,23.29,34.57,7.823,83.91,0.3814,1.147,31.9,24.62,9.444,0.7253,7.917,42.2683333,-70.735
ARRS,AF221,F15,7/6/2022 10:46,A,A,AF221057,1.55,0.65,1.65,39.29,8.885,107.3,3.522,3.876,31.63,23.36,15.1,1.524,8.061,42.3155,-70.7276667
ARRS,AF221,F15,7/6/2022 10:46,10,10,AF221056,10.43,9.61,10.61,35.71,9.126,101.0,2.587,4.169,31.75,24.26,10.93,1.002,8.037,42.3155,-70.7276667
ARRS,AF221,F15,7/6/2022 10:46,20,20,AF221055,19.92,19.12,20.12,34.38,8.622,92.13,1.861,3.169,31.85,24.6,9.293,0.6868,7.971,42.3155,-70.7276667
ARRS,AF221,F15,7/6/2022 10:46,E,E,AF221054,33.53,32.65,33.65,33.26,8.04,83.08,0.0872,0.7488,32.05,24.99,7.759,0.9367,7.901,42.3155,-70.7276667
ARRS,AF221,N07,7/6/2022 11:03,A,A,AF221063,1.4,0.46,1.46,40.89,8.71,109.1,1.326,1.154,31.56,22.89,16.96,1.082,8.126,42.3563333,-70.7061667
ARRS,AF221,N07,7/6/2022 11:03,10,10,AF221062,10.73,9.97,10.97,37.77,9.253,107.9,2.797,4.458,31.66,23.73,13.37,1.317,8.091,42.3563333,-70.7061667
ARRS,AF221,N07,7/6/2022 11:03,20,20,AF221061,20.09,19.36,20.36,34.63,8.749,94.1,2.667,4.279,31.84,24.55,9.587,0.7542,7.987,42.3563333,-70.7061667
ARRS,AF221,N07,7/6/2022 11:03,E,E,AF221060,43.17,42.41,43.41,33.09,8.209,84.37,0.0717,0.7279,32.1,25.07,7.51,0.7126,7.911,42.3563333,-70.7061667
ARRS,AF221,N18,7/6/2022 11:24,A,A,AF221071,1.57,0.71,1.71,40.57,8.812,109.6,1.59,1.397,31.57,22.97,16.6,1.284,8.111,42.3658333,-70.7776667
ARRS,AF221,N18,7/6/2022 11:24,10,10,AF221070,10.65,9.85,10.85,34.87,7.752,83.89,1.117,2.149,31.85,24.52,9.854,0.7465,7.903,42.3658333,-70.7776667
ARRS,AF221,N18,7/6/2022 11:24,E,E,AF22106F,24.05,23.14,24.14,33.82,8.113,85.26,0.2572,0.979,31.96,24.81,8.52,0.5645,7.928,42.3658333,-70.7776667
ARRS,AF221,N10,7/6/2022 11:42,A,A,AF22107C,1.48,0.52,1.52,39.05,9.001,108.1,1.996,1.819,31.63,23.41,14.84,1.43,8.075,42.3315,-70.834
ARRS,AF221,N10,7/6/2022 11:42,10,10,AF22107B,10.7,9.79,10.79,36.22,8.168,91.5,2.133,3.543,31.8,24.2,11.46,1.13,7.967,42.3315,-70.834
ARRS,AF221,N10,7/6/2022 11:42,E,E,AF22107A,20.92,20.03,21.03,33.92,8.017,84.46,0.3984,1.17,31.96,24.8,8.632,0.7931,7.926,42.3315,-70.834
ARRS,AF221,F23,7/6/2022 12:08,A,A,AF22108B,1.61,0.58,1.58,39.58,8.045,97.98,2.223,2.793,31.52,23.17,15.56,1.77,8.001,42.3391667,-70.942
ARRS,AF221,F23,7/6/2022 12:08,10,10,AF22108A,10.41,9.49,10.49,37.74,7.921,92.24,2.12,3.524,31.68,23.76,13.32,1.433,7.97,42.3391667,-70.942
ARRS,AF221,F23,7/6/2022 12:08,20,20,AF221089,20.13,19.18,20.18,36.97,8.122,92.77,1.582,2.785,31.72,23.97,12.39,1.521,7.979,42.3391667,-70.942
ARRS,AF221,F23,7/6/2022 12:08,E,E,AF221088,23.95,23.02,24.02,36.41,8.119,91.45,1.33,2.44,31.75,24.12,11.72,1.634,7.978,42.3391667,-70.942
ARRS,AF221,N01,7/6/2022 12:36,A,A,AF221099,1.66,0.58,1.58,39.15,9.184,110.5,1.6,1.279,31.66,23.42,14.91,1.075,8.108,42.4193333,-70.8645
ARRS,AF221,N01,7/6/2022 12:36,10,10,AF221098,10.97,9.91,10.91,35.38,9.647,105.8,2.518,4.073,31.83,24.4,10.46,1.057,8.081,42.4193333,-70.8645
ARRS,AF221,N01,7/6/2022 12:36,20,20,AF221097,20.52,19.61,20.61,34.16,8.525,90.42,1.057,2.067,31.93,24.72,8.94,0.6238,7.966,42.4193333,-70.8645
ARRS,AF221,N01,7/6/2022 12:36,E,E,AF221096,29.26,28.51,29.51,33.75,8.069,84.59,0.4531,1.245,31.98,24.85,8.406,0.7671,7.922,42.4193333,-70.8645
ARRS,AF221,N04,7/6/2022 13:06,A,A,AF2210A8,1.62,0.4,1.4,39.95,9.247,113.4,1.219,0.9325,31.61,23.17,15.87,1.133,8.153,42.4438333,-70.7365
ARRS,AF221,N04,7/6/2022 13:06,10,10,AF2210A7,11.39,10.28,11.28,34.98,9.805,106.4,2.155,3.573,31.87,24.51,9.967,0.9733,8.104,42.4438333,-70.7365
ARRS,AF221,N04,7/6/2022 13:06,20,20,AF2210A6,21.15,20.09,21.09,33.6,9.081,94.83,1.521,2.703,31.98,24.87,8.233,0.5791,8.012,42.4438333,-70.7365
ARRS,AF221,N04,7/6/2022 13:06,E,E,AF2210A5,45.66,44.66,45.66,33.01,8.275,84.86,0.1037,0.7712,32.09,25.07,7.418,0.6504,7.924,42.4438333,-70.7365
ARRS,AF221,F22,7/6/2022 13:38,A,A,AF2210B4,1.63,0.77,1.77,41.15,8.834,111.3,1.11,0.8229,31.54,22.8,17.28,1.064,8.175,42.4798333,-70.6176667
ARRS,AF221,F22,7/6/2022 13:38,10,10,AF2210B3,11.46,10.22,11.22,37.4,9.42,108.8,1.936,3.191,31.66,23.82,12.95,1.177,8.124,42.4798333,-70.6176667
ARRS,AF221,F22,7/6/2022 13:38,20,20,AF2210B2,20.89,20.03,21.03,34.7,9.157,98.63,3.467,5.386,31.86,24.56,9.647,0.913,8.042,42.4798333,-70.6176667
ARRS,AF221,F22,7/6/2022 13:38,E,E,AF2210B1,77.1,76.12,77.12,32.54,7.742,78.0,-0.1109,0.4814,32.35,25.38,6.587,1.632,7.869,42.4798333,-70.6176667
ARRS,AF221,AF6,7/6/2022 14:15,A,A,AF2210C0,1.9,0.83,1.83,42.13,8.59,110.6,1.102,0.886,31.5,22.5,18.4,0.9723,8.188,42.40335,-70.50163
ARRS,AF221,AF6,7/6/2022 14:15,10,10,AF2210BF,11.34,10.58,11.58,39.01,9.432,112.8,1.266,2.097,31.78,23.58,14.6,0.8871,8.186,42.40335,-70.50163
ARRS,AF221,AF6,7/6/2022 14:15,20,20,AF2210BE,20.85,20.03,21.03,34.8,9.345,100.4,2.728,4.363,32.1,24.77,9.484,0.8556,8.073,42.40335,-70.50163
ARRS,AF221,AF6,7/6/2022 14:15,E,E,AF2210BD,89.24,88.2,89.2,32.2,7.233,72.02,-0.1394,0.443,32.47,25.55,6.057,2.662,7.832,42.40335,-70.50163
ARRS,AF221,F17,7/6/2022 14:42,A,A,AF2210C9,1.93,0.95,1.95,42.41,8.613,111.5,0.7808,0.9721,31.53,22.45,18.67,1.032,8.202,42.3458333,-70.5705
ARRS,AF221,F17,7/6/2022 14:42,10,10,AF2210C8,11.56,10.52,11.52,38.52,9.672,114.8,1.927,3.259,31.6,23.51,14.28,1.203,8.176,42.3458333,-70.5705
ARRS,AF221,F17,7/6/2022 14:42,20,20,AF2210C7,20.19,18.94,19.94,34.55,9.747,104.4,1.786,3.066,31.94,24.67,9.382,0.7097,8.101,42.3458333,-70.5705
ARRS,AF221,F17,7/6/2022 14:42,E,E,AF2210C6,69.73,68.81,69.81,32.4,7.453,74.7,-0.0012,0.6295,32.42,25.48,6.345,2.386,7.856,42.3458333,-70.5705
ARRS,AF221,F10,7/6/2022 15:18,A,A,AF2210D5,1.76,0.71,1.71,41.25,8.768,110.7,1.11,0.9233,31.55,22.78,17.37,1.013,8.173,42.2423333,-70.6373333
ARRS,AF221,F10,7/6/2022 15:18,10,10,AF2210D4,10.97,9.85,10.85,38.86,9.406,112.5,2.019,3.386,31.61,23.43,14.65,1.138,8.154,42.2423333,-70.6373333
ARRS,AF221,F10,7/6/2022 15:18,20,20,AF2210D3,20.28,19.24,20.24,36.26,9.55,107.2,3.045,4.802,31.74,24.14,11.57,1.177,8.094,42.2423333,-70.6373333
ARRS,AF221,F10,7/6/2022 15:18,E,E,AF2210D2,33.91,33.51,34.51,34.08,8.873,93.89,0.7264,1.616,31.95,24.76,8.823,0.6104,8.005,42.2423333,-70.6373333
ARRS,AF221,F06,7/6/2022 15:45,A,A,AF2210E1,1.7,1.01,2.01,42.08,8.641,111.1,1.286,1.163,31.51,22.52,18.33,1.041,8.176,42.1706667,-70.5766667
ARRS,AF221,F06,7/6/2022 15:45,10,10,AF2210E0,10.36,9.55,10.55,38.36,9.423,111.3,2.482,4.024,31.68,23.62,14.01,1.083,8.15,42.1706667,-70.5766667
ARRS,AF221,F06,7/6/2022 15:45,20,20,AF2210DF,20.84,19.91,20.91,33.93,8.471,89.18,0.6106,1.459,32.01,24.84,8.584,0.5958,7.953,42.1706667,-70.5766667
ARRS,AF221,F06,7/6/2022 15:45,E,E,AF2210DE,30.15,29.06,30.06,33.42,8.519,88.34,0.3598,1.118,32.1,25.01,7.897,0.769,7.955,42.1706667,-70.5766667
ARRS,AF221,AF2,7/6/2022 16:10,A,A,AF2210ED,1.98,0.77,1.77,41.9,8.706,111.4,1.059,1.023,31.56,22.62,18.07,0.9434,8.202,42.09879,-70.52724
ARRS,AF221,AF2,7/6/2022 16:10,10,10,AF2210EC,9.69,8.88,9.88,41.38,8.806,111.5,0.9299,1.862,31.57,22.77,17.49,0.9414,8.191,42.09879,-70.52724
ARRS,AF221,AF2,7/6/2022 16:10,20,20,AF2210EB,21.01,20.03,21.03,35.48,9.599,105.3,2.245,3.697,31.96,24.51,10.42,0.8396,8.112,42.09879,-70.52724
ARRS,AF221,AF2,7/6/2022 16:10,E,E,AF2210EA,39.32,38.44,39.44,33.29,8.301,85.76,0.3503,1.105,32.1,25.04,7.738,0.7331,7.936,42.09879,-70.52724
ARRS,AF222,AF1,7/13/2022 6:44,A,A,AF222021,1.49,0.5,1.5,41.54,8.306,105.2,0.8497,0.7724,31.69,22.86,17.5,0.8012,8.095,42.02788,-70.55467
ARRS,AF222,AF1,7/13/2022 6:44,10,10,AF222020,10.18,9.17,10.17,36.55,9.241,104.2,2.366,3.193,31.88,24.21,11.74,0.9642,8.029,42.02788,-70.55467
ARRS,AF222,AF1,7/13/2022 6:44,20,20,AF22201F,19.83,18.75,19.75,33.57,8.567,89.28,0.6616,1.332,32.05,24.94,8.123,0.6345,7.922,42.02788,-70.55467
ARRS,AF222,AF1,7/13/2022 6:44,E,E,AF22201E,24.92,23.88,24.88,33.51,8.544,88.86,0.4985,1.148,32.07,24.97,8.036,0.6201,7.937,42.02788,-70.55467
ARRS,AF222,F05,7/13/2022 7:23,A,A,AF22202C,1.64,0.56,1.56,37.65,8.941,103.7,0.9923,1.204,31.77,23.87,13.11,0.9688,8.07,42.1386667,-70.65
ARRS,AF222,F05,7/13/2022 7:23,10,10,AF22202B,10.37,9.35,10.35,36.18,8.969,100.3,2.471,3.305,31.86,24.27,11.34,0.9468,8.029,42.1386667,-70.65
ARRS,AF222,F05,7/13/2022 7:23,E,E,AF22202A,17.65,16.68,17.68,34.41,8.625,92.04,1.129,1.852,31.95,24.7,9.202,0.6455,7.963,42.1386667,-70.65
ARRS,AF222,AF4,7/13/2022 7:48,A,A,AF222037,1.6,0.69,1.69,37.1,8.513,97.38,0.9241,1.061,31.82,24.04,12.43,0.8706,7.999,42.21997,-70.69553
ARRS,AF222,AF4,7/13/2022 7:48,10,10,AF222036,10.44,9.23,10.23,35.51,8.299,91.18,1.347,2.091,31.9,24.45,10.53,0.7825,7.96,42.21997,-70.69553
ARRS,AF222,AF4,7/13/2022 7:48,E,E,AF222035,21.52,20.64,21.64,35.0,8.331,90.29,0.8731,1.568,31.93,24.57,9.903,0.7004,7.962,42.21997,-70.69553
ARRS,AF222,F13,7/13/2022 8:08,A,A,AF22204C,1.67,0.69,1.69,39.59,8.719,105.8,1.234,0.9907,31.72,23.37,15.34,1.007,8.056,42.2683333,-70.735
ARRS,AF222,F13,7/13/2022 8:08,10,10,AF22204B,10.4,9.47,10.47,35.89,7.649,84.9,0.6716,1.343,31.86,24.33,11.01,0.7437,7.907,42.2683333,-70.735
ARRS,AF222,F13,7/13/2022 8:08,20,20,AF22204A,20.02,18.87,19.87,34.32,7.553,80.46,0.2887,0.9098,31.93,24.69,9.131,0.7529,7.876,42.2683333,-70.735
ARRS,AF222,F13,7/13/2022 8:08,E,E,AF222049,23.69,22.6,23.6,33.85,7.737,81.33,0.2108,0.8209,31.98,24.83,8.528,0.7179,7.893,42.2683333,-70.735
ARRS,AF222,F15,7/13/2022 8:38,A,A,AF222058,1.71,0.69,1.69,41.57,8.493,107.9,0.7617,0.5021,31.6,22.75,17.65,0.8471,8.125,42.3155,-70.7276667
ARRS,AF222,F15,7/13/2022 8:38,10,10,AF222057,10.36,9.23,10.23,36.01,9.838,109.5,1.758,2.539,31.86,24.31,11.14,0.8921,8.09,42.3155,-70.7276667
ARRS,AF222,F15,7/13/2022 8:38,20,20,AF222056,20.25,19.06,20.06,33.4,8.432,87.54,0.9672,1.673,32.01,24.93,7.972,0.5985,7.927,42.3155,-70.7276667
ARRS,AF222,F15,7/13/2022 8:38,E,E,AF222055,37.25,36.4,37.4,32.96,8.281,84.78,0.1252,0.7227,32.12,25.11,7.34,0.7881,7.909,42.3155,-70.7276667
ARRS,AF222,N07,7/13/2022 9:00,A,A,AF222064,1.63,0.56,1.56,40.97,8.656,108.4,1.031,0.7514,31.66,22.98,16.92,0.8511,8.114,42.3563333,-70.7061667
ARRS,AF222,N07,7/13/2022 9:00,10,10,AF222063,10.38,9.23,10.23,37.79,9.614,112.0,1.018,1.525,31.74,23.8,13.3,0.8646,8.102,42.3563333,-70.7061667
ARRS,AF222,N07,7/13/2022 9:00,20,20,AF222062,20.17,19.3,20.3,33.23,8.903,92.04,2.108,2.917,31.99,24.94,7.796,0.622,7.964,42.3563333,-70.7061667
ARRS,AF222,N07,7/13/2022 9:00,E,E,AF222061,48.64,47.75,48.75,32.85,8.29,84.59,-0.1414,0.4143,32.13,25.14,7.189,0.8476,7.906,42.3563333,-70.7061667
ARRS,AF222,N18,7/13/2022 9:22,A,A,AF222070,1.82,0.87,1.87,41.15,8.644,108.6,0.9507,0.6513,31.67,22.94,17.1,0.8717,8.112,42.3658333,-70.7776667
ARRS,AF222,N18,7/13/2022 9:22,10,10,AF22206F,10.1,9.17,10.17,36.66,9.575,108.4,1.48,2.022,31.79,24.11,11.96,0.8935,8.088,42.3658333,-70.7776667
ARRS,AF222,N18,7/13/2022 9:22,20,20,AF22206E,19.89,18.81,19.81,33.64,8.85,92.52,2.327,3.152,31.98,24.86,8.286,0.6794,7.975,42.3658333,-70.7776667
ARRS,AF222,N18,7/13/2022 9:22,E,E,AF22206D,23.19,22.11,23.11,33.53,8.784,91.54,1.467,2.223,32.0,24.9,8.14,0.6621,7.981,42.3658333,-70.7776667
ARRS,AF222,N10,7/13/2022 9:47,A,A,AF22207B,1.8,0.93,1.93,39.84,8.645,105.5,1.672,1.223,31.71,23.3,15.62,1.253,8.066,42.3315,-70.834
ARRS,AF222,N10,7/13/2022 9:47,10,10,AF22207A,10.29,9.17,10.17,35.57,7.851,86.48,0.6961,1.37,31.85,24.38,10.66,0.9311,7.904,42.3315,-70.834
ARRS,AF222,N10,7/13/2022 9:47,E,E,AF222079,23.61,22.6,23.6,33.69,7.94,83.17,0.4154,1.054,31.96,24.83,8.375,0.7891,7.897,42.3315,-70.834
ARRS,AF222,F23,7/13/2022 10:12,A,A,AF222089,1.78,0.81,1.81,39.12,8.465,101.6,1.39,0.985,31.74,23.51,14.78,1.02,8.016,42.3391667,-70.942
ARRS,AF222,F23,7/13/2022 10:12,10,10,AF222088,10.49,9.47,10.47,36.94,7.96,90.72,1.42,2.172,31.81,24.07,12.25,1.225,7.948,42.3391667,-70.942
ARRS,AF222,F23,7/13/2022 10:12,20,20,AF222087,19.9,18.87,19.87,36.25,8.052,90.2,1.27,2.007,31.83,24.23,11.44,1.168,7.951,42.3391667,-70.942
ARRS,AF222,F23,7/13/2022 10:12,E,E,AF222086,27.46,26.44,27.44,35.46,8.035,88.17,0.9577,1.662,31.88,24.44,10.48,1.403,7.943,42.3391667,-70.942
ARRS,AF222,N01,7/13/2022 10:41,A,A,AF222095,1.66,0.62,1.62,39.61,8.797,106.8,1.376,0.9643,31.73,23.38,15.34,1.071,8.036,42.4193333,-70.8645
ARRS,AF222,N01,7/13/2022 10:41,10,10,AF222094,10.52,9.47,10.47,34.45,8.8,94.31,2.818,3.672,31.8,24.54,9.434,0.9735,7.955,42.4193333,-70.8645
ARRS,AF222,N01,7/13/2022 10:41,20,20,AF222093,20.05,18.94,19.94,33.46,8.002,83.21,0.1998,0.8082,32.01,24.92,8.045,0.7396,7.895,42.4193333,-70.8645
ARRS,AF222,N01,7/13/2022 10:41,E,E,AF222092,29.24,28.09,29.09,33.25,7.807,80.66,-0.0146,0.5615,32.05,25.0,7.748,0.9987,7.878,42.4193333,-70.8645
ARRS,AF222,N04,7/13/2022 11:12,A,A,AF2220A2,1.75,0.69,1.69,40.51,8.857,109.8,1.055,0.7012,31.68,23.11,16.39,0.9618,8.105,42.4438333,-70.7365
ARRS,AF222,N04,7/13/2022 11:12,10,10,AF2220A1,10.63,9.6,10.6,34.49,9.24,98.96,2.43,2.957,31.88,24.62,9.385,0.8313,8.027,42.4438333,-70.7365
ARRS,AF222,N04,7/13/2022 11:12,20,20,AF2220A0,20.12,19.12,20.12,34.05,8.617,91.17,3.325,4.206,31.92,24.73,8.829,0.6954,7.966,42.4438333,-70.7365
ARRS,AF222,N04,7/13/2022 11:12,E,E,AF22209F,47.7,46.65,47.65,33.01,8.246,84.56,-0.1126,0.4478,32.09,25.07,7.416,0.7834,7.914,42.4438333,-70.7365
ARRS,AF222,F22,7/13/2022 11:43,A,A,AF2220AF,1.74,0.81,1.81,40.12,8.891,109.2,0.9471,0.6077,31.71,23.23,15.93,0.7804,8.132,42.4798333,-70.6176667
ARRS,AF222,F22,7/13/2022 11:43,10,10,AF2220AE,10.47,9.54,10.54,36.1,10.16,113.4,0.7738,1.158,31.85,24.28,11.26,0.8162,8.159,42.4798333,-70.6176667
ARRS,AF222,F22,7/13/2022 11:43,20,20,AF2220AD,20.08,19.0,20.0,34.33,9.699,103.2,2.141,2.953,32.01,24.77,9.05,0.7746,8.086,42.4798333,-70.6176667
ARRS,AF222,F22,7/13/2022 11:43,E,E,AF2220AC,77.25,76.39,77.39,32.71,8.353,84.64,-0.2112,0.3328,32.28,25.3,6.853,1.263,7.928,42.4798333,-70.6176667
ARRS,AF222,AF9,7/13/2022 12:19,A,A,AF2220BB,1.9,0.87,1.87,37.7,9.243,107.3,1.288,0.8559,31.79,23.88,13.14,0.9077,8.111,42.58754,-70.60224
ARRS,AF222,AF9,7/13/2022 12:19,10,10,AF2220BA,10.52,9.47,10.47,34.5,9.131,97.77,1.899,2.375,31.9,24.64,9.366,0.731,8.026,42.58754,-70.60224
ARRS,AF222,AF9,7/13/2022 12:19,20,20,AF2220B9,20.38,19.55,20.55,33.48,8.788,91.51,1.49,2.248,31.97,24.88,8.113,0.5847,7.977,42.58754,-70.60224
ARRS,AF222,AF9,7/13/2022 12:19,E,E,AF2220B8,43.26,42.32,43.32,33.18,8.426,86.93,0.3207,0.9462,32.02,24.98,7.693,0.5952,7.937,42.58754,-70.60224
ARRS,AF222,AF8,7/13/2022 12:44,A,A,AF2220CA,1.88,0.81,1.81,40.12,8.913,109.5,0.6143,0.5374,31.71,23.23,15.92,0.7892,8.151,42.54019,-70.54553
ARRS,AF222,AF8,7/13/2022 12:44,10,10,AF2220C9,10.95,10.02,11.02,35.8,10.09,111.6,0.8484,1.405,31.93,24.42,10.82,0.8892,8.144,42.54019,-70.54553
ARRS,AF222,AF8,7/13/2022 12:44,20,20,AF2220C8,20.12,19.12,20.12,33.65,9.16,95.64,3.076,3.945,32.06,24.94,8.208,0.8719,8.018,42.54019,-70.54553
ARRS,AF222,AF8,7/13/2022 12:44,E,E,AF2220C7,55.84,54.77,55.77,32.75,8.459,85.9,-0.1453,0.4097,32.24,25.25,6.953,0.6725,7.931,42.54019,-70.54553
ARRS,AF222,AF6,7/13/2022 13:24,A,A,AF2220D6,1.89,0.81,1.81,41.76,8.527,108.6,0.827,0.5356,31.66,22.77,17.79,0.7938,8.174,42.40335,-70.50163
ARRS,AF222,AF6,7/13/2022 13:24,10,10,AF2220D5,11.16,10.33,11.33,35.68,9.464,104.1,2.31,3.014,32.06,24.57,10.54,0.9886,8.107,42.40335,-70.50163
ARRS,AF222,AF6,7/13/2022 13:24,20,20,AF2220D4,21.26,20.22,21.22,33.51,8.543,88.59,1.219,1.951,32.24,25.13,7.855,0.6571,7.979,42.40335,-70.50163
ARRS,AF222,AF6,7/13/2022 13:24,E,E,AF2220D3,87.79,86.72,87.72,32.29,7.247,72.37,-0.207,0.3377,32.44,25.51,6.188,1.825,7.823,42.40335,-70.50163
ARRS,AF222,F17,7/13/2022 13:53,A,A,AF2220E2,1.93,0.99,1.99,41.86,8.593,109.7,0.535,0.4728,31.66,22.74,17.9,0.7713,8.15,42.3458333,-70.5705
ARRS,AF222,F17,7/13/2022 13:53,10,10,AF2220E1,10.69,9.6,10.6,37.32,9.789,112.5,1.203,1.816,31.86,24.04,12.62,0.8641,8.154,42.3458333,-70.5705
ARRS,AF222,F17,7/13/2022 13:53,20,20,AF2220E0,20.17,19.12,20.12,33.4,9.101,94.33,1.928,2.724,32.1,25.01,7.877,0.5548,8.002,42.3458333,-70.5705
ARRS,AF222,F17,7/13/2022 13:53,E,E,AF2220DF,70.27,69.25,70.25,32.53,7.449,74.98,-0.2033,0.342,32.37,25.41,6.543,1.319,7.844,42.3458333,-70.5705
ARRS,AF222,F10,7/13/2022 14:30,A,A,AF2220EE,1.92,0.93,1.93,39.94,8.822,107.9,0.9364,0.8091,31.73,23.31,15.69,0.8291,8.078,42.2423333,-70.6373333
ARRS,AF222,F10,7/13/2022 14:30,10,10,AF2220ED,10.79,9.84,10.84,35.49,8.391,92.17,1.495,2.253,31.88,24.43,10.53,0.7661,7.966,42.2423333,-70.6373333
ARRS,AF222,F10,7/13/2022 14:30,20,20,AF2220EC,20.42,19.49,20.49,33.78,8.181,85.8,0.4273,1.067,32.0,24.86,8.418,0.5851,7.917,42.2423333,-70.6373333
ARRS,AF222,F10,7/13/2022 14:30,E,E,AF2220EB,27.6,26.57,27.57,33.47,8.023,83.41,0.0562,0.6432,32.04,24.95,8.026,0.6382,7.903,42.2423333,-70.6373333
ARRS,AF222,F06,7/13/2022 14:57,A,A,AF2220FA,1.97,0.99,1.99,39.02,9.075,108.7,0.7481,0.8679,31.76,23.55,14.65,0.8456,8.132,42.1706667,-70.5766667
ARRS,AF222,F06,7/13/2022 14:57,10,10,AF2220F9,10.73,9.78,10.78,37.1,9.018,103.1,4.871,5.799,31.83,24.05,12.42,1.214,8.076,42.1706667,-70.5766667
ARRS,AF222,F06,7/13/2022 14:57,20,20,AF2220F8,20.51,19.49,20.49,34.36,8.441,89.96,1.023,1.734,31.96,24.72,9.143,0.5866,7.96,42.1706667,-70.5766667
ARRS,AF222,F06,7/13/2022 14:57,E,E,AF2220F7,30.76,29.8,30.8,33.97,8.36,88.12,0.4894,1.138,32.0,24.82,8.644,0.5692,7.952,42.1706667,-70.5766667
ARRS,AF222,AF2,7/13/2022 15:23,A,A,AF222106,1.92,0.87,1.87,41.84,8.529,108.8,0.8515,0.8209,31.67,22.76,17.86,0.7689,8.132,42.09879,-70.52724
ARRS,AF222,AF2,7/13/2022 15:23,10,10,AF222105,10.81,9.84,10.84,34.61,8.642,92.73,2.105,2.913,31.94,24.65,9.45,0.8676,7.986,42.09879,-70.52724
ARRS,AF222,AF2,7/13/2022 15:23,20,20,AF222104,20.37,19.36,20.36,33.74,8.478,88.83,1.376,2.124,32.01,24.87,8.377,0.5839,7.945,42.09879,-70.52724
ARRS,AF222,AF2,7/13/2022 15:23,E,E,AF222103,35.7,34.69,35.69,33.2,8.395,86.53,0.2267,0.8389,32.1,25.05,7.632,0.6486,7.929,42.09879,-70.52724
ARRS,AF223,N10,7/20/2022 6:17,A,A,AF223026,1.76,0.77,1.77,39.52,9.061,109.7,0.6322,1.895,31.77,23.44,15.19,1.079,8.051,42.3315,-70.834
ARRS,AF223,N10,7/20/2022 6:17,10,10,AF223025,9.9,8.89,9.89,34.58,8.73,93.64,1.235,2.634,31.92,24.64,9.442,0.8748,7.971,42.3315,-70.834
ARRS,AF223,N10,7/20/2022 6:17,20,20,AF223024,20.11,19.08,20.08,33.61,8.437,88.13,0.4925,1.72,31.98,24.87,8.251,0.689,7.933,42.3315,-70.834
ARRS,AF223,N10,7/20/2022 6:17,E,E,AF223023,23.63,22.62,23.62,33.52,8.356,87.05,0.3826,1.581,32.0,24.9,8.128,0.7041,7.931,42.3315,-70.834
ARRS,AF223,N18,7/20/2022 6:41,A,A,AF223032,1.2,0.22,1.22,39.59,9.338,113.3,1.303,2.425,31.75,23.41,15.28,0.8578,8.134,42.3658333,-70.7776667
ARRS,AF223,N18,7/20/2022 6:41,10,10,AF223031,9.07,8.09,9.09,34.48,9.121,97.82,2.46,4.076,31.8,24.54,9.468,0.8488,8.018,42.3658333,-70.7776667
ARRS,AF223,N18,7/20/2022 6:41,20,20,AF223030,19.21,18.16,19.16,33.61,8.455,88.34,0.7071,1.988,31.98,24.86,8.262,0.6358,7.97,42.3658333,-70.7776667
ARRS,AF223,N18,7/20/2022 6:41,E,E,AF22302F,24.14,23.05,24.05,33.48,8.25,85.85,0.3124,1.491,32.0,24.91,8.083,0.5714,7.957,42.3658333,-70.7776667
ARRS,AF223,N07,7/20/2022 7:04,A,A,AF22303E,1.79,0.77,1.77,40.46,8.981,111.0,-0.1153,0.9382,31.76,23.21,16.23,0.7806,8.154,42.3563333,-70.7061667
ARRS,AF223,N07,7/20/2022 7:04,10,10,AF22303D,9.33,8.4,9.4,38.54,9.533,112.9,0.7149,1.998,31.77,23.67,14.1,0.8026,8.144,42.3563333,-70.7061667
ARRS,AF223,N07,7/20/2022 7:04,20,20,AF22303C,19.33,18.16,19.16,33.44,9.148,95.14,2.94,4.624,31.98,24.89,8.055,0.7365,8.041,42.3563333,-70.7061667
ARRS,AF223,N07,7/20/2022 7:04,E,E,AF22303B,48.72,47.83,48.83,32.94,8.052,82.38,-0.1739,0.861,32.12,25.11,7.308,0.73,7.943,42.3563333,-70.7061667
ARRS,AF223,F15,7/20/2022 7:24,A,A,AF22304C,1.81,0.77,1.77,39.94,9.16,112.0,0.2989,1.14,31.76,23.33,15.67,1.028,8.15,42.3155,-70.7276667
ARRS,AF223,F15,7/20/2022 7:24,10,10,AF22304B,10.02,9.07,10.07,37.26,9.108,104.6,3.76,5.54,31.82,24.0,12.61,1.127,8.095,42.3155,-70.7276667
ARRS,AF223,F15,7/20/2022 7:24,20,20,AF22304A,20.16,19.26,20.26,33.87,8.471,89.15,1.464,2.909,31.95,24.79,8.589,0.6405,8.008,42.3155,-70.7276667
ARRS,AF223,F15,7/20/2022 7:24,E,E,AF223049,37.27,36.23,37.23,33.08,8.003,82.29,-0.2133,0.8088,32.06,25.03,7.544,0.8439,7.958,42.3155,-70.7276667
ARRS,AF223,F13,7/20/2022 7:45,A,A,AF223058,1.31,0.28,1.28,39.98,9.049,110.7,1.315,2.306,31.77,23.33,15.7,1.019,8.143,42.2683333,-70.735
ARRS,AF223,F13,7/20/2022 7:45,10,10,AF223057,9.83,8.95,9.95,37.3,8.487,97.51,2.589,4.224,31.84,24.01,12.63,0.9322,8.055,42.2683333,-70.735
ARRS,AF223,F13,7/20/2022 7:45,20,20,AF223056,19.75,18.77,19.77,34.21,7.887,83.72,0.2734,1.442,31.96,24.75,8.967,0.7018,7.959,42.2683333,-70.735
ARRS,AF223,F13,7/20/2022 7:45,E,E,AF223055,24.48,23.41,24.41,34.01,7.98,84.23,0.2775,1.447,31.98,24.8,8.708,0.6507,7.974,42.2683333,-70.735
ARRS,AF223,AF4,7/20/2022 8:06,A,A,AF223063,1.95,0.95,1.95,40.56,8.874,110.0,1.309,2.244,31.75,23.17,16.35,0.8294,8.161,42.21997,-70.69553
ARRS,AF223,AF4,7/20/2022 8:06,10,10,AF223062,10.12,9.13,10.13,36.64,8.571,96.89,2.537,4.165,31.86,24.18,11.86,0.9001,8.065,42.21997,-70.69553
ARRS,AF223,AF4,7/20/2022 8:06,E,E,AF223061,20.9,19.93,20.93,35.04,8.088,87.75,0.7049,1.985,31.94,24.57,9.947,0.6744,7.996,42.21997,-70.69553
ARRS,AF223,F05,7/20/2022 8:32,A,A,AF223070,2.02,0.95,1.95,38.44,9.103,107.4,0.7348,2.022,31.82,23.75,13.92,0.8579,8.126,42.1386667,-70.65
ARRS,AF223,F05,7/20/2022 8:32,10,10,AF22306F,9.82,8.82,9.82,36.69,9.291,105.1,2.891,4.568,31.87,24.18,11.9,0.9774,8.116,42.1386667,-70.65
ARRS,AF223,F05,7/20/2022 8:32,E,E,AF22306E,15.8,14.81,15.81,35.28,8.438,92.12,1.114,2.487,31.93,24.52,10.23,0.6664,8.023,42.1386667,-70.65
ARRS,AF223,AF1,7/20/2022 9:10,A,A,AF22307C,1.76,0.77,1.77,44.37,8.004,107.3,0.7012,1.252,31.74,22.15,20.49,0.8044,8.197,42.02788,-70.55467
ARRS,AF223,AF1,7/20/2022 9:10,10,10,AF22307B,10.72,9.74,10.74,36.66,9.852,111.3,1.278,2.687,31.92,24.23,11.81,0.9549,8.176,42.02788,-70.55467
ARRS,AF223,AF1,7/20/2022 9:10,20,20,AF22307A,19.64,18.59,19.59,33.83,8.473,88.96,1.44,2.88,32.01,24.86,8.466,0.6455,7.995,42.02788,-70.55467
ARRS,AF223,AF1,7/20/2022 9:10,E,E,AF223079,25.56,24.51,25.51,33.78,8.552,89.65,1.457,2.902,32.03,24.89,8.391,0.6141,8.009,42.02788,-70.55467
ARRS,AF223,AF2,7/20/2022 9:34,A,A,AF223088,2.36,1.38,2.38,43.93,8.113,107.8,0.7624,1.039,31.75,22.29,20.01,0.8411,8.207,42.09879,-70.52724
ARRS,AF223,AF2,7/20/2022 9:34,10,10,AF223087,9.96,8.95,9.95,41.18,8.941,112.2,1.389,2.82,31.8,23.07,16.96,1.01,8.188,42.09879,-70.52724
ARRS,AF223,AF2,7/20/2022 9:34,20,20,AF223086,20.37,19.26,20.26,33.6,8.878,92.56,2.568,4.2,32.07,24.95,8.14,0.8112,8.021,42.09879,-70.52724
ARRS,AF223,AF2,7/20/2022 9:34,E,E,AF223085,37.58,36.54,37.54,33.15,8.019,82.54,-0.0057,1.082,32.1,25.06,7.576,0.7723,7.954,42.09879,-70.52724
ARRS,AF223,F06,7/20/2022 10:13,A,A,AF22309A,1.81,0.89,1.89,41.26,8.879,111.7,0.6562,0.8894,31.75,23.0,17.12,0.7555,8.196,42.1706667,-70.5766667
ARRS,AF223,F06,7/20/2022 10:13,10,10,AF223099,9.77,8.82,9.82,37.05,9.365,106.9,1.891,3.416,31.86,24.09,12.32,0.8907,8.139,42.1706667,-70.5766667
ARRS,AF223,F06,7/20/2022 10:13,20,20,AF223098,20.11,19.14,20.14,34.81,8.484,91.46,1.242,2.643,31.96,24.64,9.656,0.6357,8.024,42.1706667,-70.5766667
ARRS,AF223,F06,7/20/2022 10:13,E,E,AF223097,29.47,28.54,29.54,33.5,8.034,83.52,0.1371,1.267,32.07,24.97,8.018,0.6054,7.97,42.1706667,-70.5766667
ARRS,AF223,F10,7/20/2022 10:39,A,A,AF2230A9,1.7,0.71,1.71,41.2,8.96,112.6,0.597,0.8234,31.75,23.01,17.06,0.7862,8.181,42.2423333,-70.6373333
ARRS,AF223,F10,7/20/2022 10:39,10,10,AF2230A8,9.58,8.52,9.52,39.32,9.26,111.6,0.7746,2.072,31.79,23.51,14.95,0.9268,8.18,42.2423333,-70.6373333
ARRS,AF223,F10,7/20/2022 10:39,20,20,AF2230A7,19.52,18.53,19.53,34.61,8.252,88.49,1.365,2.791,31.97,24.68,9.416,0.6618,8.006,42.2423333,-70.6373333
ARRS,AF223,F10,7/20/2022 10:39,E,E,AF2230A6,31.12,30.13,31.13,33.72,7.982,83.53,0.2966,1.471,32.03,24.9,8.314,0.5941,7.968,42.2423333,-70.6373333
ARRS,AF223,F17,7/20/2022 11:13,A,A,AF2230B5,1.68,0.59,1.59,41.58,8.832,112.0,0.7885,1.002,31.67,22.83,17.57,0.8218,8.189,42.3458333,-70.5705
ARRS,AF223,F17,7/20/2022 11:13,10,10,AF2230B4,9.75,8.64,9.64,36.01,10.12,112.6,0.4641,1.684,31.89,24.33,11.11,0.8741,8.202,42.3458333,-70.5705
ARRS,AF223,F17,7/20/2022 11:13,20,20,AF2230B3,19.68,18.65,19.65,33.78,9.602,100.6,5.132,7.029,32.05,24.91,8.366,0.9563,8.117,42.3458333,-70.5705
ARRS,AF223,F17,7/20/2022 11:13,E,E,AF2230B2,76.18,75.19,76.19,32.55,7.381,74.34,-0.3652,0.6059,32.37,25.4,6.568,1.839,7.903,42.3458333,-70.5705
ARRS,AF223,AF6,7/20/2022 11:41,A,A,AF2230C1,1.75,0.77,1.77,43.36,8.392,110.3,0.4847,0.7727,31.72,22.4,19.44,0.7244,8.213,42.40335,-70.50163
ARRS,AF223,AF6,7/20/2022 11:41,10,10,AF2230C0,9.75,8.7,9.7,40.08,9.305,114.0,0.5126,1.745,31.78,23.32,15.79,0.8275,8.226,42.40335,-70.50163
ARRS,AF223,AF6,7/20/2022 11:41,20,20,AF2230BF,19.42,18.16,19.16,34.68,9.377,100.4,4.208,6.032,32.14,24.83,9.309,1.001,8.134,42.40335,-70.50163
ARRS,AF223,AF6,7/20/2022 11:41,E,E,AF2230BE,88.68,87.59,88.59,32.36,7.082,70.88,-0.215,0.8065,32.43,25.49,6.281,1.453,7.877,42.40335,-70.50163
ARRS,AF223,AF8,7/20/2022 12:24,A,A,AF2230CD,1.75,0.71,1.71,39.64,9.013,109.8,0.5498,0.7618,31.57,23.21,15.57,0.7251,8.169,42.54019,-70.54553
ARRS,AF223,AF8,7/20/2022 12:24,10,10,AF2230CC,9.95,8.95,9.95,37.61,9.541,110.7,0.5416,1.781,31.68,23.79,13.16,0.798,8.166,42.54019,-70.54553
ARRS,AF223,AF8,7/20/2022 12:24,20,20,AF2230CB,19.5,18.47,19.47,33.86,8.646,90.97,1.435,2.874,31.94,24.79,8.578,0.6136,8.038,42.54019,-70.54553
ARRS,AF223,AF8,7/20/2022 12:24,E,E,AF2230CA,56.58,55.41,56.41,32.73,8.264,83.95,-0.2653,0.7397,32.18,25.2,6.986,0.6907,7.978,42.54019,-70.54553
ARRS,AF223,AF9,7/20/2022 12:47,A,A,AF2230D9,1.48,0.4,1.4,39.64,9.068,110.6,0.4998,0.8214,31.52,23.16,15.63,0.7105,8.17,42.58754,-70.60224
ARRS,AF223,AF9,7/20/2022 12:47,10,10,AF2230D8,9.77,8.7,9.7,36.08,9.36,104.4,2.826,4.495,31.83,24.26,11.26,0.9019,8.127,42.58754,-70.60224
ARRS,AF223,AF9,7/20/2022 12:47,20,20,AF2230D7,19.62,18.71,19.71,34.35,9.027,96.24,1.701,3.192,31.92,24.69,9.167,0.6175,8.074,42.58754,-70.60224
ARRS,AF223,AF9,7/20/2022 12:47,E,E,AF2230D6,42.14,41.06,42.06,32.95,7.969,81.62,0.0413,1.143,32.08,25.07,7.366,1.045,7.969,42.58754,-70.60224
ARRS,AF223,F22,7/20/2022 13:22,A,A,AF2230E5,1.69,0.71,1.71,42.03,8.73,111.6,0.2692,0.7764,31.75,22.79,17.97,0.7069,8.187,42.4798333,-70.6176667
ARRS,AF223,F22,7/20/2022 13:22,10,10,AF2230E4,9.71,8.82,9.82,38.98,9.404,112.4,0.3239,1.506,31.79,23.59,14.57,0.811,8.215,42.4798333,-70.6176667
ARRS,AF223,F22,7/20/2022 13:22,20,20,AF2230E3,19.56,18.47,19.47,33.91,9.788,103.2,1.884,3.407,31.94,24.77,8.649,0.7286,8.14,42.4798333,-70.6176667
ARRS,AF223,F22,7/20/2022 13:22,E,E,AF2230E2,76.71,75.62,76.62,32.6,7.553,76.22,-0.2879,0.7095,32.34,25.37,6.653,1.822,7.931,42.4798333,-70.6176667
ARRS,AF223,N04,7/20/2022 13:54,A,A,AF2230F1,1.81,0.77,1.77,40.83,8.922,111.2,0.4113,0.8392,31.76,23.11,16.64,0.7913,8.189,42.4438333,-70.7365
ARRS,AF223,N04,7/20/2022 13:54,10,10,AF2230F0,9.73,8.82,9.82,34.14,9.731,103.3,0.8424,2.155,31.89,24.69,8.972,0.6991,8.146,42.4438333,-70.7365
ARRS,AF223,N04,7/20/2022 13:54,20,20,AF2230EF,19.53,18.53,19.53,33.41,8.77,91.1,2.16,3.73,31.99,24.91,7.999,0.5849,8.055,42.4438333,-70.7365
ARRS,AF223,N04,7/20/2022 13:54,E,E,AF2230EE,47.94,46.92,47.92,32.98,8.027,82.29,-0.2567,0.7511,32.07,25.06,7.408,0.7314,7.98,42.4438333,-70.7365
ARRS,AF223,N01,7/20/2022 14:26,A,A,AF223100,1.61,0.59,1.59,41.04,9.356,117.1,1.1,1.438,31.78,23.08,16.84,1.012,8.179,42.4193333,-70.8645
ARRS,AF223,N01,7/20/2022 14:26,10,10,AF2230FF,9.88,8.95,9.95,37.3,10.33,118.7,2.642,4.285,31.83,24.0,12.64,1.103,8.209,42.4193333,-70.8645
ARRS,AF223,N01,7/20/2022 14:26,20,20,AF2230FE,19.39,18.16,19.16,34.01,8.774,92.68,2.827,4.495,31.95,24.77,8.746,0.697,8.059,42.4193333,-70.8645
ARRS,AF223,N01,7/20/2022 14:26,E,E,AF2230FD,30.14,29.09,30.09,33.28,7.63,78.92,-0.2051,0.8197,32.04,24.98,7.802,0.8258,7.96,42.4193333,-70.8645
ARRS,AF223,F23,7/20/2022 14:56,A,A,AF22310B,1.75,0.77,1.77,38.79,8.24,98.16,2.146,2.896,31.75,23.6,14.4,1.457,8.055,42.3391667,-70.942
ARRS,AF223,F23,7/20/2022 14:56,10,10,AF22310A,9.96,8.95,9.95,38.27,8.202,96.5,1.442,2.883,31.78,23.74,13.78,1.377,8.048,42.3391667,-70.942
ARRS,AF223,F23,7/20/2022 14:56,E,E,AF223109,21.78,20.79,21.79,37.01,8.261,94.27,1.059,2.42,31.83,24.07,12.31,1.213,8.047,42.3391667,-70.942
BWQM,WN226,F23,7/26/2022 6:19,A,A,WN226022,1.6,0.64,1.64,37.84,8.073,93.95,1.264,3.284,31.83,23.89,13.25,1.52,7.954,42.3391667,-70.942
BWQM,WN226,F23,7/26/2022 6:19,B,B,WN226021,8.96,7.96,8.96,36.68,8.371,94.74,1.006,2.954,31.86,24.17,11.91,1.153,7.964,42.3391667,-70.942
BWQM,WN226,F23,7/26/2022 6:19,C,C,WN226020,13.02,12.05,13.05,36.06,8.365,93.2,0.804,2.691,31.88,24.32,11.17,1.121,7.959,42.3391667,-70.942
BWQM,WN226,F23,7/26/2022 6:19,D,D,WN22601F,18.91,17.91,18.91,35.21,8.21,89.49,0.4513,2.221,31.92,24.52,10.17,1.233,7.942,42.3391667,-70.942
BWQM,WN226,F23,7/26/2022 6:19,E,E,WN22601E,24.03,23.04,24.04,35.27,8.19,89.39,0.4534,2.224,31.91,24.51,10.23,1.223,7.948,42.3391667,-70.942
BWQM,WN226,N01,7/26/2022 6:53,A,A,WN226030,1.74,0.7,1.7,38.77,9.906,117.8,1.423,2.832,31.8,23.65,14.32,1.143,8.124,42.4193333,-70.8645
BWQM,WN226,N01,7/26/2022 6:53,B,B,WN22602F,9.08,8.08,9.08,35.78,9.864,109.2,1.068,3.035,31.86,24.35,10.89,0.7713,8.08,42.4193333,-70.8645
BWQM,WN226,N01,7/26/2022 6:53,C,C,WN22602E,16.98,15.84,16.84,33.82,8.853,93.02,1.682,3.809,31.97,24.82,8.509,0.6893,7.986,42.4193333,-70.8645
BWQM,WN226,N01,7/26/2022 6:53,D,D,WN22602D,23.83,22.86,23.86,33.47,8.197,85.27,0.2217,1.907,32.0,24.91,8.067,0.5698,7.931,42.4193333,-70.8645
BWQM,WN226,N01,7/26/2022 6:53,E,E,WN22602C,28.12,27.13,28.13,33.41,7.773,80.71,-0.026,1.561,32.01,24.93,7.98,0.7714,7.885,42.4193333,-70.8645
BWQM,WN226,N04,7/26/2022 7:27,A,A,WN226041,1.75,0.76,1.76,39.48,9.27,112.1,0.0335,1.175,31.78,23.46,15.13,0.8641,8.104,42.4438333,-70.7365
BWQM,WN226,N04,7/26/2022 7:27,B,B,WN226040,8.29,7.41,8.41,36.15,9.737,108.8,0.2156,1.899,31.82,24.24,11.34,0.7642,8.089,42.4438333,-70.7365
BWQM,WN226,N04,7/26/2022 7:27,C,C,WN22603F,17.05,16.14,17.14,34.16,9.307,98.58,1.273,3.296,32.01,24.8,8.854,0.7261,8.042,42.4438333,-70.7365
BWQM,WN226,N04,7/26/2022 7:27,D,D,WN22603E,30.95,30.12,31.12,33.27,8.399,86.77,0.0056,1.606,32.08,25.02,7.741,0.4818,7.952,42.4438333,-70.7365
BWQM,WN226,N04,7/26/2022 7:27,E,E,WN22603D,45.96,45.08,46.08,32.81,8.111,82.67,-0.6569,0.6321,32.14,25.15,7.143,0.6192,7.923,42.4438333,-70.7365
BWQM,WN226,F22,7/26/2022 8:12,A,A,WN22604F,1.8,0.82,1.82,40.12,8.924,109.7,0.0384,0.5976,31.65,23.18,16.0,0.731,8.136,42.4798333,-70.6176667
BWQM,WN226,F22,7/26/2022 8:12,B,B,WN22604E,11.6,10.65,11.65,36.17,10.04,112.0,0.2621,1.963,31.93,24.34,11.24,0.8083,8.145,42.4798333,-70.6176667
BWQM,WN226,F22,7/26/2022 8:12,C,C,WN22604D,26.15,25.17,26.17,34.0,9.116,95.98,1.589,3.693,32.11,24.92,8.564,0.6358,8.032,42.4798333,-70.6176667
BWQM,WN226,F22,7/26/2022 8:12,D,D,WN22604C,50.56,49.66,50.66,32.76,8.116,82.54,-0.7305,0.5181,32.17,25.19,7.038,0.5953,7.936,42.4798333,-70.6176667
BWQM,WN226,F22,7/26/2022 8:12,E,E,WN22604B,76.46,75.55,76.55,32.71,8.113,82.31,-0.639,0.6596,32.22,25.24,6.92,0.7531,7.931,42.4798333,-70.6176667
BWQM,WN226,N21,7/26/2022 9:04,A,A,WN226060,1.99,0.94,1.94,41.17,9.25,116.1,0.5625,0.9353,31.77,23.03,17.0,0.9975,8.143,42.3878333,-70.7853333
BWQM,WN226,N21,7/26/2022 9:04,C,B,WN22605F,7.69,6.8,7.8,36.53,9.748,110.0,3.63,6.109,31.79,24.13,11.82,1.307,8.117,42.3878333,-70.7853333
BWQM,WN226,N21,7/26/2022 9:04,B,C,WN22605E,17.47,16.69,17.69,33.61,8.283,86.86,0.4806,2.261,31.78,24.68,8.477,0.6858,7.912,42.3878333,-70.7853333
BWQM,WN226,N21,7/26/2022 9:04,D,D,WN22605D,25.35,24.44,25.44,33.78,8.571,89.97,0.5516,2.356,31.96,24.82,8.469,0.6158,7.986,42.3878333,-70.7853333
BWQM,WN226,N21,7/26/2022 9:04,E,E,WN22605C,32.09,31.04,32.04,33.29,7.841,81.13,-0.4373,0.9643,32.03,24.97,7.819,0.6311,7.922,42.3878333,-70.7853333
BWQM,WN226,N18,7/26/2022 9:25,A,A,WN22606D,1.67,0.82,1.82,39.26,9.896,119.2,3.804,3.861,31.76,23.49,14.92,1.139,8.151,42.3658333,-70.7776667
BWQM,WN226,N18,7/26/2022 9:25,C,B,WN22606C,6.3,5.34,6.34,35.56,9.824,108.4,4.882,7.493,31.75,24.29,10.76,1.592,8.07,42.3658333,-70.7776667
BWQM,WN226,N18,7/26/2022 9:25,B,C,WN22606B,12.64,11.56,12.56,33.52,8.024,84.0,0.0042,1.604,31.75,24.66,8.41,0.699,7.878,42.3658333,-70.7776667
BWQM,WN226,N18,7/26/2022 9:25,D,D,WN22606A,18.49,17.67,18.67,33.42,7.968,83.04,-0.2069,1.302,31.83,24.76,8.193,0.6591,7.892,42.3658333,-70.7776667
BWQM,WN226,N18,7/26/2022 9:25,E,E,WN226069,23.18,22.06,23.06,33.53,7.912,82.51,-0.3326,1.119,31.96,24.86,8.183,0.6332,7.922,42.3658333,-70.7776667
BWQM,WN226,N07,7/26/2022 9:50,A,A,WN22607B,1.85,0.76,1.76,42.07,9.0,115.2,0.0741,0.7124,31.76,22.79,18.0,0.9001,8.164,42.3563333,-70.7061667
BWQM,WN226,N07,7/26/2022 9:50,B,B,WN22607A,8.5,7.6,8.6,36.52,9.987,112.7,-0.0834,1.48,31.78,24.12,11.82,0.7917,8.146,42.3563333,-70.7061667
BWQM,WN226,N07,7/26/2022 9:50,C,C,WN226079,17.37,16.57,17.57,33.63,8.97,93.62,1.472,3.548,32.05,24.93,8.191,0.6441,8.028,42.3563333,-70.7061667
BWQM,WN226,N07,7/26/2022 9:50,D,D,WN226078,32.95,32.07,33.07,32.85,8.01,81.78,-0.6295,0.6742,32.11,25.11,7.223,0.6533,7.934,42.3563333,-70.7061667
BWQM,WN226,N07,7/26/2022 9:50,E,E,WN226077,46.32,45.2,46.2,32.86,8.002,81.71,-0.6609,0.626,32.11,25.11,7.227,0.6719,7.933,42.3563333,-70.7061667
BWQM,WN226,F15,7/26/2022 10:27,A,A,WN22608A,1.81,0.76,1.76,39.3,9.82,118.2,3.261,3.288,31.8,23.53,14.9,1.062,8.16,42.3155,-70.7276667
BWQM,WN226,F15,7/26/2022 10:27,C,B,WN226089,8.06,6.98,7.98,35.42,9.866,108.3,11.82,14.41,31.83,24.39,10.5,1.365,8.097,42.3155,-70.7276667
BWQM,WN226,F15,7/26/2022 10:27,B,C,WN226088,17.31,16.2,17.2,33.86,9.121,95.87,0.9794,2.92,32.01,24.85,8.515,0.5933,8.029,42.3155,-70.7276667
BWQM,WN226,F15,7/26/2022 10:27,D,D,WN226087,28.11,27.07,28.07,33.26,7.974,82.44,-0.2728,1.207,32.03,24.97,7.786,0.5664,7.937,42.3155,-70.7276667
BWQM,WN226,F15,7/26/2022 10:27,E,E,WN226086,35.96,35.06,36.06,33.22,7.841,80.97,-0.3618,1.076,32.03,24.98,7.736,0.7721,7.928,42.3155,-70.7276667
BWQM,WN226,F10,7/26/2022 11:01,A,A,WN22609A,1.85,0.88,1.88,40.64,9.252,114.8,1.071,1.231,31.78,23.19,16.41,1.141,8.148,42.2423333,-70.6373333
BWQM,WN226,F10,7/26/2022 11:01,C,B,WN226099,7.49,6.44,7.44,36.35,9.536,107.0,3.781,6.279,31.86,24.24,11.53,0.9058,8.096,42.2423333,-70.6373333
BWQM,WN226,F10,7/26/2022 11:01,B,C,WN226098,15.49,14.37,15.37,33.68,9.37,98.09,1.677,3.804,31.96,24.84,8.35,0.692,8.057,42.2423333,-70.6373333
BWQM,WN226,F10,7/26/2022 11:01,D,D,WN226097,24.19,23.28,24.28,33.37,7.882,81.76,0.2738,1.979,32.02,24.94,7.931,0.601,7.932,42.2423333,-70.6373333
BWQM,WN226,F10,7/26/2022 11:01,E,E,WN226096,30.41,29.39,30.39,33.37,7.85,81.42,0.1076,1.749,32.02,24.94,7.929,0.5961,7.934,42.2423333,-70.6373333
BWQM,WN226,F06,7/26/2022 11:33,A,A,WN2260A9,1.93,0.88,1.88,40.59,9.04,111.9,0.8366,1.149,31.82,23.24,16.3,0.8899,8.166,42.1706667,-70.5766667
BWQM,WN226,F06,7/26/2022 11:33,B,B,WN2260A8,6.61,5.7,6.7,39.49,9.213,111.3,0.893,2.315,31.84,23.53,15.06,0.9001,8.157,42.1706667,-70.5766667
BWQM,WN226,F06,7/26/2022 11:33,C,C,WN2260A7,13.03,11.99,12.99,35.6,9.683,106.6,3.328,5.764,31.89,24.42,10.64,0.9826,8.101,42.1706667,-70.5766667
BWQM,WN226,F06,7/26/2022 11:33,D,D,WN2260A6,25.27,24.2,25.2,33.49,7.76,80.72,-0.0013,1.596,32.04,24.94,8.049,0.6096,7.929,42.1706667,-70.5766667
BWQM,WN226,F06,7/26/2022 11:33,E,E,WN2260A5,32.22,31.4,32.4,33.49,7.747,80.57,-0.0906,1.469,32.04,24.94,8.042,0.6079,7.935,42.1706667,-70.5766667
BWQM,WN226,AF4,7/26/2022 12:11,A,A,WN2260B6,1.95,1.0,2.0,38.79,8.943,106.3,1.111,1.614,31.87,23.72,14.26,0.8823,8.109,42.21997,-70.69553
BWQM,WN226,AF4,7/26/2022 12:11,10,B,WN2260B4,9.99,9.0,10.0,36.16,8.631,96.32,2.258,4.512,31.92,24.33,11.24,0.9587,8.044,42.21997,-70.69553
BWQM,WN226,AF4,7/26/2022 12:11,E,E,WN2260B3,20.38,19.44,20.44,34.59,7.431,79.63,0.0217,1.629,31.98,24.69,9.381,0.6657,7.928,42.21997,-70.69553
BWQM,WN226,F13,7/26/2022 12:35,A,A,WN2260C5,1.99,1.0,2.0,41.19,9.268,116.3,1.18,1.11,31.8,23.06,16.99,1.161,8.159,42.2683333,-70.735
BWQM,WN226,F13,7/26/2022 12:35,B,B,WN2260C4,7.55,6.56,7.56,37.86,9.241,107.5,4.476,6.594,31.88,23.94,13.21,1.3,8.11,42.2683333,-70.735
BWQM,WN226,F13,7/26/2022 12:35,C,C,WN2260C3,12.67,11.81,12.81,34.51,8.602,92.08,1.876,4.049,31.94,24.67,9.342,0.913,8.007,42.2683333,-70.735
BWQM,WN226,F13,7/26/2022 12:35,D,D,WN2260C2,18.7,17.67,18.67,33.97,7.822,82.51,0.1339,1.786,31.97,24.8,8.679,0.6838,7.948,42.2683333,-70.735
BWQM,WN226,F13,7/26/2022 12:35,E,E,WN2260C1,24.34,23.34,24.34,33.74,7.723,80.94,-0.0989,1.458,31.99,24.86,8.388,0.6513,7.945,42.2683333,-70.735
BWQM,WN226,N10,7/26/2022 13:08,A,A,WN2260D3,1.93,0.88,1.88,39.67,9.154,111.1,2.592,3.235,31.81,23.45,15.3,1.387,8.093,42.3315,-70.834
BWQM,WN226,N10,7/26/2022 13:08,10,B,WN2260D2,11.56,10.59,11.59,34.03,8.133,85.97,0.1479,1.805,31.95,24.76,8.779,0.7258,7.972,42.3315,-70.834
BWQM,WN226,N10,7/26/2022 13:08,E,E,WN2260D1,22.66,21.63,22.63,33.62,7.945,83.06,-0.1187,1.429,31.96,24.84,8.288,0.7221,7.957,42.3315,-70.834
BWQM,WN227,F23,8/23/2022 6:21,A,A,WN227028,1.75,0.77,1.77,44.21,8.386,112.1,3.477,5.035,31.77,22.22,20.29,1.243,8.253,42.3391667,-70.942
BWQM,WN227,F23,8/23/2022 6:21,B,B,WN227027,6.96,5.96,6.96,43.94,7.461,99.14,2.29,3.754,31.77,22.31,19.98,1.366,8.143,42.3391667,-70.942
BWQM,WN227,F23,8/23/2022 6:21,C,C,WN227026,13.66,12.85,13.85,43.59,7.032,92.78,2.034,3.471,31.78,22.41,19.6,1.384,8.082,42.3391667,-70.942
BWQM,WN227,F23,8/23/2022 6:21,D,D,WN227025,20.52,19.44,20.44,41.9,6.372,81.13,1.104,2.41,31.82,22.91,17.72,2.189,8.02,42.3391667,-70.942
BWQM,WN227,F23,8/23/2022 6:21,E,E,WN227024,27.03,25.98,26.98,41.61,6.243,79.0,0.9594,2.241,31.83,22.99,17.4,2.449,8.006,42.3391667,-70.942
BWQM,WN227,N01,8/23/2022 6:57,A,A,WN227036,2.09,0.89,1.89,43.93,9.099,121.0,4.652,6.255,31.74,22.27,20.03,1.319,8.298,42.4193333,-70.8645
BWQM,WN227,N01,8/23/2022 6:57,C,B,WN227035,7.15,6.08,7.08,43.22,7.873,103.0,4.757,6.362,31.84,22.57,19.13,1.124,8.174,42.4193333,-70.8645
BWQM,WN227,N01,8/23/2022 6:57,B,C,WN227034,14.79,14.07,15.07,40.35,6.956,85.7,0.6104,1.825,31.82,23.29,16.04,0.6027,8.009,42.4193333,-70.8645
BWQM,WN227,N01,8/23/2022 6:57,D,D,WN227033,22.46,21.76,22.76,36.8,6.651,75.41,-0.1586,0.8705,31.9,24.19,11.99,0.4744,7.898,42.4193333,-70.8645
BWQM,WN227,N01,8/23/2022 6:57,E,E,WN227032,30.32,29.21,30.21,34.8,6.406,69.0,-0.2144,0.7988,31.98,24.66,9.617,1.296,7.829,42.4193333,-70.8645
BWQM,WN227,N04,8/23/2022 7:36,A,A,WN227046,1.51,0.58,1.58,44.15,8.449,112.8,1.926,3.35,31.77,22.24,20.22,0.9135,8.284,42.4438333,-70.7365
BWQM,WN227,N04,8/23/2022 7:36,C,B,WN227045,9.53,8.34,9.34,43.83,8.332,110.1,2.733,4.239,31.94,22.52,19.65,0.885,8.263,42.4438333,-70.7365
BWQM,WN227,N04,8/23/2022 7:36,B,C,WN227044,21.17,20.18,21.18,37.4,7.197,83.13,-0.0511,1.008,31.68,23.84,12.93,0.4989,7.907,42.4438333,-70.7365
BWQM,WN227,N04,8/23/2022 7:36,D,D,WN227043,33.83,33.06,34.06,35.11,7.444,80.71,-0.1821,0.8404,32.06,24.68,9.883,0.5701,7.921,42.4438333,-70.7365
BWQM,WN227,N04,8/23/2022 7:36,E,E,WN227042,47.25,46.31,47.31,34.07,6.59,69.39,-0.2142,0.7991,32.19,24.99,8.539,1.3,7.839,42.4438333,-70.7365
BWQM,WN227,F22,8/23/2022 8:12,A,A,WN227054,1.85,0.65,1.65,44.28,8.317,111.2,2.08,3.523,31.83,22.27,20.28,0.9034,8.288,42.4798333,-70.6176667
BWQM,WN227,F22,8/23/2022 8:12,C,B,WN227053,8.35,7.3,8.3,43.27,8.446,110.1,2.227,3.686,32.07,22.81,18.89,0.756,8.277,42.4798333,-70.6176667
BWQM,WN227,F22,8/23/2022 8:12,B,C,WN227052,30.91,29.7,30.7,36.07,7.638,84.93,-0.1765,0.8475,31.99,24.42,11.05,0.528,7.959,42.4798333,-70.6176667
BWQM,WN227,F22,8/23/2022 8:12,D,D,WN227051,54.61,54.06,55.06,33.92,7.174,75.15,-0.3099,0.6751,32.24,25.06,8.302,0.709,7.883,42.4798333,-70.6176667
BWQM,WN227,F22,8/23/2022 8:12,E,E,WN227050,76.61,75.31,76.31,33.03,6.464,66.02,-0.2668,0.731,32.32,25.28,7.187,1.731,7.796,42.4798333,-70.6176667
BWQM,WN227,N21,8/23/2022 9:11,A,A,WN227065,1.85,0.77,1.77,44.06,8.445,112.4,3.196,3.282,31.82,22.33,20.06,0.8459,8.275,42.3878333,-70.7853333
BWQM,WN227,N21,8/23/2022 9:11,C,B,WN227064,9.59,8.58,9.58,43.33,8.443,110.2,2.141,3.59,32.06,22.78,18.96,0.7833,8.26,42.3878333,-70.7853333
BWQM,WN227,N21,8/23/2022 9:11,B,C,WN227063,18.43,17.55,18.55,36.79,7.086,80.73,0.1163,1.219,31.63,23.92,12.3,0.8411,7.871,42.3878333,-70.7853333
BWQM,WN227,N21,8/23/2022 9:11,D,D,WN227062,26.06,25.31,26.31,35.32,6.799,74.85,-0.1317,0.9049,31.52,24.12,10.73,1.004,7.758,42.3878333,-70.7853333
BWQM,WN227,N21,8/23/2022 9:11,E,E,WN227061,33.95,33.0,34.0,35.01,6.782,73.38,-0.2109,0.8034,32.03,24.67,9.798,0.8488,7.863,42.3878333,-70.7853333
BWQM,WN227,N18,8/23/2022 9:36,A,A,WN227072,1.9,0.89,1.89,44.09,8.345,111.3,2.614,2.521,31.72,22.2,20.22,1.087,8.26,42.3658333,-70.7776667
BWQM,WN227,N18,8/23/2022 9:36,C,B,WN227071,7.55,6.69,7.69,43.42,8.112,106.5,3.159,4.697,31.84,22.53,19.34,0.8851,8.226,42.3658333,-70.7776667
BWQM,WN227,N18,8/23/2022 9:36,B,C,WN227070,12.6,11.51,12.51,43.31,8.403,109.7,2.419,3.897,32.05,22.79,18.94,0.6994,8.26,42.3658333,-70.7776667
BWQM,WN227,N18,8/23/2022 9:36,D,D,WN22706F,17.21,16.27,17.27,42.1,8.009,101.9,1.251,2.581,32.08,23.13,17.61,0.5735,8.196,42.3658333,-70.7776667
BWQM,WN227,N18,8/23/2022 9:36,E,E,WN22706E,22.4,21.46,22.46,37.45,7.22,83.04,0.0051,1.079,31.96,24.11,12.64,0.5883,7.978,42.3658333,-70.7776667
BWQM,WN227,N07,8/23/2022 10:07,A,A,WN227080,1.88,0.89,1.89,44.13,8.339,111.2,4.532,3.937,31.77,22.25,20.2,1.167,8.261,42.3563333,-70.7061667
BWQM,WN227,N07,8/23/2022 10:07,C,B,WN22707F,7.52,6.57,7.57,43.76,8.098,107.2,2.324,3.793,31.79,22.38,19.78,0.9815,8.23,42.3563333,-70.7061667
BWQM,WN227,N07,8/23/2022 10:07,B,C,WN22707E,19.24,18.28,19.28,42.55,7.716,99.36,0.257,1.394,31.94,22.86,18.27,0.5225,8.17,42.3563333,-70.7061667
BWQM,WN227,N07,8/23/2022 10:07,D,D,WN22707D,34.08,33.06,34.06,36.51,7.686,86.41,-0.164,0.8636,31.97,24.32,11.57,0.5093,7.954,42.3563333,-70.7061667
BWQM,WN227,N07,8/23/2022 10:07,E,E,WN22707C,47.9,46.98,47.98,34.39,6.873,73.02,-0.2325,0.7755,32.16,24.91,8.941,0.9417,7.862,42.3563333,-70.7061667
BWQM,WN227,F15,8/23/2022 10:38,A,A,WN22708E,1.87,0.83,1.83,44.27,8.438,113.0,2.921,4.443,31.7,22.14,20.43,1.213,8.275,42.3155,-70.7276667
BWQM,WN227,F15,8/23/2022 10:38,C,B,WN22708D,8.63,7.48,8.48,43.96,8.226,109.3,3.016,4.545,31.81,22.34,19.96,0.8692,8.238,42.3155,-70.7276667
BWQM,WN227,F15,8/23/2022 10:38,B,C,WN22708C,18.6,17.43,18.43,41.05,7.516,93.86,0.057,1.144,31.9,23.2,16.7,0.4964,8.097,42.3155,-70.7276667
BWQM,WN227,F15,8/23/2022 10:38,D,D,WN22708B,27.13,26.16,27.16,36.99,7.555,85.85,-0.0362,1.027,32.03,24.27,12.05,0.5651,7.97,42.3155,-70.7276667
BWQM,WN227,F15,8/23/2022 10:38,E,E,WN22708A,35.73,34.71,35.71,34.8,7.052,75.82,-0.2096,0.8051,32.08,24.75,9.5,0.8988,7.884,42.3155,-70.7276667
BWQM,WN227,F10,8/23/2022 11:14,A,A,WN2270A3,1.98,1.07,2.07,44.49,8.416,113.1,1.953,3.224,31.74,22.12,20.62,0.9768,8.294,42.2423333,-70.6373333
BWQM,WN227,F10,8/23/2022 11:14,C,B,WN2270A2,8.6,7.3,8.3,44.11,8.501,112.9,2.699,4.202,31.98,22.49,19.89,0.8301,8.286,42.2423333,-70.6373333
BWQM,WN227,F10,8/23/2022 11:14,B,C,WN2270A1,15.51,14.5,15.5,41.58,7.602,95.97,1.275,2.609,31.92,23.09,17.25,0.514,8.123,42.2423333,-70.6373333
BWQM,WN227,F10,8/23/2022 11:14,D,D,WN2270A0,23.35,22.44,23.44,37.48,7.644,88.0,0.0287,1.109,31.95,24.09,12.69,0.5348,7.977,42.2423333,-70.6373333
BWQM,WN227,F10,8/23/2022 11:14,E,E,WN22709F,31.03,30.31,31.31,36.0,7.493,83.06,-0.1097,0.9331,32.06,24.51,10.9,0.5508,7.95,42.2423333,-70.6373333
BWQM,WN227,F06,8/23/2022 11:47,A,A,WN2270B2,2.14,1.13,2.13,44.33,8.462,113.6,1.239,2.568,31.66,22.07,20.56,0.9134,8.282,42.1706667,-70.5766667
BWQM,WN227,F06,8/23/2022 11:47,C,B,WN2270B1,8.72,7.79,8.79,43.65,8.517,112.4,3.605,5.17,31.86,22.48,19.57,0.9057,8.251,42.1706667,-70.5766667
BWQM,WN227,F06,8/23/2022 11:47,B,C,WN2270B0,14.45,13.4,14.4,41.24,7.544,94.62,1.067,2.367,31.89,23.14,16.93,0.5415,8.105,42.1706667,-70.5766667
BWQM,WN227,F06,8/23/2022 11:47,D,D,WN2270AF,22.64,21.64,22.64,37.02,7.679,87.23,0.0739,1.165,32.09,24.33,12.02,0.5412,7.985,42.1706667,-70.5766667
BWQM,WN227,F06,8/23/2022 11:47,E,E,WN2270AE,30.29,29.09,30.09,36.21,7.404,82.51,-0.0653,0.9896,32.05,24.46,11.14,0.5658,7.949,42.1706667,-70.5766667
BWQM,WN227,F13,8/23/2022 12:32,A,A,WN2270C0,1.91,0.71,1.71,44.8,8.417,113.9,2.531,2.145,31.71,21.99,21.0,1.017,8.265,42.2683333,-70.735
BWQM,WN227,F13,8/23/2022 12:32,B,B,WN2270BF,6.3,5.28,6.28,44.15,8.546,114.2,3.32,4.87,31.69,22.16,20.33,1.099,8.263,42.2683333,-70.735
BWQM,WN227,F13,8/23/2022 12:32,C,C,WN2270BE,10.66,9.5,10.5,43.66,8.301,109.5,4.032,5.617,31.86,22.49,19.57,0.9654,8.222,42.2683333,-70.735
BWQM,WN227,F13,8/23/2022 12:32,D,D,WN2270BD,17.4,16.21,17.21,39.84,6.91,83.98,0.2186,1.346,31.94,23.54,15.33,0.5999,8.014,42.2683333,-70.735
BWQM,WN227,F13,8/23/2022 12:32,E,E,WN2270BC,23.21,22.25,23.25,37.77,6.446,74.75,-0.0369,1.026,31.93,24.01,13.04,0.9506,7.915,42.2683333,-70.735
BWQM,WN228,F13,9/20/2022 6:33,A,A,WN22803F,1.84,0.68,1.68,42.19,7.588,97.02,0.51,1.709,31.94,22.95,17.9,0.4926,,42.2683333,-70.735
BWQM,WN228,F13,9/20/2022 6:33,B,B,WN22803E,7.64,6.54,7.54,42.18,7.58,96.89,0.51,1.707,31.94,22.96,17.88,0.4889,,42.2683333,-70.735
BWQM,WN228,F13,9/20/2022 6:33,C,C,WN22803D,13.38,12.34,13.34,42.12,7.493,95.61,0.43,1.613,31.96,23.0,17.79,0.4742,,42.2683333,-70.735
BWQM,WN228,F13,9/20/2022 6:33,D,D,WN22803C,19.35,18.38,19.38,41.1,6.321,78.9,-0.03,1.074,31.98,23.27,16.66,0.5629,,42.2683333,-70.735
BWQM,WN228,F13,9/20/2022 6:33,E,E,WN22803B,23.99,22.84,23.84,38.52,5.041,59.27,0.08,1.202,32.12,24.04,13.65,0.9984,,42.2683333,-70.735
BWQM,WN228,F06,9/20/2022 7:22,A,A,WN228055,1.98,0.93,1.93,42.18,7.553,96.51,0.71,1.952,31.95,22.97,17.86,0.5033,8.131,42.1706667,-70.5766667
BWQM,WN228,F06,9/20/2022 7:22,B,B,WN228054,8.61,7.64,8.64,41.74,7.412,93.77,0.44,1.625,31.99,23.13,17.34,0.4555,8.104,42.1706667,-70.5766667
BWQM,WN228,F06,9/20/2022 7:22,C,C,WN228053,16.42,15.21,16.21,40.04,6.515,79.34,0.02,1.13,32.07,23.63,15.38,0.4717,7.99,42.1706667,-70.5766667
BWQM,WN228,F06,9/20/2022 7:22,D,D,WN228052,23.25,22.29,23.29,37.96,6.092,70.61,0.1,1.226,32.19,24.23,12.94,0.7152,7.878,42.1706667,-70.5766667
BWQM,WN228,F06,9/20/2022 7:22,E,E,WN228051,29.62,28.52,29.52,36.74,6.119,68.74,-0.06,1.035,32.32,24.61,11.43,0.9354,7.837,42.1706667,-70.5766667
BWQM,WN228,F10,9/20/2022 8:05,A,A,WN228063,1.65,0.62,1.62,42.01,7.767,98.73,0.28,1.442,32.04,23.11,17.57,0.4668,8.172,42.2423333,-70.6373333
BWQM,WN228,F10,9/20/2022 8:05,B,B,WN228062,10.39,9.29,10.29,41.69,7.579,95.58,0.44,1.626,32.1,23.26,17.14,0.4941,8.141,42.2423333,-70.6373333
BWQM,WN228,F10,9/20/2022 8:05,C,C,WN228061,18.27,16.98,17.98,39.44,6.466,77.62,-0.01,1.101,32.12,23.83,14.66,0.4758,7.964,42.2423333,-70.6373333
BWQM,WN228,F10,9/20/2022 8:05,D,D,WN228060,26.23,25.34,26.34,37.62,5.987,68.77,0.24,1.395,32.24,24.36,12.5,0.7707,7.861,42.2423333,-70.6373333
BWQM,WN228,F10,9/20/2022 8:05,E,E,WN22805F,33.79,32.55,33.55,37.12,5.795,65.75,-0.04,1.064,32.27,24.49,11.91,0.9131,7.835,42.2423333,-70.6373333
BWQM,WN228,F15,9/20/2022 8:41,A,A,WN228074,1.95,1.05,2.05,41.97,7.716,98.04,0.52,1.723,32.02,23.1,17.55,0.4918,8.172,42.3155,-70.7276667
BWQM,WN228,F15,9/20/2022 8:41,B,B,WN228073,9.54,8.56,9.56,41.97,7.697,97.78,0.45,1.64,32.02,23.11,17.54,0.4704,8.17,42.3155,-70.7276667
BWQM,WN228,F15,9/20/2022 8:41,C,C,WN228072,18.38,17.1,18.1,41.62,7.653,96.07,0.34,1.506,32.26,23.45,16.86,0.498,8.161,42.3155,-70.7276667
BWQM,WN228,F15,9/20/2022 8:41,D,D,WN228071,27.21,26.32,27.32,37.57,5.748,65.98,0.09,1.222,32.21,24.34,12.48,0.7377,7.836,42.3155,-70.7276667
BWQM,WN228,F15,9/20/2022 8:41,E,E,WN228070,36.72,35.84,36.84,36.54,5.933,66.32,-0.17,0.9075,32.32,24.66,11.2,1.459,7.835,42.3155,-70.7276667
BWQM,WN228,N07,9/20/2022 9:08,A,A,WN228088,1.8,0.56,1.56,41.88,7.777,98.67,0.88,2.155,32.0,23.1,17.48,0.5939,8.17,42.3563333,-70.7061667
BWQM,WN228,N07,9/20/2022 9:08,B,B,WN228087,12.61,11.3,12.3,41.88,7.742,98.18,0.85,2.114,32.02,23.12,17.45,0.5448,8.17,42.3563333,-70.7061667
BWQM,WN228,N07,9/20/2022 9:08,C,C,WN228086,22.32,21.07,22.07,41.72,7.71,97.1,0.37,1.547,32.2,23.36,17.04,0.5129,8.171,42.3563333,-70.7061667
BWQM,WN228,N07,9/20/2022 9:08,D,D,WN228085,32.96,32.18,33.18,38.66,6.944,81.67,1.11,2.427,32.28,24.17,13.61,0.6774,7.97,42.3563333,-70.7061667
BWQM,WN228,N07,9/20/2022 9:08,E,E,WN228084,44.01,42.8,43.8,36.57,6.425,71.86,0.15,1.284,32.33,24.66,11.23,0.8116,7.876,42.3563333,-70.7061667
BWQM,WN228,N18,9/20/2022 9:44,A,A,WN228096,1.83,0.68,1.68,42.19,7.596,97.13,0.67,1.9,31.92,22.94,17.91,0.5077,8.159,42.3658333,-70.7776667
BWQM,WN228,N18,9/20/2022 9:44,B,B,WN228095,7.66,6.3,7.3,42.19,7.551,96.55,0.7,1.936,31.92,22.94,17.91,0.5312,8.159,42.3658333,-70.7776667
BWQM,WN228,N18,9/20/2022 9:44,C,C,WN228094,13.57,12.22,13.22,42.05,7.485,95.38,0.41,1.595,31.95,23.0,17.72,0.51,8.145,42.3658333,-70.7776667
BWQM,WN228,N18,9/20/2022 9:44,D,D,WN228093,19.14,18.32,19.32,41.45,7.244,90.98,0.29,1.449,32.04,23.26,16.95,0.4645,8.116,42.3658333,-70.7776667
BWQM,WN228,N18,9/20/2022 9:44,E,E,WN228092,25.26,24.24,25.24,38.19,5.936,69.15,0.01,1.126,32.2,24.19,13.18,0.8501,7.898,42.3658333,-70.7776667
BWQM,WN228,N21,9/20/2022 10:08,A,A,WN2280A5,1.88,1.11,2.11,42.14,7.546,96.41,0.59,1.81,31.92,22.95,17.87,0.5093,8.159,42.3878333,-70.7853333
BWQM,WN228,N21,9/20/2022 10:08,B,B,WN2280A4,9.59,8.5,9.5,42.14,7.551,96.45,0.76,2.013,31.92,22.95,17.86,0.5331,8.158,42.3878333,-70.7853333
BWQM,WN228,N21,9/20/2022 10:08,C,C,WN2280A3,17.09,15.94,16.94,42.09,7.501,95.66,0.42,1.611,31.94,22.99,17.77,0.4982,8.142,42.3878333,-70.7853333
BWQM,WN228,N21,9/20/2022 10:08,D,D,WN2280A2,25.03,23.94,24.94,37.81,5.94,69.12,0.07,1.193,31.8,23.87,13.24,0.9318,7.796,42.3878333,-70.7853333
BWQM,WN228,N21,9/20/2022 10:08,E,E,WN2280A1,32.69,31.39,32.39,37.65,5.823,67.05,-0.01,1.101,32.15,24.26,12.64,0.8308,7.85,42.3878333,-70.7853333
BWQM,WN228,F22,9/20/2022 10:56,A,A,WN2280B5,2.78,2.15,3.15,42.14,7.562,96.7,0.96,2.243,31.87,22.9,17.93,0.5582,8.145,42.4798333,-70.6176667
BWQM,WN228,F22,9/20/2022 10:56,B,B,WN2280B4,14.37,13.56,14.56,41.99,7.362,93.81,0.47,1.667,31.89,22.95,17.74,0.5472,8.105,42.4798333,-70.6176667
BWQM,WN228,F22,9/20/2022 10:56,C,C,WN2280B3,25.37,24.31,25.31,37.85,6.263,72.42,0.43,1.619,32.18,24.24,12.84,0.7301,7.895,42.4798333,-70.6176667
BWQM,WN228,F22,9/20/2022 10:56,D,D,WN2280B2,48.18,47.69,48.69,36.14,6.536,72.19,-0.32,0.7365,32.44,24.85,10.62,0.6616,7.887,42.4798333,-70.6176667
BWQM,WN228,F22,9/20/2022 10:56,E,E,WN2280B1,77.55,76.45,77.45,34.98,6.103,65.44,-0.39,0.6504,32.45,25.08,9.273,1.525,7.819,42.4798333,-70.6176667
BWQM,WN228,N04,9/20/2022 11:34,A,A,WN2280C3,2.75,1.54,2.54,42.09,7.317,93.38,0.59,1.804,31.92,22.96,17.81,0.4978,8.164,42.4438333,-70.7365
BWQM,WN228,N04,9/20/2022 11:34,B,B,WN2280C2,13.36,12.22,13.22,42.03,7.165,91.31,0.71,1.951,31.93,22.99,17.73,0.5286,8.155,42.4438333,-70.7365
BWQM,WN228,N04,9/20/2022 11:34,C,C,WN2280C1,24.04,23.02,24.02,39.28,5.78,69.2,0.43,1.615,32.06,23.81,14.55,0.7747,7.921,42.4438333,-70.7365
BWQM,WN228,N04,9/20/2022 11:34,D,D,WN2280C0,34.68,33.77,34.77,36.44,5.752,64.11,-0.26,0.8042,32.35,24.7,11.06,0.9032,7.846,42.4438333,-70.7365
BWQM,WN228,N04,9/20/2022 11:34,E,E,WN2280BF,45.71,44.45,45.45,36.13,5.628,62.24,-0.3,0.7529,32.36,24.77,10.69,1.22,7.827,42.4438333,-70.7365
BWQM,WN228,N01,9/20/2022 12:09,A,A,WN2280D1,2.87,2.15,3.15,41.83,8.153,103.5,5.16,7.21,31.93,23.04,17.51,1.446,8.168,42.4193333,-70.8645
BWQM,WN228,N01,9/20/2022 12:09,C,B,WN2280D0,7.62,6.66,7.66,41.78,7.962,100.9,4.77,6.75,31.93,23.05,17.46,1.332,8.151,42.4193333,-70.8645
BWQM,WN228,N01,9/20/2022 12:09,B,C,WN2280CF,15.13,13.93,14.93,41.56,7.362,92.84,1.87,3.326,31.96,23.14,17.18,0.9306,8.092,42.4193333,-70.8645
BWQM,WN228,N01,9/20/2022 12:09,D,D,WN2280CE,22.24,21.38,22.38,38.86,5.938,70.29,0.07,1.19,32.17,24.01,13.96,0.8447,7.919,42.4193333,-70.8645
BWQM,WN228,N01,9/20/2022 12:09,E,E,WN2280CD,29.22,28.52,29.52,37.85,5.443,62.82,-0.15,0.9282,32.27,24.33,12.72,1.051,7.846,42.4193333,-70.8645
BWQM,WN228,F23,9/20/2022 12:42,A,A,WN2280DF,2.59,1.6,2.6,41.96,6.778,86.72,1.91,3.373,31.64,22.69,18.03,2.3,7.951,42.3391667,-70.942
BWQM,WN228,F23,9/20/2022 12:42,B,B,WN2280DE,7.68,6.54,7.54,41.94,6.651,84.98,1.41,2.779,31.68,22.74,17.95,2.307,7.948,42.3391667,-70.942
BWQM,WN228,F23,9/20/2022 12:42,C,C,WN2280DD,12.48,11.55,12.55,41.93,6.576,83.99,1.15,2.464,31.69,22.76,17.92,2.3,7.943,42.3391667,-70.942
BWQM,WN228,F23,9/20/2022 12:42,D,D,WN2280DC,18.42,17.65,18.65,41.91,6.587,84.08,1.23,2.566,31.69,22.77,17.89,2.311,7.947,42.3391667,-70.942
BWQM,WN228,F23,9/20/2022 12:42,E,E,WN2280DB,24.23,23.15,24.15,41.88,6.594,84.1,1.21,2.54,31.71,22.8,17.84,2.259,7.95,42.3391667,-70.942
BWQM,WN229,F13,10/18/2022 7:09,A,A,WN229024,2.04,0.71,1.71,39.26,8.54,102.4,6.11,6.698,31.99,23.73,14.63,1.194,8.172,42.2683333,-70.735
BWQM,WN229,F13,10/18/2022 7:09,C,B,WN229023,6.74,5.9,6.9,39.23,8.281,99.11,4.71,5.453,32.04,23.79,14.53,1.182,8.157,42.2683333,-70.735
BWQM,WN229,F13,10/18/2022 7:09,B,C,WN229022,12.48,11.33,12.33,38.72,6.56,77.25,0.6,1.441,32.29,24.16,13.67,0.7031,8.031,42.2683333,-70.735
BWQM,WN229,F13,10/18/2022 7:09,D,D,WN229021,18.69,17.68,18.68,38.46,6.23,72.82,0.31,1.131,32.36,24.29,13.3,0.7918,8.002,42.2683333,-70.735
BWQM,WN229,F13,10/18/2022 7:09,E,E,WN229020,24.43,23.42,24.42,38.01,5.709,65.9,0.56,1.405,32.48,24.51,12.66,1.055,7.945,42.2683333,-70.735
BWQM,WN229,F06,10/18/2022 7:56,A,A,WN229032,2.07,1.2,2.2,39.81,8.04,97.74,4.56,5.318,31.89,23.5,15.35,0.8998,8.186,42.1706667,-70.5766667
BWQM,WN229,F06,10/18/2022 7:56,C,B,WN229031,8.67,7.49,8.49,39.8,8.01,97.3,3.88,4.693,31.92,23.53,15.31,0.8595,8.181,42.1706667,-70.5766667
BWQM,WN229,F06,10/18/2022 7:56,B,C,WN229030,17.32,16.52,17.52,39.43,6.769,81.35,1.25,2.132,32.05,23.75,14.74,0.5869,8.066,42.1706667,-70.5766667
BWQM,WN229,F06,10/18/2022 7:56,D,D,WN22902F,25.22,24.09,25.09,38.0,5.73,66.39,1.41,2.297,32.25,24.29,12.91,0.6955,7.934,42.1706667,-70.5766667
BWQM,WN229,F06,10/18/2022 7:56,E,E,WN22902E,34.86,33.73,34.73,36.93,5.306,59.74,1.52,2.408,32.44,24.69,11.51,1.071,7.865,42.1706667,-70.5766667
BWQM,WN229,F10,10/18/2022 8:25,A,A,WN229040,2.12,1.02,2.02,39.16,8.065,96.39,5.09,5.796,32.04,23.8,14.47,1.127,8.145,42.2423333,-70.6373333
BWQM,WN229,F10,10/18/2022 8:25,C,B,WN22903F,7.68,6.51,7.51,39.11,7.846,93.64,4.9,5.628,32.04,23.82,14.39,1.123,8.13,42.2423333,-70.6373333
BWQM,WN229,F10,10/18/2022 8:25,B,C,WN22903E,14.48,12.98,13.98,38.24,6.297,73.42,1.92,2.812,32.23,24.21,13.21,0.8796,7.989,42.2423333,-70.6373333
BWQM,WN229,F10,10/18/2022 8:25,D,D,WN22903D,21.07,20.24,21.24,37.88,6.206,71.62,0.53,1.369,32.33,24.39,12.69,0.5865,7.979,42.2423333,-70.6373333
BWQM,WN229,F10,10/18/2022 8:25,E,E,WN22903C,28.43,27.38,28.38,37.73,6.169,70.81,0.72,1.571,32.43,24.52,12.41,0.6983,7.975,42.2423333,-70.6373333
BWQM,WN229,F15,10/18/2022 8:58,A,A,WN22904E,2.22,1.38,2.38,39.3,8.657,103.9,4.33,5.106,31.99,23.72,14.67,1.129,8.191,42.3155,-70.7276667
BWQM,WN229,F15,10/18/2022 8:58,C,B,WN22904D,9.82,9.19,10.19,39.27,8.521,102.0,3.51,4.346,32.05,23.79,14.56,1.049,8.186,42.3155,-70.7276667
BWQM,WN229,F15,10/18/2022 8:58,B,C,WN22904C,18.73,17.74,18.74,38.41,6.754,78.83,0.61,1.454,32.38,24.32,13.22,0.5782,8.044,42.3155,-70.7276667
BWQM,WN229,F15,10/18/2022 8:58,D,D,WN22904B,27.1,26.41,27.41,37.67,6.393,73.03,0.13,0.9221,32.62,24.72,12.13,0.6048,8.001,42.3155,-70.7276667
BWQM,WN229,F15,10/18/2022 8:58,E,E,WN22904A,36.37,35.63,36.63,37.43,5.88,66.73,0.39,1.215,32.66,24.81,11.81,1.405,7.944,42.3155,-70.7276667
BWQM,WN229,N07,10/18/2022 9:19,A,A,WN229060,2.13,1.14,2.14,39.33,8.186,98.27,5.46,6.126,32.0,23.72,14.7,1.058,8.167,42.3563333,-70.7061667
BWQM,WN229,N07,10/18/2022 9:19,C,B,WN22905F,9.71,8.71,9.71,39.26,7.345,87.92,3.02,3.888,32.06,23.81,14.54,0.8116,8.106,42.3563333,-70.7061667
BWQM,WN229,N07,10/18/2022 9:19,B,C,WN22905E,24.4,23.11,24.11,38.22,6.937,80.37,0.16,0.9603,32.54,24.52,12.82,0.4865,8.061,42.3563333,-70.7061667
BWQM,WN229,N07,10/18/2022 9:19,D,D,WN22905D,36.04,35.2,36.2,38.03,6.849,78.82,0.0,0.7844,32.67,24.69,12.46,0.4579,8.04,42.3563333,-70.7061667
BWQM,WN229,N07,10/18/2022 9:19,E,E,WN22905C,47.89,46.62,47.62,37.12,5.397,60.83,0.09,0.878,32.63,24.84,11.5,1.172,7.891,42.3563333,-70.7061667
BWQM,WN229,N18,10/18/2022 9:47,A,A,WN22906E,2.26,1.38,2.38,39.29,8.532,102.5,5.68,6.324,31.91,23.64,14.77,1.314,8.158,42.3658333,-70.7776667
BWQM,WN229,N18,10/18/2022 9:47,C,B,WN22906D,5.82,4.86,5.86,39.3,8.591,103.0,4.62,5.369,32.01,23.74,14.65,1.134,8.186,42.3658333,-70.7776667
BWQM,WN229,N18,10/18/2022 9:47,B,C,WN22906C,10.7,9.74,10.74,39.29,8.195,98.16,3.44,4.278,32.06,23.8,14.57,0.9538,8.17,42.3658333,-70.7776667
BWQM,WN229,N18,10/18/2022 9:47,D,D,WN22906B,15.06,13.83,14.83,38.69,7.073,83.11,0.4,1.23,32.37,24.25,13.54,0.5366,8.078,42.3658333,-70.7776667
BWQM,WN229,N18,10/18/2022 9:47,E,E,WN22906A,22.24,20.98,21.98,38.32,6.58,76.43,0.09,0.8814,32.52,24.49,12.95,0.576,8.035,42.3658333,-70.7776667
BWQM,WN229,N21,10/18/2022 10:11,A,A,WN22907C,2.1,0.71,1.71,39.32,8.622,103.6,4.09,4.883,31.95,23.68,14.75,1.273,8.178,42.3878333,-70.7853333
BWQM,WN229,N21,10/18/2022 10:11,C,B,WN22907B,8.74,8.03,9.03,39.25,8.327,99.65,3.36,4.204,32.07,23.82,14.52,0.9598,8.178,42.3878333,-70.7853333
BWQM,WN229,N21,10/18/2022 10:11,B,C,WN22907A,15.48,14.26,15.26,37.73,6.453,74.45,0.48,1.308,32.15,24.24,12.73,0.774,7.941,42.3878333,-70.7853333
BWQM,WN229,N21,10/18/2022 10:11,D,D,WN229079,23.39,22.44,23.44,37.52,6.256,71.77,0.19,0.9988,32.2,24.33,12.45,0.7861,7.918,42.3878333,-70.7853333
BWQM,WN229,N21,10/18/2022 10:11,E,E,WN229078,31.4,30.19,31.19,37.62,5.944,67.82,0.02,0.8019,32.62,24.73,12.07,0.9007,7.955,42.3878333,-70.7853333
BWQM,WN229,F22,10/18/2022 11:09,A,A,WN22908C,2.1,0.83,1.83,39.37,8.762,105.1,2.32,3.209,32.11,23.83,14.61,1.179,8.218,42.4798333,-70.6176667
BWQM,WN229,F22,10/18/2022 11:09,C,B,WN22908B,14.0,13.35,14.35,39.05,8.332,98.79,4.02,4.827,32.32,24.12,13.99,0.8803,8.189,42.4798333,-70.6176667
BWQM,WN229,F22,10/18/2022 11:09,B,C,WN22908A,38.21,37.21,38.21,37.78,6.907,78.93,0.09,0.8811,32.73,24.81,12.11,0.4294,8.04,42.4798333,-70.6176667
BWQM,WN229,F22,10/18/2022 11:09,D,D,WN229089,57.26,55.84,56.84,36.7,6.108,67.9,-0.06,0.7081,32.83,25.12,10.8,0.7453,7.939,42.4798333,-70.6176667
BWQM,WN229,F22,10/18/2022 11:09,E,E,WN229088,76.1,75.2,76.2,36.79,6.078,67.66,-0.05,0.719,32.87,25.14,10.85,1.166,7.937,42.4798333,-70.6176667
BWQM,WN229,N04,10/18/2022 11:52,A,A,WN22909A,2.2,1.08,2.08,39.61,8.657,104.5,2.25,3.14,32.03,23.69,14.96,1.094,8.217,42.4438333,-70.7365
BWQM,WN229,N04,10/18/2022 11:52,C,B,WN229099,12.72,12.06,13.06,39.31,8.574,102.8,4.45,5.222,32.03,23.76,14.64,1.009,8.195,42.4438333,-70.7365
BWQM,WN229,N04,10/18/2022 11:52,B,C,WN229098,23.47,22.62,23.62,38.06,6.242,72.21,0.32,1.137,32.41,24.43,12.79,0.658,7.991,42.4438333,-70.7365
BWQM,WN229,N04,10/18/2022 11:52,D,D,WN229097,33.56,32.27,33.27,38.13,7.036,81.07,0.09,0.8797,32.72,24.73,12.51,0.4344,8.059,42.4438333,-70.7365
BWQM,WN229,N04,10/18/2022 11:52,E,E,WN229096,46.54,45.58,46.58,37.63,6.139,69.89,0.05,0.8421,32.73,24.84,11.94,0.8302,7.968,42.4438333,-70.7365
BWQM,WN229,N01,10/18/2022 12:31,A,A,WN2290A8,2.28,1.14,2.14,39.27,8.423,101.3,3.89,4.699,31.83,23.57,14.83,1.649,8.132,42.4193333,-70.8645
BWQM,WN229,N01,10/18/2022 12:31,C,B,WN2290A7,7.83,7.0,8.0,39.2,8.547,102.3,6.12,6.707,31.98,23.73,14.57,1.148,8.163,42.4193333,-70.8645
BWQM,WN229,N01,10/18/2022 12:31,B,C,WN2290A6,14.06,13.1,14.1,38.28,6.094,71.02,0.61,1.456,32.3,24.27,13.17,0.8382,7.977,42.4193333,-70.8645
BWQM,WN229,N01,10/18/2022 12:31,D,D,WN2290A5,21.72,20.3,21.3,37.45,5.511,62.81,0.21,1.013,32.46,24.6,12.07,0.872,7.914,42.4193333,-70.8645
BWQM,WN229,N01,10/18/2022 12:31,E,E,WN2290A4,28.64,27.69,28.69,37.24,5.166,58.54,0.21,1.019,32.5,24.69,11.78,1.634,7.871,42.4193333,-70.8645
BWQM,WN229,F23,10/18/2022 13:24,A,A,WN2290B6,2.26,1.26,2.26,38.66,7.096,85.01,1.66,2.55,31.31,23.17,14.8,2.025,7.994,42.3391667,-70.942
BWQM,WN229,F23,10/18/2022 13:24,B,B,WN2290B5,7.97,7.0,8.0,38.67,6.617,78.7,0.86,1.725,31.69,23.56,14.34,2.012,7.972,42.3391667,-70.942
BWQM,WN229,F23,10/18/2022 13:24,C,C,WN2290B4,13.81,12.8,13.8,38.66,6.421,76.16,0.75,1.604,31.83,23.7,14.16,2.095,7.964,42.3391667,-70.942
BWQM,WN229,F23,10/18/2022 13:24,D,D,WN2290B3,19.14,18.11,19.11,38.57,6.16,72.65,0.68,1.525,32.01,23.92,13.83,2.977,7.946,42.3391667,-70.942
BWQM,WN229,F23,10/18/2022 13:24,E,E,WN2290B2,25.32,24.39,25.39,38.43,5.779,67.75,0.55,1.39,32.16,24.1,13.5,4.041,7.934,42.3391667,-70.942
