Date,Time,Temp.[°C],pH ,mV[pH],ORP[mV],EC[µS/cm],EC Abs.[µS/cm],RES[Ohm-cm ],TDS [ppm],Sal.[PSU],Sigma T,D.O.[%],D.O.[mg/L],Turb.[FNU],Battery[V],Remarks,,,,,,,,
2024/06/10,20:55:00,21.09,7.93,-53.6,-7.8,39210,36300,26,19600,25.04,16.9,93.0,7.06,3.6,5.87,,,,,,,,,
2024/06/10,21:55:00,20.47,7.97,-55.6,-7.7,41470,37900,24,20730,26.65,18.3,93.0,7.05,3.6,5.87,,,,,,,,,
2024/06/10,22:55:00,20.13,8.00,-57.5,-7.7,42290,38380,24,21140,27.24,18.8,83.0,6.29,10.5,5.87,,,,,,,,,
2024/06/10,23:55:00,20.28,8.01,-58.0,-7.7,42230,38440,24,21110,27.20,18.8,88.5,6.71,7.5,5.86,,,,,,,,,
2024/06/11,00:55:00,19.99,8.01,-58.0,-7.6,42920,38840,23,21460,27.69,19.2,80.8,6.12,6.6,5.87,,,,,,,,,
2024/06/11,01:55:00,20.04,8.00,-57.4,-7.6,42630,38610,23,21310,27.48,19.0,88.7,6.73,4.6,5.85,,,,,,,,,
2024/06/11,02:55:00,19.89,7.99,-56.5,-7.8,42760,38610,23,21380,27.58,19.1,81.4,6.18,5.1,5.85,,,,,,,,,
2024/06/11,03:55:00,19.62,7.98,-56.2,-7.8,43120,38720,23,21560,27.84,19.4,82.0,6.24,4.5,5.85,,,,,,,,,
2024/06/11,04:55:00,19.60,7.98,-56.1,-7.7,43060,38640,23,21530,27.80,19.4,76.0,5.78,4.5,5.85,,,,,,,,,
2024/06/11,05:55:00,19.96,7.89,-50.9,-8.1,40590,36700,25,20290,26.03,17.9,76.2,5.84,2.3,5.85,,,,,,,,,
2024/06/11,06:55:00,19.91,7.79,-45.7,-8.3,38540,34810,26,19270,24.58,16.9,72.1,5.58,3.0,5.85,,,,,,,,,
2024/06/11,07:55:00,19.70,7.71,-41.2,-8.5,36700,33010,27,18350,23.29,15.9,67.3,5.27,3.6,5.84,,,,,,,,,
2024/06/11,08:55:00,19.74,7.73,-42.2,-8.5,38140,34320,26,19070,24.30,16.7,69.7,5.42,2.6,5.84,,,,,,,,,
2024/06/11,09:55:00,19.65,7.84,-48.1,-8.4,40530,36410,25,20260,25.99,18.0,69.9,5.38,3.8,5.84,,,,,,,,,
2024/06/11,10:55:00,19.58,7.86,-49.7,-8.5,41710,37420,24,20850,26.83,18.6,67.9,5.20,3.6,5.83,,,,,,,,,
2024/06/11,11:55:00,19.41,7.85,-48.7,-8.5,42400,37900,24,21200,27.33,19.1,56.1,4.30,5.8,5.83,,,,,,,,,
2024/06/11,12:55:00,19.40,7.86,-49.6,-8.7,42320,37820,24,21160,27.27,19.0,68.7,5.27,4.5,5.83,,,,,,,,,
2024/06/11,13:55:00,19.31,7.93,-53.4,-8.7,42490,37900,24,21240,27.39,19.1,79.0,6.06,4.0,5.84,,,,,,,,,
2024/06/11,14:55:00,19.54,7.96,-55.1,-8.7,42660,38240,23,21330,27.51,19.2,81.1,6.19,8.2,5.82,,,,,,,,,
2024/06/11,15:55:00,19.66,7.99,-56.6,-8.8,42940,38580,23,21470,27.71,19.3,83.7,6.37,5.0,5.83,,,,,,,,,
2024/06/11,16:55:00,19.69,7.98,-56.4,-8.7,43140,38790,23,21570,27.86,19.4,71.8,5.46,4.2,5.83,,,,,,,,,
2024/06/11,17:55:00,20.87,8.01,-57.9,-9.0,41610,38350,24,20800,26.75,18.3,89.6,6.75,8.6,5.82,,,,,,,,,
2024/06/11,18:55:00,21.28,8.03,-59.1,-9.0,40470,37610,25,20230,25.93,17.5,87.7,6.60,2.5,5.82,,,,,,,,,
2024/06/11,19:55:00,21.72,8.05,-60.5,-9.0,39670,37200,25,19830,25.36,17.0,103.9,7.80,4.4,5.83,,,,,,,,,
2024/06/11,20:55:00,21.75,8.07,-61.6,-8.9,39530,37090,25,19760,25.25,16.9,99.0,7.43,4.4,5.83,,,,,,,,,
2024/06/11,21:55:00,21.38,8.07,-61.3,-8.8,40480,37700,25,20240,25.94,17.5,99.2,7.45,4.9,5.82,,,,,,,,,
2024/06/11,22:55:00,21.46,8.05,-60.4,-9.0,40770,38030,25,20380,26.14,17.6,99.4,7.45,5.6,5.83,,,,,,,,,
2024/06/11,23:55:00,20.49,8.04,-59.8,-8.8,42780,39120,23,21390,27.59,19.0,91.4,6.88,5.0,5.82,,,,,,,,,
2024/06/12,00:55:00,20.39,8.03,-59.0,-8.9,42920,39160,23,21460,27.69,19.1,78.6,5.92,5.2,5.82,,,,,,,,,
2024/06/12,01:55:00,20.34,8.03,-59.3,-9.1,43010,39200,23,21500,27.75,19.2,90.0,6.78,5.6,5.82,,,,,,,,,
2024/06/12,02:55:00,20.24,8.03,-59.2,-9.1,43040,39140,23,21520,27.77,19.2,87.0,6.57,3.9,5.82,,,,,,,,,
2024/06/12,03:55:00,19.96,8.03,-58.9,-9.2,43160,39030,23,21580,27.87,19.3,86.1,6.52,3.8,5.81,,,,,,,,,
2024/06/12,04:55:00,19.87,8.01,-58.1,-9.3,43230,39020,23,21610,27.92,19.4,82.4,6.25,4.1,5.82,,,,,,,,,
2024/06/12,05:55:00,20.04,7.97,-55.7,-9.5,43060,39000,23,21530,27.79,19.3,71.2,5.39,2.7,5.81,,,,,,,,,
2024/06/12,06:55:00,20.16,7.94,-53.8,-9.7,42320,38430,24,21160,27.26,18.8,70.5,5.35,3.1,5.81,,,,,,,,,
2024/06/12,07:55:00,20.28,7.83,-47.7,-10.1,38820,35340,26,19410,24.77,16.9,71.7,5.52,3.0,5.81,,,,,,,,,
2024/06/12,08:55:00,20.17,7.77,-44.7,-10.2,38240,34730,26,19120,24.36,16.6,62.7,4.85,2.5,5.80,,,,,,,,,
2024/06/12,09:55:00,20.14,7.83,-47.8,-10.1,39610,35950,25,19800,25.33,17.4,67.2,5.16,3.4,5.81,,,,,,,,,
2024/06/12,10:55:00,19.87,7.89,-50.9,-10.1,42240,38120,24,21120,27.20,18.9,70.6,5.38,8.5,5.80,,,,,,,,,
2024/06/12,11:55:00,19.76,7.90,-51.5,-10.0,42610,38370,23,21300,27.47,19.1,65.9,5.02,7.6,5.80,,,,,,,,,
2024/06/12,12:55:00,19.76,7.92,-53.1,-9.9,42450,38230,24,21220,27.36,19.0,64.7,4.93,7.0,5.81,,,,,,,,,
2024/06/12,13:55:00,19.79,7.91,-52.3,-10.1,42610,38390,23,21300,27.47,19.1,74.0,5.63,6.9,5.80,,,,,,,,,
2024/06/12,14:55:00,19.98,7.98,-56.3,-10.1,42400,38360,24,21200,27.32,18.9,85.5,6.50,6.4,5.80,,,,,,,,,
2024/06/12,15:55:00,20.21,8.01,-58.1,-10.2,42690,38810,23,21340,27.53,19.0,87.1,6.59,4.0,5.79,,,,,,,,,
2024/06/12,16:55:00,20.19,8.02,-58.7,-10.1,42840,38930,23,21420,27.64,19.1,69.2,5.23,4.8,5.79,,,,,,,,,
2024/06/12,17:55:00,20.23,8.03,-59.1,-10.2,42850,38960,23,21420,27.64,19.1,82.4,6.23,4.1,5.79,,,,,,,,,
2024/06/12,18:55:00,21.42,8.06,-60.8,-10.3,41900,39050,24,20950,26.94,18.3,89.3,6.66,3.3,5.79,,,,,,,,,
2024/06/12,19:55:00,21.77,8.08,-62.4,-10.2,41110,38590,24,20550,26.38,17.7,90.9,6.78,3.1,5.80,,,,,,,,,
2024/06/12,20:55:00,22.66,8.12,-64.6,-10.4,39020,37280,26,19510,24.88,16.4,110.0,8.16,2.5,5.79,,,,,,,,,
2024/06/12,21:55:00,22.28,8.14,-65.4,-10.1,40170,38100,25,20080,25.70,17.1,105.7,7.85,3.7,5.80,,,,,,,,,
2024/06/12,22:55:00,21.90,8.11,-63.8,-9.9,40920,38510,24,20460,26.24,17.6,106.1,7.90,6.2,5.80,,,,,,,,,
2024/06/12,23:55:00,21.14,8.08,-61.8,-9.8,42250,39150,24,21120,27.20,18.5,97.5,7.30,4.9,5.79,,,,,,,,,
2024/06/13,00:55:00,20.77,8.05,-60.4,-9.7,42690,39260,23,21340,27.52,18.9,82.4,6.19,5.4,5.79,,,,,,,,,
2024/06/13,01:55:00,20.70,8.03,-58.9,-9.8,42540,39070,24,21270,27.41,18.8,73.9,5.56,6.6,5.79,,,,,,,,,
2024/06/13,02:55:00,20.61,8.05,-60.2,-10.0,42790,39220,23,21390,27.59,19.0,86.3,6.48,7.5,5.79,,,,,,,,,
2024/06/13,03:55:00,20.61,8.05,-60.3,-10.0,42730,39160,23,21360,27.55,18.9,89.2,6.71,8.2,5.79,,,,,,,,,
2024/06/13,04:55:00,20.38,8.03,-58.9,-10.1,42500,38770,24,21250,27.39,18.9,83.9,6.33,7.9,5.79,,,,,,,,,
2024/06/13,05:55:00,20.12,8.02,-58.4,-10.0,42720,38760,23,21360,27.55,19.1,60.0,4.54,2.9,5.79,,,,,,,,,
2024/06/13,06:55:00,20.49,7.97,-55.9,-10.3,42370,38740,24,21180,27.29,18.8,66.7,5.04,3.9,5.78,,,,,,,,,
2024/06/13,07:55:00,20.61,7.93,-53.6,-10.6,40960,37550,24,20480,26.29,18.0,74.0,5.61,3.5,5.78,,,,,,,,,
2024/06/13,08:55:00,20.70,7.85,-48.8,-10.9,39350,36130,25,19670,25.14,17.1,69.4,5.30,4.7,5.79,,,,,,,,,
2024/06/13,09:55:00,20.61,7.83,-47.9,-10.9,40470,37090,25,20230,25.93,17.7,54.7,4.15,4.8,5.77,,,,,,,,,
2024/06/13,10:55:00,20.31,7.93,-53.5,-10.6,42070,38320,24,21030,27.08,18.7,69.2,5.24,5.9,5.78,,,,,,,,,
2024/06/13,11:55:00,20.43,7.90,-52.1,-10.8,41470,37870,24,20730,26.65,18.3,68.5,5.19,5.6,5.78,,,,,,,,,
2024/06/13,12:55:00,20.14,7.95,-54.3,-10.8,42280,38380,24,21140,27.23,18.8,72.6,5.51,5.5,5.78,,,,,,,,,
2024/06/13,13:55:00,20.18,7.92,-53.1,-10.7,42020,38170,24,21010,27.04,18.7,63.0,4.78,7.3,5.79,,,,,,,,,
2024/06/13,14:55:00,20.22,7.96,-55.4,-10.8,42320,38480,24,21160,27.26,18.8,76.7,5.81,6.7,5.77,,,,,,,,,
2024/06/13,15:55:00,20.38,8.03,-58.9,-10.8,42280,38570,24,21140,27.23,18.8,84.4,6.38,5.2,5.77,,,,,,,,,
2024/06/13,16:55:00,20.56,8.04,-59.9,-10.8,42240,38680,24,21120,27.20,18.7,90.4,6.82,8.5,5.77,,,,,,,,,
2024/06/13,17:55:00,20.56,8.05,-60.4,-10.7,42480,38890,24,21240,27.37,18.8,86.0,6.48,5.7,5.76,,,,,,,,,
2024/06/13,18:55:00,20.53,8.04,-59.4,-10.8,42490,38880,24,21240,27.38,18.8,71.2,5.37,7.7,5.77,,,,,,,,,
2024/06/13,19:55:00,21.66,8.09,-62.9,-11.1,41900,39240,24,20950,26.94,18.2,92.2,6.86,5.6,5.77,,,,,,,,,
2024/06/13,20:55:00,22.36,8.11,-64.3,-11.2,40840,38790,24,20420,26.18,17.4,98.9,7.32,5.5,5.76,,,,,,,,,
2024/06/13,21:55:00,22.96,8.15,-66.4,-11.4,38740,37240,26,19370,24.68,16.1,106.9,7.91,6.3,5.78,,,,,,,,,
2024/06/13,22:55:00,22.51,8.13,-65.2,-10.9,40360,38440,25,20180,25.83,17.1,94.6,7.00,9.2,5.77,,,,,,,,,
2024/06/13,23:55:00,21.50,8.09,-62.4,-10.6,41670,38900,24,20830,26.78,18.1,94.3,7.04,9.9,5.77,,,,,,,,,
2024/06/14,00:55:00,21.21,8.07,-61.7,-10.5,42110,39080,24,21050,27.10,18.4,86.4,6.46,16.5,5.76,,,,,,,,,
2024/06/14,01:55:00,21.21,8.07,-61.3,-10.6,42230,39190,24,21110,27.18,18.5,84.2,6.29,15.0,5.77,,,,,,,,,
2024/06/14,02:55:00,21.01,8.00,-57.6,-10.7,42150,38960,24,21070,27.13,18.5,67.3,5.04,16.9,5.77,,,,,,,,,
2024/06/14,03:55:00,21.15,8.04,-60.0,-10.7,42170,39090,24,21080,27.14,18.5,79.4,5.94,9.4,5.78,,,,,,,,,
2024/06/14,04:55:00,21.04,8.04,-60.0,-10.7,42350,39160,24,21170,27.27,18.6,81.5,6.10,10.9,5.77,,,,,,,,,
2024/06/14,05:55:00,20.77,8.03,-58.9,-10.7,42120,38730,24,21060,27.11,18.6,78.4,5.90,11.8,5.76,,,,,,,,,
2024/06/14,06:55:00,20.50,7.97,-55.9,-10.8,42390,38760,24,21190,27.31,18.8,59.7,4.50,20.6,5.76,,,,,,,,,
2024/06/14,07:55:00,20.84,7.96,-55.0,-11.0,41930,38610,24,20960,26.97,18.4,64.2,4.83,19.0,5.77,,,,,,,,,
2024/06/14,08:55:00,20.95,7.90,-52.1,-11.2,40790,37650,25,20390,26.16,17.8,64.7,4.88,16.2,5.76,,,,,,,,,
2024/06/14,09:55:00,20.97,7.81,-46.7,-11.6,37860,34960,26,18930,24.09,16.2,58.4,4.47,16.9,5.76,,,,,,,,,
2024/06/14,10:55:00,20.92,7.86,-49.7,-11.4,40250,37130,25,20120,25.77,17.5,53.9,4.08,28.2,5.76,,,,,,,,,
2024/06/14,11:55:00,20.64,7.91,-52.6,-11.2,41770,38310,24,20880,26.86,18.4,60.1,4.53,29.8,5.75,,,,,,,,,
2024/06/14,12:55:00,20.63,7.92,-53.1,-11.2,41760,38290,24,20880,26.85,18.4,54.0,4.08,41.8,5.76,,,,,,,,,
2024/06/14,13:55:00,20.61,7.94,-53.9,-11.2,41950,38450,24,20970,26.99,18.5,61.5,4.64,49.9,5.75,,,,,,,,,
2024/06/14,14:55:00,20.70,7.96,-55.4,-11.2,41880,38460,24,20940,26.94,18.5,65.1,4.90,41.0,5.76,,,,,,,,,
2024/06/14,15:55:00,20.76,8.02,-58.5,-11.3,42050,38670,24,21020,27.06,18.5,75.5,5.68,15.8,5.75,,,,,,,,,
2024/06/14,16:55:00,21.23,8.06,-60.9,-11.4,41900,38900,24,20950,26.95,18.3,85.3,6.38,17.4,5.75,,,,,,,,,
2024/06/14,17:55:00,21.34,8.07,-61.6,-11.4,42050,39130,24,21020,27.06,18.4,83.8,6.25,31.7,5.75,,,,,,,,,
2024/06/14,18:55:00,21.21,8.03,-59.4,-11.4,42230,39180,24,21110,27.18,18.5,69.5,5.19,33.4,5.75,,,,,,,,,
2024/06/14,19:55:00,21.25,8.08,-61.9,-11.4,42190,39180,24,21090,27.15,18.5,77.1,5.76,35.2,5.75,,,,,,,,,
2024/06/14,20:55:00,21.89,8.09,-63.0,-11.6,41670,39210,24,20830,26.77,18.0,79.1,5.87,36.2,5.75,,,,,,,,,
2024/06/14,21:55:00,22.30,8.08,-62.1,-11.6,40790,38700,25,20390,26.14,17.4,76.9,5.69,36.6,5.75,,,,,,,,,
2024/06/14,22:55:00,22.81,8.11,-64.3,-11.8,38760,37150,26,19380,24.69,16.2,88.0,6.52,31.2,5.75,,,,,,,,,
2024/06/14,23:55:00,22.56,8.07,-61.7,-11.5,38690,36900,26,19340,24.65,16.2,78.2,5.82,43.7,5.75,,,,,,,,,
2024/06/15,00:55:00,22.03,8.07,-61.6,-11.0,40970,38660,24,20480,26.27,17.6,85.6,6.36,62.1,5.75,,,,,,,,,
2024/06/15,01:55:00,21.70,8.06,-60.9,-10.9,41540,38940,24,20770,26.68,18.0,79.3,5.91,72.9,5.74,,,,,,,,,
2024/06/15,02:55:00,21.20,8.02,-58.6,-10.8,42030,39000,24,21010,27.04,18.4,60.7,4.54,80.2,5.75,,,,,,,,,
2024/06/15,03:55:00,21.27,8.03,-59.2,-10.9,41720,38770,24,20860,26.82,18.2,69.6,5.21,69.2,5.75,,,,,,,,,
2024/06/15,04:55:00,21.14,8.00,-57.5,-10.9,41930,38860,24,20960,26.97,18.4,62.3,4.66,80.0,5.74,,,,,,,,,
2024/06/15,05:55:00,21.50,7.94,-54.4,-11.0,40000,37340,25,20000,25.60,17.2,72.0,5.41,50.9,5.74,,,,,,,,,
2024/06/15,06:55:00,20.93,8.00,-57.3,-10.9,41660,38440,24,20830,26.78,18.3,69.6,5.23,59.6,5.75,,,,,,,,,
2024/06/15,07:55:00,20.88,7.99,-56.7,-10.9,41720,38450,24,20860,26.83,18.3,63.9,4.81,95.5,5.74,,,,,,,,,
2024/06/15,08:55:00,21.12,7.91,-52.7,-11.1,40610,37620,25,20300,26.03,17.7,59.4,4.48,77.0,5.74,,,,,,,,,
2024/06/15,09:55:00,21.15,7.87,-50.3,-11.2,39810,36900,25,19900,25.46,17.2,54.7,4.14,109,5.74,,,,,,,,,
2024/06/15,10:55:00,21.14,7.69,-39.9,-11.4,36950,34240,27,18470,23.44,15.7,49.2,3.77,49.7,5.73,,,,,,,,,
2024/06/15,11:55:00,21.05,7.82,-47.3,-11.0,39930,36930,25,19960,25.55,17.3,52.8,3.99,53.4,5.73,,,,,,,,,
2024/06/15,12:55:00,21.02,7.80,-46.5,-10.9,38750,35820,26,19370,24.71,16.7,47.5,3.62,62.3,5.73,,,,,,,,,
2024/06/15,13:55:00,20.98,7.90,-51.9,-10.7,41010,37870,24,20500,26.31,17.9,58.9,4.44,65.3,5.74,,,,,,,,,
2024/06/15,14:55:00,21.02,7.95,-54.9,-10.5,41520,38380,24,20760,26.68,18.2,62.9,4.73,89.9,5.73,,,,,,,,,
2024/06/15,15:55:00,21.41,7.98,-56.5,-10.6,41030,38230,24,20510,26.33,17.8,66.6,4.99,89.8,5.73,,,,,,,,,
2024/06/15,16:55:00,21.62,8.01,-58.5,-10.6,40670,38050,25,20330,26.06,17.5,76.0,5.69,113,5.73,,,,,,,,,
2024/06/15,17:55:00,21.78,8.07,-61.8,-10.5,41680,39130,24,20840,26.78,18.0,80.6,5.99,134,5.73,,,,,,,,,
2024/06/15,18:55:00,22.02,8.09,-62.6,-10.5,41670,39310,24,20830,26.77,18.0,83.5,6.18,116,5.73,,,,,,,,,
2024/06/15,19:55:00,21.90,8.09,-63.0,-10.4,42010,39540,24,21000,27.02,18.2,74.4,5.51,139,5.73,,,,,,,,,
2024/06/15,20:55:00,22.08,8.10,-63.2,-10.5,41440,39140,24,20720,26.61,17.8,77.3,5.73,133,5.73,,,,,,,,,
2024/06/15,21:55:00,22.53,8.09,-62.9,-10.6,39640,37780,25,19820,25.32,16.7,73.7,5.46,102,5.73,,,,,,,,,
2024/06/15,22:55:00,22.43,8.09,-63.0,-10.5,40240,38280,25,20120,25.75,17.1,78.7,5.83,87.8,5.73,,,,,,,,,
2024/06/15,23:55:00,22.83,8.09,-62.9,-10.4,38840,37230,26,19420,24.75,16.2,72.6,5.38,101,5.72,,,,,,,,,
2024/06/16,00:55:00,22.70,8.09,-62.7,-10.4,39080,37370,26,19540,24.92,16.4,66.8,4.95,111,5.73,,,,,,,,,
2024/06/16,01:55:00,22.50,8.06,-61.1,-10.0,40160,38260,25,20080,25.69,17.0,70.4,5.21,98.6,5.73,,,,,,,,,
2024/06/16,02:55:00,21.79,8.01,-58.4,-9.8,41890,39330,24,20940,26.93,18.2,53.8,4.00,132,5.72,,,,,,,,,
2024/06/16,03:55:00,21.75,8.00,-57.7,-9.6,41960,39380,24,20980,26.99,18.2,55.5,4.12,143,5.73,,,,,,,,,
2024/06/16,04:55:00,21.81,7.99,-57.2,-9.3,41550,39030,24,20770,26.69,18.0,68.6,5.10,159,5.73,,,,,,,,,
2024/06/16,05:55:00,21.43,8.02,-58.7,-9.2,41990,39140,24,20990,27.01,18.3,72.9,5.44,149,5.73,,,,,,,,,
2024/06/16,06:55:00,21.02,8.01,-58.2,-9.3,41980,38810,24,20990,27.01,18.4,70.7,5.30,155,5.72,,,,,,,,,
2024/06/16,07:55:00,20.91,8.00,-57.5,-9.1,42250,38960,24,21120,27.20,18.6,57.4,4.31,169,5.72,,,,,,,,,
2024/06/16,08:55:00,20.91,7.96,-55.4,-9.1,42430,39130,24,21210,27.33,18.7,49.7,3.73,104,5.72,,,,,,,,,
2024/06/16,09:55:00,21.23,7.87,-50.4,-9.1,41780,38790,24,20890,26.86,18.3,49.2,3.68,110,5.71,,,,,,,,,
2024/06/16,10:55:00,21.21,7.88,-50.7,-8.9,41430,38440,24,20710,26.61,18.1,51.9,3.89,93.1,5.72,,,,,,,,,
2024/06/16,11:55:00,21.27,7.76,-44.2,-8.9,39610,36810,25,19800,25.32,17.1,47.7,3.61,98.7,5.71,,,,,,,,,
2024/06/16,12:55:00,21.21,7.82,-47.2,-8.5,40870,37930,24,20430,26.21,17.8,43.8,3.29,121,5.72,,,,,,,,,
2024/06/16,13:55:00,21.17,7.90,-51.8,-8.1,41700,38670,24,20850,26.81,18.2,56.3,4.22,127,5.71,,,,,,,,,
2024/06/16,14:55:00,21.14,7.95,-54.7,-7.8,42070,38980,24,21030,27.07,18.4,55.4,4.14,139,5.71,,,,,,,,,
2024/06/16,15:55:00,21.24,8.01,-58.3,-7.6,42020,39020,24,21010,27.04,18.4,71.9,5.38,128,5.71,,,,,,,,,
2024/06/16,16:55:00,21.17,8.05,-60.4,-7.6,42240,39170,24,21120,27.19,18.5,70.1,5.24,117,5.71,,,,,,,,,
2024/06/16,17:55:00,21.45,8.06,-61.0,-7.4,41510,38710,24,20750,26.67,18.0,79.6,5.94,141,5.71,,,,,,,,,
2024/06/16,18:55:00,21.71,8.11,-63.7,-7.1,41810,39200,24,20900,26.88,18.1,91.2,6.78,78.5,5.71,,,,,,,,,
2024/06/16,19:55:00,21.86,8.12,-64.4,-7.1,41890,39390,24,20940,26.93,18.1,93.1,6.90,100.0,5.71,,,,,,,,,
2024/06/16,20:55:00,21.52,8.10,-63.0,-7.2,42180,39400,24,21090,27.15,18.4,66.3,4.93,159,5.71,,,,,,,,,
2024/06/16,21:55:00,21.87,8.14,-65.5,-6.9,42170,39660,24,21080,27.13,18.3,79.3,5.88,117,5.71,,,,,,,,,
2024/06/16,22:55:00,22.36,8.14,-65.7,-6.6,40950,38900,24,20470,26.25,17.5,84.2,6.23,115,5.71,,,,,,,,,
2024/06/16,23:55:00,23.01,8.15,-66.6,-6.3,38560,37100,26,19280,24.55,16.0,92.2,6.83,110,5.71,,,,,,,,,
2024/06/17,00:55:00,22.71,8.12,-64.5,-6.1,39770,38040,25,19880,25.41,16.8,80.0,5.91,130,5.71,,,,,,,,,
2024/06/17,01:55:00,22.16,8.09,-62.8,-5.7,41040,38820,24,20520,26.32,17.6,78.9,5.85,67.6,5.71,,,,,,,,,
2024/06/17,02:55:00,22.24,8.09,-62.9,-5.1,40950,38810,24,20470,26.26,17.5,73.0,5.40,122,5.70,,,,,,,,,
2024/06/17,03:55:00,21.53,8.04,-59.6,-4.6,42130,39350,24,21060,27.11,18.4,71.5,5.32,116,5.70,,,,,,,,,
2024/06/17,04:55:00,21.41,7.99,-57.0,-4.2,41920,39060,24,20960,26.96,18.3,55.3,4.13,145,5.71,,,,,,,,,
2024/06/17,05:55:00,21.29,8.03,-59.3,-3.6,42120,39150,24,21060,27.11,18.4,72.2,5.39,105,5.71,,,,,,,,,
2024/06/17,06:55:00,20.98,8.04,-59.6,-3.0,42170,38950,24,21080,27.15,18.5,77.2,5.79,69.7,5.70,,,,,,,,,
2024/06/17,07:55:00,20.52,8.02,-58.8,-3.0,42320,38720,24,21160,27.26,18.7,69.7,5.26,59.6,5.70,,,,,,,,,
2024/06/17,08:55:00,20.49,8.00,-57.6,-2.9,42330,38710,24,21160,27.27,18.8,62.6,4.73,103,5.69,,,,,,,,,
2024/06/17,09:55:00,20.55,7.95,-54.4,-2.6,42380,38800,24,21190,27.30,18.8,46.7,3.52,75.4,5.69,,,,,,,,,
2024/06/17,10:55:00,20.76,7.91,-52.6,-2.0,41700,38340,24,20850,26.81,18.3,55.2,4.16,68.9,5.69,,,,,,,,,
2024/06/17,11:55:00,20.87,7.87,-50.2,-1.3,40860,37660,24,20430,26.21,17.9,45.6,3.45,65.4,5.69,,,,,,,,,
2024/06/17,12:55:00,21.05,7.79,-45.6,-0.5,39190,36250,26,19590,25.02,16.9,53.3,4.05,79.7,5.69,,,,,,,,,
2024/06/17,13:55:00,20.90,7.91,-52.3,0.9,41190,37990,24,20590,26.45,18.0,56.5,4.26,80.0,5.68,,,,,,,,,
2024/06/17,14:55:00,20.79,7.95,-54.8,1.8,41700,38360,24,20850,26.81,18.3,48.8,3.68,99.4,5.68,,,,,,,,,
2024/06/17,15:55:00,20.84,8.00,-57.3,3.1,41900,38590,24,20950,26.95,18.4,67.1,5.05,98.0,5.68,,,,,,,,,
2024/06/17,16:55:00,21.13,8.05,-60.1,4.4,41250,38210,24,20620,26.48,18.0,80.9,6.08,84.2,5.68,,,,,,,,,
2024/06/17,17:55:00,21.38,8.08,-62.2,4.5,41900,39010,24,20950,26.94,18.3,83.3,6.22,103,5.69,,,,,,,,,
2024/06/17,18:55:00,21.70,8.12,-64.5,4.9,42020,39390,24,21010,27.03,18.3,94.9,7.05,44.7,5.68,,,,,,,,,
2024/06/17,19:55:00,21.80,8.14,-65.5,3.9,42060,39500,24,21030,27.05,18.2,92.2,6.84,58.7,5.67,,,,,,,,,
2024/06/17,20:55:00,21.69,8.13,-65.2,3.9,42190,39540,24,21090,27.15,18.3,83.0,6.16,58.7,5.67,,,,,,,,,
2024/06/17,21:55:00,21.61,8.09,-62.5,3.5,42200,39480,24,21100,27.16,18.4,59.2,4.40,45.9,5.68,,,,,,,,,
2024/06/17,22:55:00,21.93,8.13,-65.2,4.2,42040,39590,24,21020,27.04,18.2,77.2,5.72,41.2,5.68,,,,,,,,,
2024/06/17,23:55:00,22.12,8.14,-65.4,5.2,41590,39320,24,20790,26.72,17.9,78.4,5.80,40.6,5.68,,,,,,,,,
2024/06/18,00:55:00,22.65,8.13,-65.0,7.6,39780,38000,25,19890,25.42,16.8,91.2,6.75,37.6,5.68,,,,,,,,,
2024/06/18,01:55:00,22.58,8.08,-62.4,8.6,39550,37730,25,19770,25.25,16.7,81.3,6.03,37.2,5.68,,,,,,,,,
2024/06/18,02:55:00,22.33,8.06,-60.9,10.1,39940,37910,25,19970,25.54,17.0,74.2,5.51,43.0,5.68,,,,,,,,,
2024/06/18,03:55:00,21.88,8.06,-60.8,12.3,41520,39060,24,20760,26.67,17.9,73.8,5.48,42.6,5.68,,,,,,,,,
2024/06/18,04:55:00,21.77,8.04,-59.9,14.1,41730,39170,24,20860,26.82,18.1,73.3,5.45,29.2,5.68,,,,,,,,,
2024/06/18,05:55:00,21.59,8.03,-59.4,14.4,42020,39290,24,21010,27.03,18.3,70.2,5.23,42.6,5.68,,,,,,,,,
2024/06/18,06:55:00,21.43,8.02,-58.8,16.2,42070,39210,24,21030,27.06,18.4,71.7,5.35,32.5,5.68,,,,,,,,,
2024/06/18,07:55:00,21.07,8.05,-60.1,16.1,41970,38830,24,20980,27.00,18.4,74.5,5.59,35.5,5.68,,,,,,,,,
2024/06/18,08:55:00,21.01,8.02,-58.9,8.3,41960,38770,24,20980,26.99,18.4,69.8,5.23,48.0,5.68,,,,,,,,,
2024/06/18,09:55:00,20.89,8.00,-57.4,-3.6,41950,38670,24,20970,26.99,18.4,54.3,4.08,43.8,5.67,,,,,,,,,
2024/06/18,10:55:00,21.04,7.96,-55.1,-3.1,41710,38570,24,20850,26.82,18.3,53.9,4.05,21.7,5.66,,,,,,,,,
2024/06/18,11:55:00,21.16,7.92,-53.2,-2.4,41190,38180,24,20590,26.44,18.0,55.8,4.19,26.9,5.66,,,,,,,,,
2024/06/18,12:55:00,21.29,7.85,-49.1,-1.5,39350,36570,25,19670,25.13,16.9,48.4,3.66,43.2,5.66,,,,,,,,,
2024/06/18,13:55:00,21.32,7.87,-50.1,-0.5,40210,37400,25,20100,25.74,17.4,54.1,4.07,39.8,5.67,,,,,,,,,
2024/06/18,14:55:00,21.24,7.94,-54.4,0.9,41450,38490,24,20720,26.63,18.1,61.2,4.58,27.5,5.67,,,,,,,,,
2024/06/18,15:55:00,21.29,8.00,-57.4,1.8,41670,38730,24,20830,26.78,18.2,57.4,4.30,42.1,5.66,,,,,,,,,
2024/06/18,16:55:00,21.45,8.04,-60.1,3.1,42060,39220,24,21030,27.06,18.3,74.1,5.52,47.3,5.66,,,,,,,,,
2024/06/18,17:55:00,21.73,8.10,-63.4,3.8,41910,39310,24,20950,26.95,18.2,79.3,5.89,47.9,5.65,,,,,,,,,
2024/06/18,18:55:00,22.21,8.13,-65.0,3.2,42360,40110,24,21180,27.26,18.3,85.7,6.31,27.0,5.66,,,,,,,,,
2024/06/18,19:55:00,22.46,8.16,-66.6,1.1,42290,40250,24,21140,27.21,18.2,93.7,6.88,30.3,5.66,,,,,,,,,
2024/06/18,20:55:00,22.44,8.16,-66.8,-1.5,42520,40450,24,21260,27.37,18.3,88.5,6.49,37.5,5.66,,,,,,,,,
2024/06/18,21:55:00,22.36,8.16,-67.0,-1.2,42620,40480,23,21310,27.45,18.4,85.4,6.27,41.9,5.65,,,,,,,,,
2024/06/18,22:55:00,22.28,8.11,-63.9,-3.0,42090,39910,24,21040,27.07,18.1,64.0,4.71,45.0,5.66,,,,,,,,,
2024/06/18,23:55:00,22.50,8.14,-65.7,-3.3,42200,40190,24,21100,27.14,18.1,74.7,5.49,22.7,5.66,,,,,,,,,
2024/06/19,00:55:00,22.72,8.13,-65.0,-4.0,42280,40450,24,21140,27.20,18.1,80.6,5.89,26.5,5.65,,,,,,,,,
2024/06/19,01:55:00,23.29,8.09,-63.3,-5.0,37650,36430,27,18820,23.90,15.5,85.2,6.30,28.1,5.66,,,,,,,,,
2024/06/19,02:55:00,23.31,8.04,-60.1,-7.5,35940,34790,28,17970,22.70,14.6,63.6,4.74,52.3,5.65,,,,,,,,,
2024/06/19,03:55:00,22.72,8.05,-60.8,-7.4,40690,38930,25,20340,26.06,17.3,79.4,5.85,59.3,5.65,,,,,,,,,
2024/06/19,04:55:00,22.41,8.05,-60.3,-7.2,41360,39320,24,20680,26.54,17.7,66.7,4.92,36.1,5.66,,,,,,,,,
2024/06/19,05:55:00,22.51,8.01,-58.2,-7.3,40170,38270,25,20080,25.70,17.0,54.1,4.00,62.2,5.65,,,,,,,,,
2024/06/19,06:55:00,22.15,8.01,-58.2,-7.1,42060,39780,24,21030,27.05,18.1,69.2,5.11,35.0,5.65,,,,,,,,,
2024/06/19,07:55:00,21.96,8.04,-59.8,-7.0,42160,39730,24,21080,27.12,18.3,69.4,5.13,30.1,5.65,,,,,,,,,
2024/06/19,08:55:00,21.51,8.05,-60.2,-6.8,42000,39210,24,21000,27.02,18.3,72.3,5.39,18.5,5.65,,,,,,,,,
2024/06/19,09:55:00,21.45,7.99,-57.1,-6.8,41730,38920,24,20860,26.83,18.2,57.5,4.29,21.2,5.64,,,,,,,,,
2024/06/19,10:55:00,21.40,8.00,-57.4,-6.8,41850,38990,24,20920,26.91,18.2,48.0,3.59,20.9,5.64,,,,,,,,,
2024/06/19,11:55:00,21.58,7.97,-55.9,-6.7,41070,38410,24,20530,26.35,17.8,50.2,3.75,13.7,5.65,,,,,,,,,
2024/06/19,12:55:00,21.74,7.91,-52.8,-6.7,40540,38030,25,20270,25.97,17.4,45.2,3.38,12.3,5.64,,,,,,,,,
2024/06/19,13:55:00,21.87,7.86,-49.9,-6.7,38570,36270,26,19280,24.57,16.4,54.5,4.10,22.8,5.64,,,,,,,,,
2024/06/19,14:55:00,21.97,7.87,-50.4,-6.5,37160,35020,27,18580,23.58,15.6,54.6,4.13,26.8,5.64,,,,,,,,,
2024/06/19,15:55:00,21.83,7.97,-56.1,-6.0,41420,38930,24,20710,26.60,17.9,44.7,3.32,21.0,5.63,,,,,,,,,
2024/06/19,16:55:00,21.86,8.03,-59.3,-6.3,42040,39530,24,21020,27.04,18.2,57.8,4.29,28.7,5.64,,,,,,,,,
2024/06/19,17:55:00,22.11,8.09,-63.0,-6.3,42210,39890,24,21100,27.15,18.2,64.3,4.75,51.3,5.64,,,,,,,,,
2024/06/19,18:55:00,22.59,8.12,-64.7,-6.1,42340,40400,24,21170,27.24,18.2,63.6,4.66,19.6,5.64,,,,,,,,,
2024/06/19,19:55:00,22.91,8.14,-66.0,-5.9,42770,41080,23,21380,27.55,18.3,80.8,5.88,26.0,5.64,,,,,,,,,
2024/06/19,20:55:00,23.10,8.16,-66.9,-5.7,42440,40900,24,21220,27.30,18.1,87.6,6.37,23.8,5.65,,,,,,,,,
2024/06/19,21:55:00,22.94,8.16,-66.9,-5.4,42470,40810,24,21230,27.33,18.1,79.7,5.81,27.2,5.64,,,,,,,,,
2024/06/19,22:55:00,22.58,8.15,-66.0,-5.1,42710,40750,23,21350,27.51,18.4,73.6,5.38,26.2,5.64,,,,,,,,,
2024/06/19,23:55:00,22.57,8.09,-62.9,-4.6,41500,39590,24,20750,26.64,17.7,50.2,3.69,35.7,5.64,,,,,,,,,
2024/06/20,00:55:00,22.88,8.13,-65.0,-4.3,43050,41310,23,21520,27.75,18.5,73.7,5.36,63.3,5.63,,,,,,,,,
2024/06/20,01:55:00,23.32,8.09,-62.8,-3.9,39740,38480,25,19870,25.38,16.6,68.2,5.00,54.9,5.63,,,,,,,,,
2024/06/20,02:55:00,23.57,8.02,-59.3,-3.5,36280,35290,28,18140,22.94,14.7,62.5,4.63,33.1,5.63,,,,,,,,,
2024/06/20,03:55:00,23.39,7.99,-57.3,-2.8,35490,34400,28,17740,22.39,14.3,55.0,4.10,43.4,5.63,,,,,,,,,
2024/06/20,04:55:00,22.83,7.98,-56.9,-1.9,40880,39190,24,20440,26.19,17.3,53.4,3.93,61.6,5.63,,,,,,,,,
2024/06/20,05:55:00,22.60,8.00,-57.9,-1.8,41240,39360,24,20620,26.45,17.6,49.5,3.64,72.0,5.63,,,,,,,,,
2024/06/20,06:55:00,22.46,7.99,-57.5,-1.3,41740,39720,24,20870,26.81,17.9,49.0,3.60,59.6,5.62,,,,,,,,,
2024/06/20,07:55:00,22.25,8.01,-58.3,-0.4,43000,40760,23,21500,27.72,18.6,58.7,4.31,55.3,5.63,,,,,,,,,
2024/06/20,08:55:00,22.04,8.03,-59.6,0.7,44060,41580,23,22030,28.49,19.3,69.1,5.06,62.8,5.62,,,,,,,,,
2024/06/20,09:55:00,21.72,8.03,-59.4,1.2,43810,41070,23,21900,28.31,19.2,65.6,4.83,74.2,5.62,,,,,,,,,
2024/06/20,10:55:00,21.70,8.02,-58.5,2.1,43440,40720,23,21720,28.04,19.0,58.7,4.33,94.9,5.62,,,,,,,,,
2024/06/20,11:55:00,21.71,7.98,-56.5,2.8,40780,38240,25,20390,26.14,17.6,40.4,3.01,105,5.62,,,,,,,,,
2024/06/20,12:55:00,22.11,7.95,-54.9,3.5,39820,37630,25,19910,25.45,17.0,48.4,3.61,107,5.62,,,,,,,,,
2024/06/20,13:55:00,22.28,7.93,-53.8,4.6,37560,35620,27,18780,23.86,15.7,45.9,3.45,82.6,5.62,,,,,,,,,
2024/06/20,14:55:00,22.79,7.89,-51.6,5.9,38060,36460,26,19030,24.20,15.8,58.5,4.36,62.5,5.62,,,,,,,,,
2024/06/20,15:55:00,22.59,7.91,-53.0,7.2,35340,33720,28,17670,22.30,14.4,42.8,3.23,50.9,5.62,,,,,,,,,
2024/06/20,16:55:00,22.18,7.99,-57.3,8.6,42320,40040,24,21160,27.23,18.3,48.3,3.56,60.3,5.61,,,,,,,,,
2024/06/20,17:55:00,22.30,8.04,-60.2,10.3,41450,39320,24,20720,26.61,17.8,54.8,4.05,68.9,5.61,,,,,,,,,
2024/06/20,18:55:00,22.58,8.12,-64.8,11.9,43460,41460,23,21730,28.04,18.8,64.3,4.69,105,5.62,,,,,,,,,
2024/06/20,19:55:00,23.13,8.13,-65.5,13.0,44530,42950,22,22260,28.80,19.2,76.0,5.47,122,5.62,,,,,,,,,
2024/06/20,20:55:00,23.18,8.16,-67.0,14.4,43780,42260,23,21890,28.26,18.8,82.1,5.93,111,5.62,,,,,,,,,
2024/06/20,21:55:00,23.18,8.16,-66.8,16.2,44240,42710,23,22120,28.59,19.0,86.8,6.26,127,5.63,,,,,,,,,
2024/06/20,22:55:00,22.77,8.15,-66.4,17.1,43840,41980,23,21920,28.31,18.9,77.1,5.59,162,5.61,,,,,,,,,
2024/06/20,23:55:00,22.60,8.14,-65.7,18.7,43880,41880,23,21940,28.35,19.0,71.4,5.19,167,5.61,,,,,,,,,
2024/06/21,00:55:00,22.80,8.11,-63.9,20.1,42530,40750,24,21260,27.38,18.2,61.8,4.51,136,5.61,,,,,,,,,
2024/06/21,01:55:00,23.03,8.05,-61.0,21.6,40610,39090,25,20300,26.00,17.1,46.5,3.41,125,5.62,,,,,,,,,
2024/06/21,02:55:00,23.64,8.02,-59.4,24.6,36930,35980,27,18460,23.39,15.0,61.2,4.52,109,5.61,,,,,,,,,
2024/06/21,03:55:00,23.77,7.87,-50.6,25.7,32200,31450,31,16100,20.10,12.5,45.5,3.42,136,5.61,,,,,,,,,
2024/06/21,04:55:00,23.61,7.72,-41.9,26.3,33980,33090,29,16990,21.34,13.4,28.0,2.10,131,5.60,,,,,,,,,
2024/06/21,05:55:00,23.23,7.91,-53.1,27.3,37390,36130,27,18690,23.72,15.3,44.6,3.31,136,5.61,,,,,,,,,
2024/06/21,06:55:00,22.95,7.97,-56.4,29.7,38050,36570,26,19020,24.19,15.8,53.6,3.98,165,5.60,,,,,,,,,
2024/06/21,07:55:00,22.64,7.96,-55.4,29.0,39440,37670,25,19720,25.17,16.6,44.5,3.30,158,5.60,,,,,,,,,
2024/06/21,08:55:00,22.25,7.99,-57.1,33.8,42270,40070,24,21130,27.20,18.2,55.5,4.09,188,5.60,,,,,,,,,
2024/06/21,09:55:00,21.98,8.00,-57.8,38.0,42370,39940,24,21180,27.27,18.4,63.5,4.69,189,5.60,,,,,,,,,
2024/06/21,10:55:00,21.93,7.98,-56.7,38.0,41980,39530,24,20990,27.00,18.2,46.9,3.48,229,5.60,,,,,,,,,
2024/06/21,11:55:00,21.87,7.98,-56.7,37.0,41170,38730,24,20580,26.42,17.7,40.1,2.99,186,5.60,,,,,,,,,
2024/06/21,12:55:00,21.93,7.88,-51.2,34.6,40210,37860,25,20100,25.73,17.2,28.4,2.12,187,5.60,,,,,,,,,
2024/06/21,13:55:00,22.36,7.95,-54.8,40.6,41600,39510,24,20800,26.71,17.8,50.4,3.71,213,5.60,,,,,,,,,
2024/06/21,14:55:00,22.88,7.91,-52.8,44.7,40270,38650,25,20130,25.76,17.0,55.5,4.08,224,5.60,,,,,,,,,
2024/06/21,15:55:00,23.75,7.90,-52.3,46.6,36210,35350,28,18100,22.88,14.6,57.5,4.25,232,5.60,,,,,,,,,
2024/06/21,16:55:00,23.61,7.89,-52.0,46.5,36110,35160,28,18050,22.82,14.6,57.3,4.25,160,5.59,,,,,,,,,
2024/06/21,17:55:00,22.94,8.03,-59.5,51.3,43900,42180,23,21950,28.36,18.9,69.0,4.99,181,5.60,,,,,,,,,
2024/06/21,18:55:00,22.77,8.10,-63.4,51.2,44990,43080,22,22490,29.14,19.6,73.8,5.33,146,5.60,,,,,,,,,
2024/06/21,19:55:00,23.65,8.16,-67.0,54.2,45670,44500,22,22830,29.62,19.7,96.1,6.84,201,5.59,,,,,,,,,
2024/06/21,20:55:00,23.25,8.18,-68.1,54.0,45500,43980,22,22750,29.50,19.7,80.5,5.77,259,5.58,,,,,,,,,
2024/06/21,21:55:00,23.65,8.19,-69.0,56.2,46640,45440,21,23320,30.32,20.2,89.5,6.34,138,5.59,,,,,,,,,
2024/06/21,22:55:00,23.03,8.17,-67.7,54.3,46700,44950,21,23350,30.37,20.4,75.0,5.36,145,5.59,,,,,,,,,
2024/06/21,23:55:00,22.47,8.16,-66.8,61.0,46500,44270,22,23250,30.24,20.5,75.5,5.44,140,5.59,,,,,,,,,
2024/06/22,00:55:00,22.52,8.07,-61.5,50.0,43200,41160,23,21600,27.86,18.7,46.4,3.39,138,5.58,,,,,,,,,
2024/06/22,01:55:00,22.95,8.11,-63.9,59.8,44140,42420,23,22070,28.53,19.0,70.0,5.06,93.0,5.59,,,,,,,,,
2024/06/22,02:55:00,23.30,8.03,-59.5,59.3,43840,42420,23,21920,28.30,18.8,57.0,4.11,139,5.59,,,,,,,,,
2024/06/22,03:55:00,23.75,7.85,-49.5,60.4,38250,37350,26,19120,24.32,15.6,49.8,3.65,100.0,5.58,,,,,,,,,
2024/06/22,04:55:00,23.83,7.65,-38.1,61.4,36050,35250,28,18020,22.77,14.5,39.3,2.90,96.4,5.58,,,,,,,,,
2024/06/22,05:55:00,23.56,7.72,-42.4,61.5,39240,38170,25,19620,25.02,16.2,38.3,2.80,123,5.59,,,,,,,,,
2024/06/22,06:55:00,23.27,7.88,-50.9,62.4,40820,39480,24,20410,26.15,17.2,48.5,3.54,139,5.59,,,,,,,,,
2024/06/22,07:55:00,23.08,7.88,-51.4,63.0,42060,40530,24,21030,27.03,17.9,46.1,3.36,98.3,5.58,,,,,,,,,
2024/06/22,08:55:00,22.56,7.96,-55.4,65.8,44280,42230,23,22140,28.63,19.2,51.2,3.72,109,5.58,,,,,,,,,
2024/06/22,09:55:00,22.19,7.96,-55.7,71.7,45390,42960,22,22690,29.44,19.9,58.8,4.27,106,5.58,,,,,,,,,
2024/06/22,10:55:00,21.90,8.00,-57.6,70.5,46350,43620,22,23170,30.14,20.6,63.8,4.63,66.9,5.58,,,,,,,,,
2024/06/22,11:55:00,21.71,8.00,-57.4,70.1,45040,42230,22,22520,29.20,19.9,59.1,4.33,68.6,5.57,,,,,,,,,
2024/06/22,12:55:00,21.57,7.98,-56.7,65.6,43780,40930,23,21890,28.29,19.2,42.0,3.10,80.6,5.57,,,,,,,,,
2024/06/22,13:55:00,21.93,7.94,-54.3,70.2,45760,43090,22,22880,29.71,20.2,50.1,3.65,59.7,5.58,,,,,,,,,
2024/06/22,14:55:00,22.19,7.82,-47.8,69.8,42670,40400,23,21330,27.49,18.5,40.4,2.97,56.8,5.58,,,,,,,,,
2024/06/22,15:55:00,22.54,7.71,-41.4,67.7,38620,36810,26,19310,24.60,16.2,39.3,2.93,59.5,5.57,,,,,,,,,
2024/06/22,16:55:00,22.87,7.59,-34.5,59.8,37180,35680,27,18590,23.58,15.3,40.1,2.99,59.4,5.57,,,,,,,,,
2024/06/22,17:55:00,22.87,7.61,-35.8,53.5,34240,32850,29,17120,21.53,13.8,31.3,2.37,56.2,5.56,,,,,,,,,
2024/06/22,18:55:00,22.53,7.81,-46.9,37.3,42150,40170,24,21070,27.11,18.1,51.2,3.76,60.3,5.56,,,,,,,,,
2024/06/22,19:55:00,22.56,7.96,-55.4,28.4,44310,42250,23,22150,28.65,19.3,67.9,4.93,43.8,5.56,,,,,,,,,
2024/06/22,20:55:00,22.44,8.07,-61.8,28.7,44680,42500,22,22340,28.93,19.5,68.1,4.95,51.7,5.56,,,,,,,,,
2024/06/22,21:55:00,22.33,8.10,-63.2,30.3,46080,43740,22,23040,29.94,20.3,75.2,5.44,45.0,5.56,,,,,,,,,
2024/06/22,22:55:00,22.32,8.10,-63.2,32.6,46310,43950,22,23150,30.11,20.4,74.8,5.41,43.8,5.56,,,,,,,,,
2024/06/22,23:55:00,22.01,8.10,-63.1,33.2,45890,43290,22,22940,29.81,20.3,73.8,5.37,48.0,5.56,,,,,,,,,
2024/06/23,00:55:00,21.56,8.10,-63.0,35.2,46180,43160,22,23090,30.02,20.6,70.0,5.11,53.3,5.56,,,,,,,,,
2024/06/23,01:55:00,21.58,8.02,-58.8,31.9,45410,42460,22,22700,29.47,20.1,47.5,3.48,44.6,5.56,,,,,,,,,
2024/06/23,02:55:00,22.01,7.96,-55.6,34.8,43480,41010,23,21740,28.07,19.0,51.9,3.82,42.2,5.56,,,,,,,,,
2024/06/23,03:55:00,22.09,7.85,-49.1,36.1,41360,39080,24,20680,26.55,17.8,49.2,3.64,54.4,5.55,,,,,,,,,
2024/06/23,04:55:00,22.14,7.58,-34.3,35.8,40270,38080,25,20130,25.77,17.2,37.3,2.78,42.3,5.56,,,,,,,,,
2024/06/23,05:55:00,22.11,7.47,-27.9,34.4,37590,35530,27,18790,23.88,15.8,33.6,2.53,48.1,5.56,,,,,,,,,
2024/06/23,06:55:00,22.01,7.42,-24.8,33.4,36270,34210,28,18130,22.96,15.1,30.5,2.31,42.5,5.55,,,,,,,,,
2024/06/23,07:55:00,21.98,7.66,-38.4,33.3,40950,38600,24,20470,26.26,17.6,42.5,3.16,52.2,5.55,,,,,,,,,
2024/06/23,08:55:00,21.91,7.69,-40.1,31.6,41370,38940,24,20680,26.56,17.8,42.8,3.18,49.9,5.55,,,,,,,,,
2024/06/23,09:55:00,21.74,7.88,-51.0,32.5,44470,41720,22,22230,28.79,19.6,52.8,3.88,63.3,5.55,,,,,,,,,
2024/06/23,10:55:00,21.42,7.99,-56.8,33.7,45530,42430,22,22760,29.56,20.2,61.4,4.51,35.7,5.55,,,,,,,,,
2024/06/23,11:55:00,21.41,8.07,-61.7,33.5,45910,42770,22,22950,29.83,20.5,63.7,4.67,27.1,5.55,,,,,,,,,
2024/06/23,12:55:00,21.27,8.09,-62.5,31.7,45020,41820,22,22510,29.19,20.0,62.7,4.62,24.0,5.55,,,,,,,,,
2024/06/23,13:55:00,21.27,8.06,-60.7,27.6,44100,40980,23,22050,28.53,19.5,43.9,3.25,26.8,5.55,,,,,,,,,
2024/06/23,14:55:00,21.75,8.03,-59.3,25.6,46270,43410,22,23130,30.09,20.6,52.8,3.85,18.9,5.54,,,,,,,,,
2024/06/23,15:55:00,22.07,7.93,-53.6,23.6,43820,41380,23,21910,28.31,19.1,50.9,3.73,16.8,5.55,,,,,,,,,
2024/06/23,16:55:00,22.42,7.83,-48.1,21.7,41570,39540,24,20780,26.70,17.8,52.6,3.88,17.7,5.55,,,,,,,,,
2024/06/23,17:55:00,22.53,7.76,-44.2,20.2,40060,38170,25,20030,25.62,17.0,52.3,3.87,16.3,5.55,,,,,,,,,
2024/06/23,18:55:00,22.52,7.77,-45.0,15.3,37840,36050,26,18920,24.05,15.8,49.6,3.71,16.3,5.55,,,,,,,,,
2024/06/23,19:55:00,22.47,7.92,-53.5,7.3,43510,41420,23,21750,28.08,18.8,65.6,4.79,20.2,5.54,,,,,,,,,
2024/06/23,20:55:00,21.99,8.10,-63.5,-4.4,45690,43080,22,22840,29.67,20.2,70.2,5.11,20.0,5.54,,,,,,,,,
2024/06/23,21:55:00,22.06,8.16,-66.9,-6.0,44820,42310,22,22410,29.03,19.7,62.6,4.57,23.0,5.54,,,,,,,,,
2024/06/23,22:55:00,22.10,8.17,-67.0,-6.4,46090,43550,22,23040,29.95,20.4,73.7,5.35,15.5,5.54,,,,,,,,,
2024/06/23,23:55:00,22.05,8.19,-68.5,-6.4,47220,44570,21,23610,30.77,21.0,77.1,5.57,15.8,5.54,,,,,,,,,
2024/06/24,00:55:00,21.71,8.20,-68.7,-6.4,47890,44900,21,23940,31.27,21.5,74.9,5.42,14.4,5.53,,,,,,,,,
2024/06/24,01:55:00,21.54,8.17,-67.2,-6.2,46170,43130,22,23080,30.01,20.6,69.4,5.07,19.7,5.53,,,,,,,,,
2024/06/24,02:55:00,21.54,8.10,-63.4,-6.1,44460,41540,22,22230,28.78,19.6,54.1,3.99,18.3,5.54,,,,,,,,,
2024/06/24,03:55:00,21.92,8.08,-62.4,-6.0,47990,45180,21,23990,31.34,21.5,58.4,4.21,15.6,5.53,,,,,,,,,
2024/06/24,04:55:00,22.15,7.92,-53.3,-6.1,43440,41090,23,21720,28.04,18.9,55.8,4.09,13.5,5.53,,,,,,,,,
2024/06/24,05:55:00,22.29,7.65,-37.8,-6.0,37230,35310,27,18610,23.62,15.5,38.0,2.86,20.0,5.53,,,,,,,,,
2024/06/24,06:55:00,22.26,7.65,-37.9,-5.8,38850,36820,26,19420,24.76,16.4,38.9,2.90,11.7,5.53,,,,,,,,,
2024/06/24,07:55:00,22.16,7.48,-28.4,-5.7,34210,32370,29,17100,21.52,14.0,28.3,2.16,11.1,5.53,,,,,,,,,
2024/06/24,08:55:00,22.12,7.68,-39.5,-5.3,40670,38450,25,20330,26.06,17.4,42.5,3.16,12.2,5.52,,,,,,,,,
2024/06/24,09:55:00,22.08,7.73,-42.2,-5.2,42250,39910,24,21120,27.18,18.3,42.1,3.11,11.9,5.53,,,,,,,,,
2024/06/24,10:55:00,21.86,7.91,-52.4,-5.1,45120,42430,22,22560,29.25,19.9,48.8,3.57,13.0,5.53,,,,,,,,,
2024/06/24,11:55:00,21.63,8.04,-59.6,-5.0,45760,42830,22,22880,29.72,20.3,63.1,4.61,9.2,5.52,,,,,,,,,
2024/06/24,12:55:00,21.71,8.10,-63.3,-4.8,47050,44110,21,23520,30.65,21.0,66.0,4.79,9.6,5.52,,,,,,,,,
2024/06/24,13:55:00,21.78,8.13,-64.8,-4.7,47560,44640,21,23780,31.02,21.3,69.1,5.00,9.9,5.52,,,,,,,,,
2024/06/24,14:55:00,21.78,8.12,-64.7,-4.5,48110,45160,21,24050,31.42,21.6,56.9,4.11,9.6,5.52,,,,,,,,,
2024/06/24,15:55:00,22.61,8.09,-62.7,-4.9,46870,44740,21,23430,30.51,20.6,60.8,4.37,11.2,5.52,,,,,,,,,
2024/06/24,16:55:00,23.41,8.01,-58.3,-5.9,43670,42350,23,21830,28.18,18.7,65.3,4.70,10.5,5.52,,,,,,,,,
2024/06/24,17:55:00,24.37,7.90,-52.5,-6.2,42140,41630,24,21070,27.06,17.5,70.9,5.07,34.4,5.52,,,,,,,,,
2024/06/24,18:55:00,24.67,7.89,-51.8,-6.8,39030,38780,26,19510,24.85,15.8,72.0,5.19,11.0,5.53,,,,,,,,,
2024/06/24,19:55:00,24.01,8.02,-59.5,-6.6,43460,42650,23,21730,28.02,18.4,81.7,5.84,10.2,5.52,,,,,,,,,
2024/06/24,20:55:00,23.43,8.13,-65.2,-6.5,45250,43900,22,22620,29.31,19.5,77.6,5.55,12.1,5.52,,,,,,,,,
2024/06/24,21:55:00,23.20,8.20,-69.1,-6.4,46650,45060,21,23320,30.34,20.3,82.3,5.87,10.7,5.51,,,,,,,,,
2024/06/24,22:55:00,23.28,8.21,-70.0,-6.4,45520,44040,22,22760,29.52,19.7,73.9,5.29,14.6,5.52,,,,,,,,,
2024/06/24,23:55:00,23.37,8.22,-70.4,-6.3,47870,46390,21,23930,31.22,21.0,79.4,5.62,12.5,5.52,,,,,,,,,
2024/06/25,00:55:00,23.07,8.22,-70.2,-6.3,48010,46250,21,24000,31.33,21.1,74.0,5.26,14.8,5.52,,,,,,,,,
2024/06/25,01:55:00,22.52,8.23,-70.6,-6.2,48440,46150,21,24220,31.65,21.5,79.3,5.66,10.4,5.51,,,,,,,,,
2024/06/25,02:55:00,22.16,8.22,-69.9,-6.2,47700,45120,21,23850,31.12,21.2,67.6,4.87,13.9,5.51,,,,,,,,,
2024/06/25,03:55:00,22.52,8.16,-66.6,-6.1,48050,45790,21,24020,31.37,21.3,64.9,4.64,63.5,5.51,,,,,,,,,
2024/06/25,04:55:00,22.79,8.07,-61.7,-6.2,46450,44500,22,23220,30.20,20.4,62.6,4.49,13.8,5.51,,,,,,,,,
2024/06/25,05:55:00,22.89,7.88,-51.4,-6.5,41740,40070,24,20870,26.81,17.8,54.0,3.95,13.3,5.51,,,,,,,,,
2024/06/25,06:55:00,22.87,7.61,-35.8,-6.8,35230,33800,28,17610,22.21,14.3,39.4,2.96,12.2,5.51,,,,,,,,,
2024/06/25,07:55:00,22.85,7.58,-34.0,-6.8,33580,32210,30,16790,21.07,13.5,35.5,2.69,14.4,5.50,,,,,,,,,
2024/06/25,08:55:00,22.77,7.68,-39.8,-6.8,37180,35600,27,18590,23.58,15.4,38.3,2.86,11.2,5.50,,,,,,,,,
2024/06/25,09:55:00,22.66,7.76,-44.4,-6.6,41380,39540,24,20690,26.55,17.6,40.6,2.99,12.5,5.50,,,,,,,,,
2024/06/25,10:55:00,22.65,7.82,-47.6,-6.5,41770,39910,24,20880,26.83,17.8,43.8,3.22,13.1,5.50,,,,,,,,,
2024/06/25,11:55:00,22.45,7.94,-54.3,-6.2,45330,43130,22,22660,29.39,19.8,48.9,3.54,11.7,5.50,,,,,,,,,
2024/06/25,12:55:00,22.19,8.10,-63.6,-6.1,47610,45070,21,23800,31.05,21.2,68.0,4.89,12.5,5.50,,,,,,,,,
2024/06/25,13:55:00,22.12,8.16,-66.6,-6.0,46940,44380,21,23470,30.57,20.8,65.4,4.73,11.4,5.50,,,,,,,,,
2024/06/25,14:55:00,21.83,8.18,-67.7,-6.0,46660,43850,21,23330,30.37,20.7,63.7,4.63,10.9,5.50,,,,,,,,,
2024/06/25,15:55:00,22.22,8.15,-66.3,-5.9,44600,42240,22,22300,28.87,19.5,62.4,4.55,11.8,5.49,,,,,,,,,
2024/06/25,16:55:00,23.31,8.11,-64.3,-5.9,46000,44520,22,23000,29.86,20.0,68.2,4.87,12.5,5.49,,,,,,,,,
2024/06/25,17:55:00,24.15,8.03,-59.8,-6.1,44500,43780,22,22250,28.76,18.9,69.8,4.95,13.3,5.49,,,,,,,,,
2024/06/25,18:55:00,24.96,7.98,-57.0,-6.5,40460,40420,25,20230,25.85,16.5,74.9,5.35,13.9,5.49,,,,,,,,,
2024/06/25,19:55:00,25.18,7.92,-53.5,-6.7,37730,37860,27,18860,23.92,14.9,73.9,5.32,39.9,5.50,,,,,,,,,
2024/06/25,20:55:00,24.43,8.11,-64.1,-6.5,44830,44340,22,22410,28.99,19.0,83.4,5.89,13.1,5.49,,,,,,,,,
2024/06/25,21:55:00,23.74,8.20,-69.6,-6.2,46200,45090,22,23100,30.00,19.9,80.0,5.67,13.3,5.49,,,,,,,,,
2024/06/25,22:55:00,23.54,8.23,-71.1,-6.0,46990,45690,21,23490,30.58,20.4,76.3,5.41,12.3,5.49,,,,,,,,,
2024/06/25,23:55:00,23.09,8.24,-71.7,-5.8,47740,46000,21,23870,31.13,21.0,77.2,5.48,12.8,5.49,,,,,,,,,
2024/06/26,00:55:00,22.99,8.26,-72.8,-5.8,48050,46210,21,24020,31.36,21.2,79.5,5.65,13.9,5.48,,,,,,,,,
2024/06/26,01:55:00,22.50,8.27,-72.8,-6.1,47360,45100,21,23680,30.86,20.9,80.1,5.75,12.2,5.49,,,,,,,,,
2024/06/26,02:55:00,21.86,8.27,-72.9,-6.0,48870,45950,20,24430,31.98,22.0,77.9,5.60,17.3,5.49,,,,,,,,,
2024/06/26,03:55:00,21.51,8.26,-72.1,-5.9,47370,44220,21,23680,30.89,21.2,67.5,4.91,15.6,5.48,,,,,,,,,
2024/06/26,04:55:00,21.94,8.21,-69.5,-5.7,48910,46060,20,24450,32.00,22.0,66.4,4.77,13.3,5.48,,,,,,,,,
2024/06/26,05:55:00,22.30,8.10,-63.2,-5.9,46380,44000,22,23190,30.16,20.5,60.0,4.34,14.9,5.48,,,,,,,,,
2024/06/26,06:55:00,22.39,7.91,-52.6,-6.2,40160,38160,25,20080,25.69,17.1,48.8,3.62,14.4,5.48,,,,,,,,,
2024/06/26,07:55:00,22.39,7.71,-41.6,-6.5,38360,36460,26,19180,24.42,16.1,41.6,3.11,13.9,5.48,,,,,,,,,
2024/06/26,08:55:00,22.35,7.73,-42.5,-6.5,37970,36060,26,18980,24.15,15.9,38.1,2.86,16.6,5.47,,,,,,,,,
2024/06/26,09:55:00,22.28,7.83,-48.0,-6.2,42130,39960,24,21060,27.10,18.1,44.2,3.26,14.4,5.47,,,,,,,,,
2024/06/26,10:55:00,22.15,7.93,-53.9,-6.1,42340,40050,24,21170,27.25,18.3,44.4,3.27,29.1,5.47,,,,,,,,,
2024/06/26,11:55:00,22.14,7.96,-55.6,-6.2,44260,41860,23,22130,28.63,19.3,46.2,3.38,15.1,5.47,,,,,,,,,
2024/06/26,12:55:00,21.87,8.09,-62.7,-6.1,46300,43550,22,23150,30.11,20.5,57.5,4.18,14.5,5.47,,,,,,,,,
2024/06/26,13:55:00,21.78,8.20,-69.1,-6.0,47830,44900,21,23910,31.22,21.4,72.7,5.26,13.4,5.47,,,,,,,,,
2024/06/26,14:55:00,21.83,8.23,-70.9,-6.0,47760,44890,21,23880,31.17,21.4,70.0,5.06,14.7,5.48,,,,,,,,,
2024/06/26,15:55:00,21.81,8.24,-71.2,-6.0,46310,43490,22,23150,30.11,20.6,65.9,4.79,14.1,5.46,,,,,,,,,
2024/06/26,16:55:00,22.17,8.20,-68.8,-5.9,45110,42690,22,22550,29.24,19.8,63.5,4.62,14.0,5.46,,,,,,,,,
2024/06/26,17:55:00,22.83,8.20,-69.2,-5.9,48710,46710,21,24350,31.85,21.6,71.2,5.06,13.6,5.46,,,,,,,,,
2024/06/26,18:55:00,23.47,8.11,-64.5,-6.1,45300,43980,22,22650,29.35,19.5,72.6,5.18,14.6,5.46,,,,,,,,,
2024/06/26,19:55:00,23.85,8.06,-61.3,-6.3,44140,43180,23,22070,28.51,18.8,67.9,4.85,18.5,5.47,,,,,,,,,
2024/06/26,20:55:00,24.05,8.04,-60.4,-6.3,39440,38720,25,19720,25.15,16.2,70.4,5.11,17.0,5.46,,,,,,,,,
2024/06/26,21:55:00,23.75,8.08,-62.7,-6.0,42930,41920,23,21460,27.64,18.2,71.0,5.10,16.5,5.46,,,,,,,,,
2024/06/26,22:55:00,23.13,8.18,-67.9,-5.7,45830,44210,22,22910,29.75,19.9,71.0,5.08,18.9,5.46,,,,,,,,,
2024/06/26,23:55:00,22.59,8.18,-67.8,-5.5,43800,41790,23,21900,28.29,19.0,59.0,4.30,16.4,5.46,,,,,,,,,
2024/06/27,00:55:00,22.61,8.24,-71.2,-5.3,47060,44930,21,23530,30.65,20.7,67.4,4.84,16.0,5.47,,,,,,,,,
2024/06/27,01:55:00,22.50,8.24,-71.3,-5.1,48220,45930,21,24110,31.49,21.4,71.4,5.11,19.5,5.45,,,,,,,,,
2024/06/27,02:55:00,22.30,8.26,-72.4,-4.9,47200,44780,21,23600,30.75,20.9,67.6,4.86,19.7,5.46,,,,,,,,,
2024/06/27,03:55:00,21.93,8.26,-72.4,-4.6,48870,46020,20,24430,31.98,21.9,70.0,5.02,18.7,5.45,,,,,,,,,
2024/06/27,04:55:00,21.90,8.22,-70.2,-4.4,43490,40930,23,21740,28.08,19.0,55.7,4.10,18.5,5.46,,,,,,,,,
2024/06/27,05:55:00,22.12,8.19,-68.2,-4.1,47950,45330,21,23970,31.30,21.4,57.8,4.16,20.2,5.44,,,,,,,,,
2024/06/27,06:55:00,22.33,8.05,-60.9,-4.0,43590,41380,23,21790,28.14,18.9,51.8,3.78,17.4,5.44,,,,,,,,,
2024/06/27,07:55:00,22.32,7.85,-49.2,-4.0,39290,37290,25,19640,25.08,16.6,40.2,3.00,16.2,5.45,,,,,,,,,
2024/06/27,08:55:00,22.27,7.75,-43.9,-3.6,38200,36220,26,19100,24.31,16.0,37.5,2.81,22.2,5.45,,,,,,,,,
2024/06/27,09:55:00,22.26,7.87,-50.4,-3.3,38240,36250,26,19120,24.34,16.1,37.9,2.84,108,5.45,,,,,,,,,
2024/06/27,10:55:00,22.15,7.75,-43.8,-2.7,34930,33040,29,17460,22.02,14.4,34.4,2.62,34.0,5.44,,,,,,,,,
2024/06/27,11:55:00,22.05,7.81,-46.9,-3.0,41310,39000,24,20650,26.52,17.8,42.6,3.16,23.4,5.45,,,,,,,,,
2024/06/27,12:55:00,21.93,8.05,-60.6,-3.1,43450,40920,23,21720,28.05,19.0,50.5,3.71,20.7,5.45,,,,,,,,,
2024/06/27,13:55:00,21.98,8.12,-64.2,-3.1,46100,43460,22,23050,29.96,20.4,56.8,4.13,19.0,5.44,,,,,,,,,
2024/06/27,14:55:00,22.01,8.17,-67.4,-3.2,44860,42310,22,22430,29.06,19.7,50.4,3.68,18.7,5.44,,,,,,,,,
2024/06/27,15:55:00,22.02,8.23,-70.4,-3.0,48610,45860,21,24300,31.79,21.8,61.7,4.43,20.4,5.44,,,,,,,,,
2024/06/27,16:55:00,22.06,8.22,-70.3,-3.2,45720,43170,22,22860,29.69,20.2,57.4,4.18,19.8,5.44,,,,,,,,,
2024/06/27,17:55:00,22.17,8.19,-68.5,-3.2,43730,41380,23,21860,28.25,19.1,51.6,3.78,35.0,5.44,,,,,,,,,
2024/06/27,18:55:00,23.39,8.20,-69.1,-2.8,46600,45170,21,23300,30.29,20.3,64.1,4.56,19.9,5.44,,,,,,,,,
2024/06/27,19:55:00,23.73,8.17,-67.7,-2.9,43200,42160,23,21600,27.83,18.3,65.3,4.69,20.5,5.44,,,,,,,,,
2024/06/27,20:55:00,24.40,8.13,-65.6,-3.0,40250,39790,25,20120,25.72,16.5,72.9,5.25,21.0,5.44,,,,,,,,,
2024/06/27,21:55:00,24.53,8.08,-62.6,-3.0,39760,39400,25,19880,25.36,16.2,70.5,5.08,20.7,5.44,,,,,,,,,
2024/06/27,22:55:00,23.58,8.19,-68.5,-2.6,44320,43120,23,22160,28.64,19.0,74.0,5.30,25.5,5.43,,,,,,,,,
2024/06/27,23:55:00,22.82,8.24,-71.4,-2.2,43390,41590,23,21690,27.99,18.7,61.2,4.45,23.7,5.44,,,,,,,,,
2024/06/28,00:55:00,22.74,8.28,-73.9,-2.6,45980,44000,22,22990,29.86,20.1,72.8,5.24,22.7,5.43,,,,,,,,,
2024/06/28,01:55:00,22.77,8.28,-73.7,-2.7,46240,44280,22,23120,30.05,20.2,65.1,4.67,46.6,5.43,,,,,,,,,
2024/06/28,02:55:00,22.65,8.29,-74.2,-2.4,47750,45620,21,23870,31.15,21.1,70.2,5.01,24.3,5.43,,,,,,,,,
2024/06/28,03:55:00,22.55,8.27,-73.1,-2.0,47520,45300,21,23760,30.98,21.0,64.6,4.63,24.6,5.43,,,,,,,,,
2024/06/28,04:55:00,22.17,8.28,-73.4,-1.7,46760,44240,21,23380,30.43,20.7,62.3,4.50,23.6,5.43,,,,,,,,,
2024/06/28,05:55:00,22.08,8.22,-70.1,-1.2,44200,41750,23,22100,28.58,19.3,53.2,3.89,22.4,5.42,,,,,,,,,
2024/06/28,06:55:00,22.35,8.20,-69.2,-0.6,44400,42170,23,22200,28.73,19.4,55.0,4.01,25.0,5.41,,,,,,,,,
2024/06/28,07:55:00,22.42,8.11,-64.0,-0.5,42120,40060,24,21060,27.09,18.1,51.1,3.75,24.3,5.42,,,,,,,,,
2024/06/28,08:55:00,22.02,7.96,-55.5,-0.4,37970,35810,26,18980,24.15,16.0,43.7,3.29,44.8,5.42,,,,,,,,,
2024/06/28,09:55:00,21.69,7.81,-47.1,-0.1,36080,33810,28,18040,22.83,15.1,37.8,2.88,24.2,5.42,,,,,,,,,
2024/06/28,10:55:00,21.95,7.90,-52.3,0.9,39680,37380,25,19840,25.35,16.9,40.5,3.03,23.7,5.42,,,,,,,,,
2024/06/28,11:55:00,21.78,7.97,-56.2,0.6,39680,37250,25,19840,25.36,17.0,43.4,3.25,22.2,5.42,,,,,,,,,
2024/06/28,12:55:00,21.92,8.06,-60.9,0.9,41710,39260,24,20850,26.80,18.0,43.8,3.25,23.8,5.41,,,,,,,,,
2024/06/28,13:55:00,21.95,8.02,-58.8,-0.4,42210,39760,24,21100,27.16,18.3,44.0,3.25,25.1,5.42,,,,,,,,,
2024/06/28,14:55:00,21.68,8.22,-70.3,-1.4,46800,43850,21,23400,30.47,20.9,65.7,4.78,22.3,5.42,,,,,,,,,
2024/06/28,15:55:00,21.90,8.31,-74.9,-1.2,46980,44210,21,23490,30.60,20.9,76.2,5.52,20.0,5.42,,,,,,,,,
2024/06/28,16:55:00,22.01,8.34,-76.7,-1.1,46690,44040,21,23340,30.39,20.7,75.8,5.49,28.9,5.41,,,,,,,,,
2024/06/28,17:55:00,21.92,8.29,-74.2,-1.1,43540,40990,23,21770,28.12,19.0,60.5,4.45,28.4,5.41,,,,,,,,,
2024/06/28,18:55:00,22.48,8.32,-76.0,-0.6,48200,45890,21,24100,31.48,21.4,71.0,5.08,19.5,5.41,,,,,,,,,
2024/06/28,19:55:00,23.30,8.32,-75.9,-0.9,45320,43860,22,22660,29.37,19.6,77.9,5.58,25.4,5.40,,,,,,,,,
2024/06/28,20:55:00,23.63,8.31,-75.5,-0.4,41490,40410,24,20740,26.62,17.4,77.4,5.61,23.6,5.42,,,,,,,,,
2024/06/28,21:55:00,24.10,8.28,-73.8,0.4,41330,40620,24,20660,26.49,17.2,79.3,5.71,23.0,5.42,,,,,,,,,
2024/06/28,22:55:00,24.20,8.23,-71.2,0.1,39340,38740,25,19670,25.07,16.1,82.3,5.97,22.8,5.41,,,,,,,,,
2024/06/28,23:55:00,23.74,8.28,-74.0,0.6,41170,40190,24,20580,26.39,17.2,85.2,6.17,19.8,5.41,,,,,,,,,
2024/06/29,00:55:00,23.36,8.26,-72.7,1.4,39500,38270,25,19750,25.21,16.4,69.2,5.07,20.5,5.41,,,,,,,,,
2024/06/29,01:55:00,22.35,8.31,-75.0,0.7,44290,42050,23,22140,28.64,19.3,63.7,4.64,20.5,5.41,,,,,,,,,
2024/06/29,02:55:00,22.46,8.33,-76.2,1.6,46090,43860,22,23040,29.94,20.3,74.3,5.36,20.4,5.40,,,,,,,,,
2024/06/29,03:55:00,21.78,8.32,-75.5,2.1,46760,43890,21,23380,30.44,20.8,71.5,5.19,21.6,5.40,,,,,,,,,
2024/06/29,04:55:00,21.30,8.30,-74.3,2.5,44040,40950,23,22020,28.48,19.5,66.0,4.88,64.9,5.40,,,,,,,,,
2024/06/29,05:55:00,20.99,8.32,-75.7,2.4,46730,43180,21,23360,30.43,21.0,61.0,4.48,22.1,5.40,,,,,,,,,
2024/06/29,06:55:00,20.89,8.29,-73.6,2.6,43060,39700,23,21530,27.79,19.0,52.0,3.89,20.6,5.41,,,,,,,,,
2024/06/29,07:55:00,21.17,8.25,-71.7,2.9,45440,42130,22,22720,29.49,20.3,54.1,3.98,21.1,5.40,,,,,,,,,
2024/06/29,08:55:00,21.17,8.17,-67.1,2.6,40040,37120,25,20020,25.62,17.3,50.0,3.78,18.2,5.39,,,,,,,,,
2024/06/29,09:55:00,20.99,8.00,-57.4,3.6,39200,36220,26,19600,25.03,16.9,46.3,3.52,29.9,5.39,,,,,,,,,
2024/06/29,10:55:00,20.94,7.94,-54.0,2.8,35260,32540,28,17630,22.27,14.8,42.2,3.27,20.4,5.39,,,,,,,,,
2024/06/29,11:55:00,21.01,8.00,-57.5,2.6,41560,38420,24,20780,26.71,18.2,43.3,3.26,19.0,5.38,,,,,,,,,
2024/06/29,12:55:00,21.00,8.10,-63.2,2.8,44080,40720,23,22040,28.51,19.6,49.2,3.66,18.8,5.39,,,,,,,,,
2024/06/29,13:55:00,21.00,8.19,-68.2,2.9,43830,40490,23,21910,28.33,19.4,48.2,3.58,41.9,5.39,,,,,,,,,
2024/06/29,14:55:00,20.96,8.24,-71.2,3.2,46010,42480,22,23000,29.91,20.6,53.5,3.94,20.2,5.39,,,,,,,,,
2024/06/29,15:55:00,21.11,8.32,-75.2,3.0,47580,44060,21,23790,31.05,21.5,65.9,4.81,22.9,5.38,,,,,,,,,
2024/06/29,16:55:00,21.37,8.35,-77.2,3.7,47290,44020,21,23640,30.83,21.2,70.4,5.13,20.4,5.39,,,,,,,,,
2024/06/29,17:55:00,21.39,8.35,-77.4,4.1,45890,42740,22,22940,29.82,20.5,69.7,5.11,21.3,5.39,,,,,,,,,
2024/06/29,18:55:00,21.29,8.34,-76.8,4.8,42260,39270,24,21130,27.20,18.5,60.5,4.51,21.5,5.38,,,,,,,,,
2024/06/29,19:55:00,21.61,8.35,-77.1,5.8,45100,42200,22,22550,29.24,20.0,68.0,4.99,20.0,5.39,,,,,,,,,
2024/06/29,20:55:00,22.03,8.35,-77.5,5.5,47520,44830,21,23760,30.99,21.2,75.7,5.46,22.2,5.38,,,,,,,,,
2024/06/29,21:55:00,22.43,8.35,-77.5,5.8,43380,41270,23,21690,27.99,18.8,79.0,5.78,21.1,5.39,,,,,,,,,
2024/06/29,22:55:00,22.73,8.32,-75.9,6.9,43080,41230,23,21540,27.77,18.5,82.4,6.00,21.0,5.38,,,,,,,,,
2024/06/29,23:55:00,22.67,8.22,-70.4,8.3,38840,37120,26,19420,24.75,16.3,68.0,5.05,31.3,5.39,,,,,,,,,
2024/06/30,00:55:00,22.28,8.33,-76.4,9.2,44940,42620,22,22470,29.11,19.7,77.9,5.66,21.4,5.39,,,,,,,,,
2024/06/30,01:55:00,21.89,8.35,-77.3,10.8,47080,44290,21,23540,30.67,21.0,71.3,5.16,26.9,5.39,,,,,,,,,
2024/06/30,02:55:00,21.79,8.21,-69.7,12.9,42320,39740,24,21160,27.24,18.4,60.4,4.47,22.5,5.38,,,,,,,,,
2024/06/30,03:55:00,21.72,8.33,-76.1,15.2,45510,42680,22,22750,29.54,20.2,64.3,4.70,34.3,5.39,,,,,,,,,
2024/06/30,04:55:00,21.63,8.34,-76.5,17.6,47530,44490,21,23760,31.00,21.3,66.5,4.83,22.6,5.39,,,,,,,,,
2024/06/30,05:55:00,21.38,8.33,-76.1,19.7,47650,44380,21,23820,31.10,21.4,60.9,4.43,24.1,5.38,,,,,,,,,
2024/06/30,06:55:00,21.24,8.34,-76.4,21.7,48050,44620,21,24020,31.39,21.7,64.1,4.66,25.2,5.38,,,,,,,,,
2024/06/30,07:55:00,21.34,8.28,-73.4,24.5,45250,42100,22,22620,29.35,20.1,54.3,3.99,24.9,5.38,,,,,,,,,
2024/06/30,08:55:00,21.53,8.22,-70.2,28.0,44070,41170,23,22030,28.50,19.4,54.0,3.98,25.4,5.38,,,,,,,,,
2024/06/30,09:55:00,21.61,8.15,-66.0,32.3,41990,39280,24,20990,27.00,18.3,50.4,3.75,29.4,5.38,,,,,,,,,
2024/06/30,10:55:00,21.59,7.97,-56.0,36.9,38590,36090,26,19290,24.59,16.4,41.1,3.10,29.6,5.37,,,,,,,,,
2024/06/30,11:55:00,21.53,7.88,-50.7,42.1,37310,34850,27,18650,23.69,15.8,37.1,2.82,28.3,5.37,,,,,,,,,
2024/06/30,12:55:00,21.56,8.02,-58.6,38.0,43060,40240,23,21530,27.77,18.9,47.0,3.48,29.8,5.37,,,,,,,,,
2024/06/30,13:55:00,21.49,8.10,-63.1,41.1,44280,41330,23,22140,28.65,19.5,44.4,3.27,29.9,5.37,,,,,,,,,
2024/06/30,14:55:00,21.45,8.14,-65.3,45.3,43770,40810,23,21880,28.28,19.3,44.0,3.26,23.3,5.37,,,,,,,,,
2024/06/30,15:55:00,21.47,8.18,-67.5,49.3,45350,42310,22,22670,29.42,20.1,47.2,3.47,24.9,5.37,,,,,,,,,
2024/06/30,16:55:00,21.57,8.26,-72.4,53.0,47360,44270,21,23680,30.88,21.2,52.0,3.78,28.1,5.37,,,,,,,,,
2024/06/30,17:55:00,21.68,8.29,-74.1,56.8,48150,45110,21,24070,31.45,21.6,59.5,4.30,27.8,5.37,,,,,,,,,
2024/06/30,18:55:00,21.57,8.31,-75.1,59.1,48350,45200,21,24170,31.60,21.8,61.2,4.43,28.2,5.37,,,,,,,,,
2024/06/30,19:55:00,21.64,8.31,-75.3,57.8,42330,39630,24,21160,27.25,18.4,54.6,4.06,29.4,5.37,,,,,,,,,
2024/06/30,20:55:00,21.74,8.29,-73.8,64.6,47700,44740,21,23850,31.12,21.3,54.9,3.98,28.2,5.37,,,,,,,,,
2024/06/30,21:55:00,21.85,8.27,-72.9,68.6,45460,42740,22,22730,29.50,20.1,55.3,4.04,28.6,5.37,,,,,,,,,
2024/06/30,22:55:00,21.96,8.18,-67.9,75.5,40380,38040,25,20190,25.85,17.3,53.9,4.02,29.4,5.37,,,,,,,,,
2024/06/30,23:55:00,21.96,8.03,-59.2,80.6,38120,35910,26,19060,24.25,16.1,40.2,3.03,30.0,5.37,,,,,,,,,
2024/07/01,00:55:00,21.90,7.94,-54.0,82.8,33360,31400,30,16680,20.94,13.6,43.0,3.31,33.7,5.37,,,,,,,,,
2024/07/01,01:55:00,21.89,8.02,-59.0,83.3,36000,33870,28,18000,22.77,15.0,43.5,3.31,38.2,5.36,,,,,,,,,
2024/07/01,02:55:00,21.79,8.09,-62.7,88.2,41980,39420,24,20990,26.99,18.2,48.1,3.57,40.8,5.36,,,,,,,,,
2024/07/01,03:55:00,21.72,8.15,-66.2,90.4,40160,37660,25,20080,25.70,17.2,42.3,3.17,30.4,5.36,,,,,,,,,
2024/07/01,04:55:00,21.71,8.19,-68.3,94.8,43700,40960,23,21850,28.23,19.2,45.2,3.33,34.4,5.36,,,,,,,,,
2024/07/01,05:55:00,21.69,8.22,-70.1,100.2,45370,42520,22,22680,29.44,20.1,53.2,3.89,37.5,5.36,,,,,,,,,
2024/07/01,06:55:00,21.57,8.24,-71.0,97.7,44750,41840,22,22370,28.99,19.8,47.1,3.46,39.5,5.36,,,,,,,,,
2024/07/01,07:55:00,21.44,8.27,-72.7,100.7,46310,43170,22,23150,30.12,20.7,51.4,3.76,44.5,5.36,,,,,,,,,
2024/07/01,08:55:00,21.42,8.20,-68.6,99.7,44250,41240,23,22120,28.63,19.5,40.6,3.00,39.0,5.36,,,,,,,,,
2024/07/01,09:55:00,21.49,8.18,-67.9,103.9,41990,39190,24,20990,27.01,18.3,42.6,3.17,38.3,5.36,,,,,,,,,
2024/07/01,10:55:00,21.34,8.02,-58.9,107.8,39570,36820,25,19780,25.29,17.0,35.3,2.66,38.5,5.35,,,,,,,,,
2024/07/01,11:55:00,21.19,7.88,-50.7,106.9,35180,32640,28,17590,22.21,14.7,33.0,2.54,37.9,5.35,,,,,,,,,
2024/07/01,12:55:00,21.23,7.80,-46.4,109.0,32350,30030,31,16170,20.24,13.2,28.7,2.24,39.4,5.35,,,,,,,,,
2024/07/01,13:55:00,21.36,7.89,-51.6,116.1,34730,32330,29,17360,21.89,14.5,28.6,2.21,41.6,5.35,,,,,,,,,
,,,,,,,,,,,,,,,,,,,,,,,,
,,,,,,,,,,,,,,,,,,,,,,,,
,,,,,,,,,,,,,,,,,,,,,,,,
,,,,,,,,,,,,,,,,,,,,,,,,
,,,,,,,,,,,,,,,,,,,,,,,,
,,,,,,,,,,,,,,,,,,,,,,,,
,,,,,,,,,,,,,,,,,,,,,,,,
,,,,,,,,,,,,,,,,,,,,,,,,
,,,,,,,,,,,,,,,,,,,,,,,,
,,,,,,,,,,,,,,,,,,,,,,,,
,,,,,,,,,,,,,,,,,,,,,,,,
,,,,,,,,,,,,,,,,,,,,,,,,
,,,,,,,,,,,,,,,,,,,,,,,,
,,,,,,,,,,,,,,,,,,,,,More Stats: Across all data (499 observations),,,
,,,,,,,,,,,,,,,,,,,,,,Temperature [°C],D.O. [mg/L],Salinity [PSU]
,,,,,,,,,,,,,,,,,,,,,Average ,21.86,4.79,27.27
,,,,,,,,,,,,,,,,,,,,,Minimum,19.31,2.1,20.1
,,,,,,,,,,,,,,,,,,,,,Maximum ,25.18,8.16,32